<?xml version="1.0" encoding="UTF-8"?>
<!DOCTYPE X3D PUBLIC "ISO//Web3D//DTD X3D 3.1//EN" "http://www.web3d.org/specifications/x3d-3.1.dtd">
<X3D xsd:noNamespaceSchemaLocation="http://www.web3d.org/specifications/x3d-3.1.xsd" version="3.1" profile="Immersive" xmlns:xsd="http://www.w3.org/2001/XMLSchema-instance">
 <head>
  <meta name="title" content="QUEEN_OF_THE_NIGHT.x3d"/>
  <meta name="description" content="Generated from Meshlab X3D Exported"/>
  <meta name="created" content="1 mayo 2025"/>
  <meta name="generator" content="Meshlab X3D Exported, http://meshlab.sourceforge.net"/>
 </head>
 <Scene>
  <Shape>
   <Appearance>
    <ImageTexture url="QUEEN_OF_THE_NIGHT_tex.png"/>
   </Appearance>
   <IndexedFaceSet solid="false" coordIndex="0 1 2 -1 3 1 0 -1 4 1 3 -1 5 6 7 -1 6 5 8 -1 9 10 5 -1 10 9 11 -1 10 12 8 -1 11 12 10 -1 8 5 10 -1 13 14 15 -1 16 13 17 -1 18 13 16 -1 19 20 21 -1 22 23 24 -1 25 22 24 -1 26 22 25 -1 27 24 23 -1 28 26 25 -1 25 29 28 -1 25 30 29 -1 29 30 31 -1 32 33 34 -1 34 33 30 -1 33 31 30 -1 31 33 35 -1 33 32 36 -1 0 2 37 -1 3 38 4 -1 4 38 39 -1 15 39 38 -1 40 39 15 -1 41 42 26 -1 43 26 28 -1 41 26 43 -1 31 43 29 -1 31 44 43 -1 43 45 41 -1 45 43 9 -1 3 0 38 -1 46 0 41 -1 38 0 46 -1 38 46 7 -1 38 13 15 -1 13 38 47 -1 46 41 45 -1 7 46 45 -1 38 7 47 -1 17 47 7 -1 44 31 35 -1 9 43 44 -1 35 48 44 -1 9 44 48 -1 21 9 48 -1 45 9 5 -1 5 7 45 -1 37 2 49 -1 50 51 52 -1 1 4 53 -1 54 15 55 -1 56 24 27 -1 56 25 24 -1 30 25 56 -1 53 4 39 -1 57 50 52 -1 27 30 56 -1 58 54 55 -1 59 52 51 -1 60 7 6 -1 50 61 51 -1 55 15 14 -1 51 61 62 -1 63 52 59 -1 64 62 65 -1 61 65 62 -1 64 66 67 -1 68 18 16 -1 64 67 62 -1 66 69 55 -1 51 62 70 -1 70 62 67 -1 71 66 18 -1 72 66 71 -1 70 67 73 -1 72 73 67 -1 74 70 73 -1 17 60 16 -1 60 17 7 -1 68 75 18 -1 76 73 72 -1 77 73 76 -1 78 77 76 -1 71 18 75 -1 77 79 73 -1 77 78 80 -1 74 73 79 -1 81 74 79 -1 82 79 77 -1 81 79 82 -1 81 82 83 -1 84 85 86 -1 87 88 89 -1 88 87 90 -1 84 86 89 -1 91 87 89 -1 91 89 92 -1 93 90 87 -1 87 94 93 -1 95 93 96 -1 97 96 98 -1 99 94 100 -1 96 93 98 -1 94 99 98 -1 97 98 99 -1 19 96 97 -1 101 102 103 -1 96 19 21 -1 102 23 104 -1 105 104 23 -1 22 105 23 -1 23 102 34 -1 106 19 97 -1 107 34 101 -1 32 34 107 -1 19 106 108 -1 11 21 20 -1 12 11 20 -1 109 22 26 -1 42 109 26 -1 27 23 34 -1 34 30 27 -1 110 8 12 -1 29 43 28 -1 85 32 107 -1 111 20 19 -1 111 12 20 -1 32 85 88 -1 110 12 111 -1 111 19 108 -1 88 85 84 -1 32 88 90 -1 106 97 99 -1 32 90 36 -1 33 95 35 -1 95 33 36 -1 36 93 95 -1 93 36 90 -1 48 35 95 -1 112 113 114 -1 112 114 115 -1 69 58 55 -1 41 37 42 -1 0 37 41 -1 13 47 17 -1 48 95 96 -1 48 96 21 -1 11 9 21 -1 64 65 69 -1 80 82 77 -1 34 102 101 -1 18 14 13 -1 66 14 18 -1 55 14 66 -1 64 69 66 -1 67 66 72 -1 68 16 60 -1 116 52 63 -1 70 117 51 -1 15 54 118 -1 119 57 52 -1 120 119 116 -1 117 59 51 -1 65 61 121 -1 121 61 50 -1 52 116 119 -1 122 123 113 -1 123 122 124 -1 125 120 116 -1 126 124 122 -1 127 124 126 -1 127 128 124 -1 129 116 63 -1 116 129 130 -1 123 124 114 -1 74 117 70 -1 129 117 81 -1 81 117 74 -1 130 129 81 -1 131 130 81 -1 114 124 128 -1 78 76 132 -1 133 78 132 -1 134 82 135 -1 82 134 83 -1 130 136 116 -1 136 130 131 -1 137 136 131 -1 131 138 137 -1 131 81 138 -1 78 133 139 -1 78 140 80 -1 141 142 112 -1 143 141 112 -1 143 112 144 -1 144 112 115 -1 145 143 144 -1 144 115 146 -1 105 147 104 -1 105 22 148 -1 22 109 148 -1 149 148 109 -1 109 42 149 -1 58 69 150 -1 6 151 60 -1 68 60 151 -1 110 6 8 -1 152 6 110 -1 152 151 6 -1 68 151 75 -1 153 71 75 -1 71 153 72 -1 75 154 153 -1 76 153 154 -1 154 132 76 -1 155 92 156 -1 92 155 157 -1 157 158 92 -1 157 155 159 -1 88 84 89 -1 87 91 160 -1 94 87 160 -1 94 98 93 -1 91 92 158 -1 161 91 158 -1 91 161 160 -1 94 160 100 -1 99 100 162 -1 163 99 162 -1 164 99 163 -1 106 99 164 -1 108 106 165 -1 165 106 166 -1 166 106 164 -1 166 167 165 -1 167 166 168 -1 169 108 165 -1 169 165 170 -1 169 171 111 -1 111 108 169 -1 170 165 167 -1 172 169 173 -1 173 169 170 -1 110 174 175 -1 110 175 152 -1 111 176 110 -1 171 176 111 -1 174 110 176 -1 176 171 174 -1 132 154 133 -1 139 133 177 -1 172 178 171 -1 171 169 172 -1 179 172 173 -1 180 181 182 -1 168 180 182 -1 167 168 183 -1 170 167 183 -1 168 182 183 -1 184 183 182 -1 179 113 185 -1 113 179 122 -1 185 113 142 -1 114 113 123 -1 113 112 142 -1 186 119 120 -1 2 1 49 -1 54 58 187 -1 188 120 125 -1 65 121 189 -1 189 69 65 -1 50 190 121 -1 191 192 104 -1 50 57 190 -1 57 119 186 -1 193 37 49 -1 49 1 194 -1 58 150 187 -1 191 104 147 -1 174 195 175 -1 122 196 126 -1 126 197 127 -1 128 127 198 -1 199 200 128 -1 200 114 128 -1 188 125 201 -1 114 200 115 -1 117 129 59 -1 63 59 129 -1 136 125 116 -1 202 125 203 -1 136 204 125 -1 203 125 204 -1 138 81 83 -1 78 139 140 -1 135 80 140 -1 177 205 206 -1 140 139 206 -1 139 177 206 -1 207 135 140 -1 140 206 208 -1 135 207 134 -1 147 105 209 -1 210 134 211 -1 83 134 210 -1 211 134 207 -1 105 148 209 -1 207 140 208 -1 212 207 208 -1 212 208 213 -1 211 207 212 -1 206 205 214 -1 206 215 208 -1 213 208 215 -1 215 206 214 -1 214 216 215 -1 217 215 216 -1 40 218 39 -1 15 118 40 -1 219 213 215 -1 143 214 141 -1 220 151 152 -1 75 151 220 -1 216 214 143 -1 143 221 216 -1 220 154 75 -1 221 222 216 -1 223 160 161 -1 222 221 145 -1 221 143 145 -1 224 158 157 -1 223 161 158 -1 115 200 146 -1 225 158 224 -1 158 225 223 -1 160 162 100 -1 145 144 226 -1 227 145 226 -1 226 144 146 -1 162 160 223 -1 228 162 223 -1 226 229 227 -1 163 162 228 -1 230 163 228 -1 226 146 231 -1 232 231 146 -1 233 234 235 -1 159 236 235 -1 229 226 237 -1 235 157 159 -1 238 235 234 -1 239 235 238 -1 238 234 240 -1 240 241 238 -1 240 242 241 -1 243 242 240 -1 224 157 235 -1 235 239 224 -1 225 224 239 -1 239 244 225 -1 244 239 245 -1 246 225 244 -1 245 247 244 -1 248 223 225 -1 248 225 246 -1 228 223 248 -1 230 228 248 -1 163 230 249 -1 230 248 246 -1 246 244 247 -1 250 246 247 -1 230 246 251 -1 249 230 181 -1 181 230 251 -1 246 250 251 -1 252 242 253 -1 247 245 252 -1 254 242 243 -1 253 242 254 -1 247 255 256 -1 251 250 247 -1 164 163 249 -1 249 180 164 -1 166 164 180 -1 180 168 166 -1 152 175 257 -1 175 195 257 -1 258 174 171 -1 195 174 258 -1 195 258 259 -1 220 152 257 -1 154 220 133 -1 133 220 260 -1 260 220 257 -1 133 260 177 -1 260 257 259 -1 205 177 260 -1 205 260 259 -1 178 258 171 -1 258 178 259 -1 261 178 172 -1 259 178 261 -1 262 259 261 -1 185 262 261 -1 263 214 205 -1 263 141 214 -1 262 141 263 -1 262 142 141 -1 180 249 181 -1 264 181 251 -1 183 265 170 -1 173 170 266 -1 170 265 266 -1 184 266 265 -1 265 183 184 -1 184 196 266 -1 267 181 264 -1 267 264 268 -1 181 267 182 -1 269 267 268 -1 268 256 270 -1 271 184 182 -1 184 271 272 -1 196 184 272 -1 179 261 172 -1 179 185 261 -1 179 173 266 -1 266 122 179 -1 266 196 122 -1 273 274 254 -1 254 274 253 -1 273 275 274 -1 275 273 276 -1 72 153 76 -1 80 135 82 -1 185 142 262 -1 277 120 188 -1 42 37 193 -1 197 272 278 -1 279 277 188 -1 192 191 280 -1 191 147 280 -1 212 213 219 -1 281 282 212 -1 219 215 217 -1 219 283 212 -1 283 219 284 -1 285 83 210 -1 286 285 210 -1 286 210 282 -1 282 211 212 -1 287 282 281 -1 217 216 222 -1 284 219 217 -1 283 284 217 -1 149 42 288 -1 289 53 39 -1 290 217 222 -1 118 218 40 -1 283 217 290 -1 290 291 283 -1 54 187 118 -1 290 222 145 -1 290 145 292 -1 292 145 227 -1 229 292 227 -1 292 293 290 -1 293 291 290 -1 236 233 235 -1 293 292 229 -1 238 241 239 -1 294 283 295 -1 239 241 245 -1 252 241 242 -1 245 241 252 -1 255 247 252 -1 255 252 253 -1 253 296 255 -1 231 237 226 -1 297 298 231 -1 251 247 256 -1 296 299 255 -1 256 255 299 -1 231 300 237 -1 229 301 293 -1 264 251 256 -1 301 229 237 -1 195 259 257 -1 301 237 302 -1 300 231 298 -1 263 259 262 -1 270 256 303 -1 268 264 256 -1 304 305 306 -1 302 237 300 -1 302 300 307 -1 304 308 309 -1 270 305 268 -1 302 307 310 -1 268 305 269 -1 304 269 305 -1 304 311 308 -1 267 271 182 -1 309 308 312 -1 313 309 312 -1 271 267 269 -1 309 271 269 -1 311 304 306 -1 314 308 311 -1 304 309 269 -1 315 311 306 -1 272 271 278 -1 271 309 278 -1 196 272 197 -1 196 197 126 -1 313 127 197 -1 314 311 315 -1 127 313 312 -1 312 308 314 -1 312 314 198 -1 127 312 198 -1 316 198 314 -1 199 128 198 -1 199 317 297 -1 146 200 199 -1 146 199 232 -1 232 199 297 -1 199 198 317 -1 317 318 297 -1 231 232 297 -1 319 297 318 -1 319 298 297 -1 274 296 253 -1 296 274 275 -1 320 296 275 -1 321 189 121 -1 190 321 121 -1 190 322 321 -1 190 57 323 -1 277 186 120 -1 188 201 279 -1 201 324 279 -1 125 202 201 -1 202 324 201 -1 204 137 325 -1 136 137 204 -1 137 326 325 -1 326 137 138 -1 83 285 138 -1 327 138 285 -1 282 210 211 -1 197 278 313 -1 328 277 279 -1 329 209 148 -1 288 42 193 -1 278 309 313 -1 330 285 286 -1 286 282 287 -1 331 286 287 -1 295 283 291 -1 332 329 148 -1 149 332 148 -1 333 149 288 -1 334 291 293 -1 193 49 194 -1 1 53 194 -1 335 293 301 -1 336 218 118 -1 337 150 69 -1 189 337 69 -1 338 294 295 -1 338 295 339 -1 295 334 339 -1 295 291 334 -1 306 305 270 -1 340 338 339 -1 334 293 335 -1 341 334 335 -1 270 303 342 -1 270 342 306 -1 342 343 306 -1 315 306 343 -1 315 316 314 -1 198 316 317 -1 317 316 344 -1 318 317 344 -1 301 345 335 -1 302 345 301 -1 341 335 345 -1 302 346 345 -1 299 296 320 -1 299 303 256 -1 299 320 347 -1 303 299 347 -1 57 186 323 -1 186 277 348 -1 327 326 138 -1 349 326 327 -1 285 330 327 -1 349 325 326 -1 287 281 350 -1 212 283 281 -1 281 283 294 -1 350 281 294 -1 294 351 352 -1 294 338 351 -1 205 259 263 -1 353 346 354 -1 346 302 310 -1 310 354 346 -1 147 209 355 -1 333 332 149 -1 218 289 39 -1 336 118 187 -1 187 150 356 -1 150 337 356 -1 357 330 358 -1 358 330 286 -1 358 286 331 -1 287 359 331 -1 358 331 360 -1 360 331 359 -1 352 359 350 -1 340 351 338 -1 339 361 340 -1 339 334 361 -1 362 351 340 -1 362 340 361 -1 341 363 334 -1 334 363 361 -1 363 364 361 -1 341 345 346 -1 363 341 346 -1 346 353 363 -1 322 365 321 -1 328 279 366 -1 349 327 330 -1 280 147 367 -1 367 147 355 -1 355 209 368 -1 329 368 209 -1 194 53 289 -1 330 357 349 -1 337 189 369 -1 189 321 370 -1 370 321 365 -1 323 322 190 -1 323 186 371 -1 186 348 372 -1 372 371 186 -1 350 359 287 -1 352 350 294 -1 373 280 367 -1 368 329 332 -1 288 374 375 -1 288 193 374 -1 369 189 370 -1 348 277 376 -1 356 337 369 -1 370 365 377 -1 365 322 377 -1 328 366 378 -1 194 374 193 -1 277 328 376 -1 376 328 378 -1 368 379 355 -1 194 289 380 -1 218 381 289 -1 336 381 218 -1 367 382 383 -1 373 367 383 -1 375 333 288 -1 187 356 384 -1 355 382 367 -1 379 368 385 -1 368 332 385 -1 380 374 194 -1 384 356 386 -1 377 322 387 -1 322 323 387 -1 371 387 323 -1 386 356 369 -1 388 369 370 -1 375 389 333 -1 390 380 289 -1 381 390 289 -1 336 187 381 -1 384 381 187 -1 377 387 391 -1 383 382 392 -1 389 375 374 -1 388 370 377 -1 382 355 379 -1 393 385 332 -1 393 333 389 -1 390 394 380 -1 381 395 390 -1 381 384 395 -1 388 386 369 -1 372 387 371 -1 396 348 376 -1 376 378 396 -1 393 332 333 -1 389 374 397 -1 374 380 394 -1 388 377 391 -1 387 372 398 -1 396 372 348 -1 399 396 378 -1 391 387 400 -1 401 394 390 -1 390 395 402 -1 396 398 372 -1 382 379 392 -1 385 392 379 -1 397 374 394 -1 402 401 390 -1 403 402 395 -1 395 384 403 -1 404 405 406 -1 407 408 409 -1 410 411 412 -1 396 399 413 -1 384 386 403 -1 414 408 415 -1 408 414 416 -1 408 416 409 -1 416 414 417 -1 417 418 416 -1 419 416 418 -1 420 419 418 -1 420 421 419 -1 406 422 412 -1 412 422 423 -1 412 423 410 -1 424 406 405 -1 415 425 414 -1 406 424 426 -1 421 420 427 -1 409 428 407 -1 429 385 393 -1 393 389 430 -1 389 397 431 -1 386 388 432 -1 388 391 433 -1 434 415 408 -1 434 408 407 -1 406 426 422 -1 425 417 414 -1 422 435 423 -1 420 418 436 -1 416 419 409 -1 404 406 412 -1 427 420 436 -1 425 415 437 -1 438 421 427 -1 437 415 439 -1 440 432 388 -1 440 388 433 -1 387 398 400 -1 441 415 434 -1 393 430 429 -1 397 394 431 -1 403 386 442 -1 443 426 444 -1 426 443 422 -1 422 443 435 -1 445 410 423 -1 443 446 435 -1 435 447 423 -1 427 448 438 -1 426 424 449 -1 436 448 427 -1 391 400 433 -1 450 400 398 -1 396 413 451 -1 439 415 441 -1 452 417 425 -1 402 403 453 -1 453 403 442 -1 442 386 454 -1 445 423 447 -1 392 385 455 -1 385 429 456 -1 424 405 457 -1 434 407 458 -1 456 455 385 -1 431 430 389 -1 394 459 431 -1 454 386 432 -1 407 428 458 -1 446 443 460 -1 461 410 445 -1 398 396 451 -1 462 451 413 -1 435 463 447 -1 448 436 464 -1 441 465 439 -1 441 434 466 -1 434 458 467 -1 468 425 437 -1 469 425 468 -1 470 417 452 -1 418 417 470 -1 436 418 470 -1 431 471 430 -1 401 459 394 -1 472 402 453 -1 473 474 475 -1 428 467 458 -1 426 449 444 -1 440 433 476 -1 436 477 464 -1 478 463 435 -1 439 468 437 -1 434 467 466 -1 438 448 479 -1 480 421 438 -1 481 459 401 -1 401 402 481 -1 442 454 482 -1 483 474 484 -1 484 474 473 -1 485 449 486 -1 444 449 485 -1 405 487 457 -1 446 478 435 -1 447 463 445 -1 433 400 450 -1 398 451 488 -1 487 489 457 -1 451 462 490 -1 452 425 469 -1 436 470 477 -1 429 430 471 -1 453 442 482 -1 454 432 440 -1 475 474 491 -1 475 492 473 -1 484 473 493 -1 494 493 473 -1 492 495 473 -1 495 492 496 -1 473 495 494 -1 495 496 497 -1 449 424 486 -1 424 457 486 -1 450 398 488 -1 446 460 498 -1 433 450 499 -1 499 450 488 -1 500 501 502 -1 500 502 503 -1 456 504 455 -1 504 456 505 -1 506 507 441 -1 466 506 441 -1 479 448 464 -1 479 480 438 -1 471 456 429 -1 471 431 459 -1 472 481 402 -1 492 475 491 -1 494 495 508 -1 496 492 509 -1 510 496 509 -1 497 496 510 -1 497 508 495 -1 443 444 511 -1 478 446 512 -1 513 502 501 -1 513 501 514 -1 500 503 515 -1 516 515 503 -1 502 517 503 -1 451 490 518 -1 519 513 514 -1 520 505 456 -1 504 505 521 -1 456 471 520 -1 522 520 471 -1 471 459 522 -1 481 522 459 -1 472 523 481 -1 472 453 524 -1 453 482 524 -1 491 474 483 -1 468 439 465 -1 494 508 525 -1 507 465 441 -1 506 466 526 -1 467 526 466 -1 469 468 527 -1 452 528 470 -1 444 485 511 -1 529 489 487 -1 460 511 498 -1 511 460 443 -1 446 498 512 -1 445 463 530 -1 531 484 493 -1 457 489 532 -1 476 433 499 -1 533 505 520 -1 501 500 534 -1 521 505 533 -1 516 503 517 -1 535 536 537 -1 538 535 537 -1 488 451 539 -1 518 539 451 -1 518 490 540 -1 519 541 513 -1 542 533 520 -1 520 522 542 -1 523 472 543 -1 524 543 472 -1 533 544 521 -1 545 546 544 -1 544 546 537 -1 483 547 546 -1 483 546 545 -1 491 483 545 -1 548 492 491 -1 509 492 548 -1 547 483 484 -1 549 547 484 -1 550 497 510 -1 550 508 497 -1 526 467 551 -1 528 452 469 -1 477 470 528 -1 464 477 552 -1 479 553 480 -1 486 554 485 -1 486 457 532 -1 555 532 489 -1 489 529 556 -1 440 476 557 -1 476 499 557 -1 558 499 488 -1 558 488 539 -1 500 559 534 -1 537 546 560 -1 561 562 563 -1 500 515 559 -1 562 515 564 -1 564 515 516 -1 523 522 481 -1 565 522 523 -1 562 564 563 -1 541 517 502 -1 543 524 566 -1 482 567 524 -1 482 454 568 -1 501 569 514 -1 570 482 568 -1 514 569 571 -1 519 514 571 -1 542 522 565 -1 518 540 572 -1 536 544 537 -1 548 491 573 -1 548 574 509 -1 546 547 549 -1 549 560 546 -1 549 484 575 -1 493 494 525 -1 566 524 567 -1 576 509 574 -1 509 576 510 -1 577 510 576 -1 578 561 579 -1 579 561 563 -1 580 581 582 -1 511 485 554 -1 486 532 554 -1 553 479 464 -1 583 498 511 -1 512 584 478 -1 585 580 586 -1 580 585 581 -1 584 587 478 -1 587 463 478 -1 513 541 502 -1 535 521 536 -1 521 544 536 -1 533 542 544 -1 545 544 542 -1 575 484 531 -1 531 493 588 -1 589 590 591 -1 592 590 589 -1 591 593 594 -1 523 543 565 -1 570 567 482 -1 440 568 454 -1 545 573 491 -1 592 595 590 -1 565 543 566 -1 593 590 596 -1 591 590 593 -1 557 568 440 -1 548 573 597 -1 499 598 557 -1 594 593 599 -1 558 598 499 -1 597 600 574 -1 601 574 600 -1 597 574 548 -1 598 558 602 -1 603 588 493 -1 602 558 604 -1 603 493 525 -1 558 539 604 -1 604 539 605 -1 576 574 601 -1 534 604 501 -1 516 517 564 -1 539 572 605 -1 518 572 539 -1 569 501 604 -1 604 605 569 -1 605 572 571 -1 571 569 605 -1 554 583 511 -1 606 498 583 -1 607 581 585 -1 463 587 608 -1 586 580 609 -1 582 609 580 -1 592 609 582 -1 468 465 610 -1 507 506 611 -1 611 506 612 -1 582 581 613 -1 592 582 595 -1 614 528 615 -1 614 477 528 -1 477 614 552 -1 616 480 553 -1 555 489 556 -1 512 498 617 -1 618 592 589 -1 618 589 591 -1 594 619 591 -1 620 597 573 -1 566 620 565 -1 600 620 566 -1 620 600 597 -1 621 603 525 -1 508 621 525 -1 622 601 600 -1 600 566 622 -1 595 623 590 -1 601 622 576 -1 576 622 577 -1 622 624 577 -1 577 625 510 -1 593 596 626 -1 627 624 567 -1 567 570 627 -1 557 598 568 -1 627 570 628 -1 570 568 628 -1 568 629 628 -1 534 559 630 -1 631 561 578 -1 604 534 602 -1 561 631 562 -1 559 515 562 -1 564 517 632 -1 632 633 564 -1 634 583 554 -1 532 634 554 -1 581 607 635 -1 613 581 635 -1 468 610 527 -1 608 636 463 -1 582 637 595 -1 638 609 592 -1 612 506 526 -1 639 469 527 -1 629 568 598 -1 630 629 602 -1 598 602 629 -1 534 630 602 -1 517 541 640 -1 545 565 573 -1 542 565 545 -1 560 549 641 -1 575 641 549 -1 641 575 642 -1 531 643 575 -1 531 588 643 -1 622 566 567 -1 567 624 622 -1 639 528 469 -1 615 528 639 -1 551 644 645 -1 626 599 593 -1 636 530 463 -1 596 590 623 -1 592 618 638 -1 573 565 620 -1 508 646 621 -1 624 625 577 -1 647 625 624 -1 629 630 628 -1 625 550 510 -1 559 648 630 -1 579 563 649 -1 650 632 517 -1 632 650 651 -1 652 588 603 -1 653 654 583 -1 527 610 655 -1 555 656 532 -1 613 637 582 -1 617 498 606 -1 612 526 645 -1 526 551 645 -1 585 586 657 -1 658 659 645 -1 658 645 644 -1 627 660 624 -1 647 624 660 -1 660 627 661 -1 627 628 661 -1 550 646 508 -1 662 660 578 -1 578 663 662 -1 578 660 631 -1 648 628 630 -1 663 578 579 -1 562 631 648 -1 664 665 643 -1 664 588 652 -1 666 665 664 -1 666 654 653 -1 655 667 527 -1 606 583 654 -1 607 668 669 -1 635 607 669 -1 670 634 671 -1 672 465 507 -1 671 656 673 -1 611 612 674 -1 587 584 675 -1 659 612 645 -1 674 612 659 -1 607 585 668 -1 637 623 595 -1 676 596 623 -1 619 618 591 -1 665 677 642 -1 642 575 665 -1 643 665 575 -1 640 650 517 -1 640 678 650 -1 588 664 643 -1 632 651 633 -1 633 651 679 -1 665 680 677 -1 681 678 640 -1 666 680 665 -1 680 666 682 -1 682 666 653 -1 670 671 673 -1 670 653 634 -1 653 583 634 -1 656 671 532 -1 634 532 671 -1 667 639 527 -1 586 638 683 -1 609 638 586 -1 659 684 685 -1 628 648 661 -1 648 631 661 -1 648 559 562 -1 647 660 662 -1 631 660 661 -1 651 650 686 -1 663 579 687 -1 686 679 651 -1 621 652 603 -1 652 621 688 -1 664 652 689 -1 667 655 690 -1 666 664 689 -1 654 666 689 -1 606 654 691 -1 672 610 465 -1 613 692 637 -1 693 637 692 -1 694 555 556 -1 693 674 659 -1 512 617 695 -1 685 693 659 -1 637 693 685 -1 675 696 587 -1 586 696 657 -1 608 587 696 -1 696 683 697 -1 663 698 662 -1 699 700 697 -1 579 649 687 -1 701 621 702 -1 654 689 703 -1 617 606 691 -1 584 512 695 -1 657 696 704 -1 705 585 657 -1 668 585 705 -1 639 667 706 -1 615 639 707 -1 708 615 707 -1 635 692 613 -1 709 693 692 -1 693 709 674 -1 710 655 610 -1 637 685 623 -1 623 685 676 -1 697 636 608 -1 685 684 676 -1 684 659 658 -1 699 697 683 -1 699 683 638 -1 638 618 699 -1 596 676 626 -1 619 699 618 -1 676 684 711 -1 684 658 712 -1 676 711 626 -1 711 684 712 -1 680 682 670 -1 653 670 682 -1 683 696 586 -1 608 696 697 -1 650 678 713 -1 713 678 681 -1 649 633 714 -1 646 702 621 -1 715 647 698 -1 716 714 633 -1 655 710 690 -1 689 652 688 -1 686 650 713 -1 686 713 717 -1 718 686 719 -1 654 703 691 -1 686 717 719 -1 706 667 690 -1 610 720 710 -1 672 720 610 -1 611 674 721 -1 507 611 672 -1 675 704 696 -1 662 698 647 -1 722 649 714 -1 688 621 701 -1 723 714 716 -1 689 688 724 -1 724 703 689 -1 716 725 723 -1 679 725 716 -1 722 687 649 -1 690 710 726 -1 727 718 719 -1 584 695 675 -1 728 675 729 -1 706 730 719 -1 719 717 706 -1 731 706 717 -1 704 675 728 -1 730 706 690 -1 706 731 707 -1 669 668 732 -1 709 692 733 -1 709 734 674 -1 674 734 721 -1 672 611 721 -1 550 715 646 -1 647 715 625 -1 679 716 633 -1 727 679 718 -1 718 679 686 -1 707 639 706 -1 725 727 735 -1 702 646 736 -1 698 663 687 -1 722 714 737 -1 691 703 738 -1 739 691 738 -1 617 691 739 -1 740 737 714 -1 723 740 714 -1 675 695 729 -1 727 725 679 -1 704 705 657 -1 727 719 741 -1 726 710 742 -1 742 710 720 -1 741 719 730 -1 730 690 726 -1 732 743 669 -1 635 669 744 -1 692 635 744 -1 733 692 744 -1 725 735 745 -1 723 746 740 -1 741 747 727 -1 695 617 748 -1 668 749 732 -1 743 750 669 -1 749 668 705 -1 669 750 744 -1 733 751 709 -1 751 734 709 -1 734 752 721 -1 721 752 672 -1 672 752 720 -1 646 715 736 -1 727 753 735 -1 754 722 755 -1 737 755 722 -1 748 729 695 -1 756 729 748 -1 753 727 757 -1 729 758 728 -1 757 727 747 -1 704 728 759 -1 760 734 751 -1 752 734 760 -1 761 762 755 -1 736 763 702 -1 763 736 764 -1 715 698 764 -1 698 687 765 -1 687 722 754 -1 765 687 754 -1 755 737 766 -1 724 701 767 -1 768 724 767 -1 766 737 769 -1 703 724 738 -1 740 769 737 -1 769 740 770 -1 617 739 748 -1 771 772 773 -1 756 772 758 -1 732 774 743 -1 757 760 753 -1 760 757 752 -1 756 758 729 -1 742 720 752 -1 775 730 726 -1 758 759 728 -1 749 704 776 -1 777 744 750 -1 776 704 759 -1 751 733 778 -1 777 778 733 -1 777 733 744 -1 704 749 705 -1 736 715 764 -1 688 701 724 -1 761 779 762 -1 755 766 761 -1 770 740 746 -1 746 723 780 -1 773 768 771 -1 723 725 781 -1 771 768 782 -1 781 725 745 -1 741 775 747 -1 773 772 756 -1 772 783 758 -1 753 784 735 -1 785 747 775 -1 786 753 760 -1 742 752 757 -1 758 783 759 -1 750 743 777 -1 776 787 749 -1 751 778 788 -1 761 766 789 -1 790 779 761 -1 698 765 764 -1 768 767 782 -1 791 754 762 -1 762 754 755 -1 766 769 789 -1 792 724 768 -1 738 724 792 -1 792 756 748 -1 745 735 784 -1 756 792 773 -1 772 771 783 -1 793 746 780 -1 793 794 746 -1 794 793 778 -1 790 795 779 -1 795 776 796 -1 776 759 796 -1 787 776 795 -1 794 778 777 -1 778 793 788 -1 757 747 785 -1 786 760 788 -1 788 760 751 -1 757 785 742 -1 741 730 775 -1 702 763 701 -1 763 767 701 -1 797 763 764 -1 767 763 797 -1 791 782 767 -1 780 723 781 -1 765 797 764 -1 754 791 797 -1 754 797 765 -1 774 732 798 -1 777 743 774 -1 784 753 786 -1 773 792 768 -1 783 771 799 -1 739 738 792 -1 748 739 792 -1 785 726 742 -1 779 795 796 -1 789 800 761 -1 790 761 800 -1 795 790 798 -1 796 759 783 -1 787 795 798 -1 798 732 787 -1 749 787 732 -1 801 782 791 -1 781 745 784 -1 777 802 794 -1 771 782 799 -1 746 794 802 -1 762 779 803 -1 793 784 788 -1 784 786 788 -1 800 798 790 -1 797 791 767 -1 791 762 803 -1 789 769 804 -1 799 782 801 -1 799 796 783 -1 803 779 796 -1 800 804 774 -1 798 800 774 -1 770 804 769 -1 802 804 770 -1 770 746 802 -1 774 804 802 -1 802 777 774 -1 780 781 793 -1 784 793 781 -1 775 726 785 -1 803 801 791 -1 803 796 801 -1 800 789 804 -1 801 796 799 -1 564 633 649 -1 564 649 563 -1 550 625 715 -1 805 806 807 -1 808 805 807 -1 807 809 808 -1 810 808 809 -1 811 812 813 -1 814 811 813 -1 814 815 811 -1 814 816 817 -1 815 814 818 -1 814 819 818 -1 819 814 817 -1 806 812 807 -1 812 811 809 -1 811 815 809 -1 812 809 807 -1 816 814 813 -1 820 821 822 -1 821 823 824 -1 823 825 824 -1 826 817 827 -1 828 829 830 -1 828 830 820 -1 831 828 820 -1 832 833 834 -1 835 832 834 -1 836 837 806 -1 838 809 815 -1 838 815 818 -1 839 840 841 -1 840 842 841 -1 843 844 845 -1 843 846 844 -1 847 848 849 -1 828 831 850 -1 834 850 831 -1 847 849 851 -1 852 853 854 -1 848 847 855 -1 856 855 847 -1 857 855 856 -1 858 845 859 -1 810 838 860 -1 861 846 810 -1 861 810 860 -1 862 863 849 -1 863 851 849 -1 864 865 866 -1 867 865 864 -1 864 866 868 -1 868 866 869 -1 870 864 868 -1 870 868 869 -1 870 871 872 -1 873 874 875 -1 874 876 875 -1 877 878 879 -1 880 859 845 -1 881 882 883 -1 882 884 883 -1 885 886 855 -1 855 886 848 -1 880 845 844 -1 887 888 889 -1 890 844 846 -1 891 892 893 -1 855 857 885 -1 894 885 857 -1 895 896 897 -1 895 898 896 -1 876 899 877 -1 899 878 877 -1 899 900 878 -1 899 876 901 -1 899 901 836 -1 854 901 852 -1 852 902 842 -1 836 901 854 -1 816 827 817 -1 903 904 905 -1 903 906 904 -1 907 880 908 -1 909 910 885 -1 910 886 885 -1 865 867 911 -1 912 871 869 -1 871 870 869 -1 871 912 913 -1 914 871 915 -1 908 880 844 -1 870 916 917 -1 890 846 862 -1 872 916 870 -1 916 872 918 -1 919 810 843 -1 843 810 846 -1 916 918 920 -1 872 871 914 -1 862 846 861 -1 921 872 914 -1 918 872 921 -1 862 849 890 -1 922 918 921 -1 856 847 923 -1 856 923 857 -1 923 924 857 -1 923 847 851 -1 873 875 925 -1 838 818 860 -1 861 863 862 -1 873 918 922 -1 922 874 873 -1 926 874 922 -1 927 875 879 -1 879 875 877 -1 876 877 875 -1 878 900 881 -1 927 879 928 -1 879 878 881 -1 881 883 879 -1 929 879 883 -1 930 883 884 -1 884 859 930 -1 930 859 880 -1 887 931 932 -1 933 931 887 -1 934 935 932 -1 935 934 936 -1 888 932 935 -1 888 887 932 -1 935 937 888 -1 937 935 936 -1 887 938 933 -1 913 915 871 -1 915 913 939 -1 939 933 938 -1 915 939 938 -1 938 940 915 -1 938 887 889 -1 889 888 897 -1 897 888 937 -1 938 889 941 -1 941 889 897 -1 897 896 941 -1 891 893 942 -1 914 943 921 -1 915 940 944 -1 914 915 943 -1 943 915 944 -1 921 943 945 -1 926 922 921 -1 926 921 945 -1 926 945 946 -1 946 945 943 -1 902 926 946 -1 943 944 947 -1 947 944 891 -1 947 891 948 -1 949 943 947 -1 947 839 949 -1 946 943 949 -1 946 949 841 -1 902 946 841 -1 841 949 839 -1 902 841 842 -1 897 937 895 -1 896 950 941 -1 893 941 950 -1 942 893 950 -1 950 896 898 -1 942 950 898 -1 942 951 948 -1 898 951 942 -1 948 891 942 -1 948 839 947 -1 948 829 839 -1 829 952 839 -1 840 839 952 -1 952 833 840 -1 833 952 850 -1 842 840 833 -1 951 829 948 -1 829 828 952 -1 850 952 828 -1 926 876 874 -1 901 876 926 -1 901 926 902 -1 836 900 899 -1 836 953 900 -1 902 852 901 -1 836 806 953 -1 881 900 954 -1 881 954 882 -1 955 882 954 -1 900 953 954 -1 955 954 805 -1 884 882 955 -1 858 859 884 -1 858 955 805 -1 884 955 858 -1 805 954 953 -1 805 953 806 -1 858 805 808 -1 919 843 858 -1 845 858 843 -1 919 858 808 -1 919 808 810 -1 853 852 842 -1 832 853 842 -1 832 842 833 -1 833 850 834 -1 832 835 853 -1 837 854 853 -1 836 854 837 -1 837 812 806 -1 835 956 853 -1 853 956 837 -1 835 957 956 -1 812 837 956 -1 812 956 813 -1 957 835 834 -1 831 822 834 -1 834 958 957 -1 822 958 834 -1 957 959 956 -1 813 956 959 -1 958 959 957 -1 827 816 959 -1 809 838 810 -1 813 959 816 -1 822 831 820 -1 958 822 821 -1 824 958 821 -1 958 826 827 -1 826 958 824 -1 826 824 825 -1 960 961 962 -1 963 964 962 -1 965 966 967 -1 968 969 970 -1 971 972 973 -1 970 973 972 -1 968 970 972 -1 974 975 966 -1 967 966 976 -1 977 976 966 -1 972 971 911 -1 968 972 911 -1 976 971 967 -1 971 976 865 -1 969 968 978 -1 968 979 978 -1 978 979 980 -1 981 982 983 -1 867 984 979 -1 976 977 985 -1 866 865 976 -1 913 912 986 -1 864 987 867 -1 984 867 987 -1 987 864 870 -1 917 984 987 -1 917 920 984 -1 988 984 920 -1 961 983 962 -1 989 962 983 -1 990 991 992 -1 993 928 994 -1 995 988 996 -1 925 995 996 -1 997 998 999 -1 996 918 873 -1 1000 1001 974 -1 965 974 966 -1 995 925 992 -1 998 1002 999 -1 1003 999 1002 -1 1004 928 929 -1 1003 1005 1006 -1 1007 1005 1003 -1 1008 1009 1010 -1 1011 1012 1013 -1 1014 932 931 -1 1015 1012 931 -1 932 1014 1016 -1 1017 1018 1019 -1 1018 1017 1015 -1 1015 1017 1012 -1 1014 931 1012 -1 913 986 939 -1 941 892 938 -1 940 938 892 -1 893 892 941 -1 940 892 944 -1 892 891 944 -1 1020 1021 1022 -1 1023 905 1024 -1 903 1023 1025 -1 1026 1027 1028 -1 1029 908 844 -1 890 1029 844 -1 908 1029 1030 -1 848 886 1029 -1 848 1029 849 -1 1031 1032 964 -1 1033 964 963 -1 1034 1033 963 -1 1034 963 1035 -1 1036 963 1037 -1 971 973 967 -1 973 965 967 -1 1038 969 978 -1 1015 1039 1018 -1 1036 1037 1040 -1 1041 1036 1042 -1 1042 1043 1041 -1 1044 1045 1021 -1 1044 1043 1046 -1 1044 1046 1045 -1 928 1004 994 -1 930 1047 1004 -1 1048 1049 1050 -1 1050 1051 1048 -1 1051 1050 1052 -1 1053 1054 1055 -1 1022 1021 1045 -1 1056 1055 1054 -1 1056 1054 1057 -1 1053 1058 1054 -1 1057 1054 1058 -1 1028 1027 1059 -1 1060 1061 1062 -1 1063 1060 1062 -1 1064 1063 1062 -1 1060 1065 1066 -1 1065 1060 1063 -1 1067 1063 1064 -1 1068 1065 1069 -1 1069 1065 1067 -1 1070 1071 1072 -1 1067 1064 1073 -1 1074 1072 1071 -1 1072 1074 1075 -1 1072 1076 1077 -1 997 1077 1076 -1 1078 1070 1079 -1 1079 1070 1077 -1 1080 1070 1078 -1 1078 1081 1080 -1 1008 977 975 -1 966 975 977 -1 1002 1082 1003 -1 1003 1082 1007 -1 1005 1007 1083 -1 1011 1083 1049 -1 1084 1085 1086 -1 1087 1084 1088 -1 1087 1089 1090 -1 1091 1092 1093 -1 970 1091 1093 -1 1094 1095 1032 -1 1096 1032 1095 -1 1097 1098 1096 -1 1098 961 1096 -1 1099 1100 1101 -1 1063 1067 1065 -1 1080 1102 1070 -1 1070 1102 1071 -1 1073 1064 1102 -1 1067 1073 1069 -1 1073 1103 1069 -1 1073 1102 1080 -1 1080 1104 1073 -1 1104 1103 1073 -1 1072 1077 1070 -1 1081 1001 1080 -1 1077 997 1079 -1 1079 997 1078 -1 1080 1000 1104 -1 1080 1001 1000 -1 1001 1081 1105 -1 974 1001 1105 -1 974 965 1000 -1 1078 997 1105 -1 1106 1105 997 -1 1081 1078 1105 -1 1106 997 999 -1 975 1105 1106 -1 975 974 1105 -1 999 1003 1006 -1 1011 1006 1005 -1 1083 1011 1005 -1 999 1006 1106 -1 1006 1013 1106 -1 1106 1013 1009 -1 1011 1013 1006 -1 1106 1009 975 -1 1008 975 1009 -1 1010 985 1008 -1 977 1008 985 -1 1019 985 1010 -1 1013 1012 1009 -1 1012 1017 1009 -1 1009 1017 1010 -1 1017 1019 1010 -1 1014 1012 1011 -1 1045 1024 1022 -1 1024 905 1022 -1 1101 1084 1099 -1 1086 1099 1084 -1 1023 903 905 -1 1107 1024 1045 -1 1088 1101 1068 -1 1101 1088 1084 -1 1023 1024 1025 -1 1084 1087 1085 -1 1086 1085 1108 -1 1085 1109 1110 -1 1025 1024 1059 -1 903 1025 906 -1 1059 1027 1025 -1 1109 1085 1087 -1 906 1025 1027 -1 1111 1109 1087 -1 1027 1112 906 -1 906 1112 904 -1 1059 1024 1107 -1 1047 1059 1107 -1 1094 1113 1114 -1 1059 1047 1115 -1 1059 1115 1116 -1 1117 1113 1094 -1 1116 1028 1059 -1 1116 1115 880 -1 1088 1089 1087 -1 1068 1069 1088 -1 1069 1089 1088 -1 907 1116 880 -1 1069 1092 1089 -1 1116 907 1028 -1 1026 1028 907 -1 1026 907 1030 -1 910 1026 1030 -1 1030 886 910 -1 1112 1027 1026 -1 1087 1090 1118 -1 1026 910 1112 -1 1090 1119 1118 -1 1092 1069 1103 -1 1092 1091 1089 -1 1092 1103 1104 -1 1092 1104 1093 -1 1090 1089 1091 -1 908 1030 907 -1 886 1030 1029 -1 970 969 1091 -1 1111 1118 1120 -1 1087 1118 1111 -1 1114 1118 1119 -1 849 1029 890 -1 1119 1090 1091 -1 1119 1091 969 -1 1038 1119 969 -1 961 1098 981 -1 960 1032 1096 -1 964 1032 960 -1 961 960 1096 -1 960 962 964 -1 1033 1031 964 -1 1037 963 962 -1 1035 1121 1034 -1 1035 963 1036 -1 1035 1122 1121 -1 1036 1041 1035 -1 1122 1035 1041 -1 1021 1020 1122 -1 1093 1104 1000 -1 1000 965 1093 -1 973 1093 965 -1 970 1093 973 -1 911 971 865 -1 968 911 979 -1 1097 1038 981 -1 981 1038 978 -1 981 983 961 -1 978 982 981 -1 982 978 980 -1 979 911 867 -1 980 979 984 -1 980 1123 982 -1 1123 991 982 -1 991 1123 1124 -1 980 984 1123 -1 1124 1123 984 -1 984 988 1124 -1 1019 976 985 -1 976 1019 1125 -1 866 976 1125 -1 1125 869 866 -1 1125 1019 912 -1 912 1019 1018 -1 1039 1015 931 -1 1039 931 933 -1 1039 986 1018 -1 912 1018 986 -1 1125 912 869 -1 917 987 870 -1 920 917 916 -1 996 988 920 -1 920 918 996 -1 983 982 991 -1 989 983 991 -1 1037 962 1040 -1 962 989 1040 -1 991 990 989 -1 988 995 1124 -1 992 991 1124 -1 1124 995 992 -1 1040 989 990 -1 1126 1040 990 -1 992 1127 990 -1 1040 1126 1036 -1 1042 1036 1126 -1 993 1042 1126 -1 1043 1042 993 -1 1021 1122 1041 -1 1021 1041 1044 -1 1044 1041 1043 -1 993 1126 990 -1 1043 993 994 -1 1127 993 990 -1 1127 928 993 -1 1046 1043 994 -1 1045 1046 1107 -1 994 1047 1046 -1 1107 1046 1047 -1 873 925 996 -1 1127 992 925 -1 1127 925 927 -1 927 925 875 -1 1127 927 928 -1 929 928 879 -1 994 1004 1047 -1 930 1004 929 -1 1115 1047 930 -1 930 929 883 -1 1115 930 880 -1 1051 1128 1048 -1 1011 1049 1048 -1 1129 1011 1048 -1 1129 1048 1128 -1 1011 1129 1014 -1 1014 1129 1016 -1 1016 1129 1128 -1 1016 1128 934 -1 932 1016 934 -1 934 1128 1130 -1 934 1130 936 -1 986 1039 933 -1 933 939 986 -1 958 827 959 -1 1062 1131 1064 -1 1132 1056 1057 -1 1064 1132 1102 -1 1102 1132 1071 -1 1076 1072 1075 -1 997 1076 998 -1 1002 998 1133 -1 1134 1083 1007 -1 1110 1086 1108 -1 1108 1085 1110 -1 1096 1095 1097 -1 1134 1049 1083 -1 1060 1135 1136 -1 1101 1100 1137 -1 1138 1055 1056 -1 1139 1138 1056 -1 1057 1058 1140 -1 1132 1057 1140 -1 1071 1132 1140 -1 1071 1140 1074 -1 1136 1139 1061 -1 1136 1061 1060 -1 1056 1141 1139 -1 1141 1056 1132 -1 1141 1132 1131 -1 1132 1064 1131 -1 1131 1062 1061 -1 1142 1082 1002 -1 1007 1082 1143 -1 1050 1049 1144 -1 1135 1137 1100 -1 1137 1135 1060 -1 1066 1137 1060 -1 1139 1141 1061 -1 1061 1141 1131 -1 1068 1101 1137 -1 1066 1065 1137 -1 1137 1065 1068 -1 1111 1120 1113 -1 1113 1120 1114 -1 1114 1120 1118 -1 1095 1094 1114 -1 1095 1114 1097 -1 1119 1097 1114 -1 1038 1097 1119 -1 1098 1097 981 -1 1058 1053 1145 -1 1140 1146 1074 -1 1075 1147 1076 -1 1133 998 1148 -1 1142 1002 1133 -1 1082 1142 1143 -1 1149 1134 1007 -1 1150 1049 1134 -1 1151 1058 1145 -1 1058 1151 1140 -1 998 1076 1147 -1 1149 1007 1143 -1 1144 1052 1050 -1 1144 1049 1150 -1 1075 1074 1152 -1 1148 998 1147 -1 1153 1143 1142 -1 1134 1149 1154 -1 1140 1151 1146 -1 1133 1148 1155 -1 1156 1133 1155 -1 1156 1153 1142 -1 1150 1134 1157 -1 1158 1152 1146 -1 1074 1146 1152 -1 1159 1075 1160 -1 1147 1075 1159 -1 1142 1133 1156 -1 1134 1154 1157 -1 1144 1150 1157 -1 1075 1152 1161 -1 1075 1161 1160 -1 1155 1148 1147 -1 1149 1143 1162 -1 1144 1157 1163 -1 1164 1144 1163 -1 1158 1146 1165 -1 1166 1147 1159 -1 1152 1158 1161 -1 1155 1147 1166 -1 1167 1156 1168 -1 1153 1156 1167 -1 1162 1143 1153 -1 1154 1149 1162 -1 1151 1165 1146 -1 1165 1161 1158 -1 1156 1155 1169 -1 1168 1156 1169 -1 1162 1153 1167 -1 1154 1162 1170 -1 1154 1170 1157 -1 1171 1166 1159 -1 1163 1157 1170 -1 1161 1165 1172 -1 1155 1166 1169 -1 1173 1163 1170 -1 1172 1160 1161 -1 1174 1175 1160 -1 1171 1159 1175 -1 1169 1176 1168 -1 1167 1177 1162 -1 1170 1162 1177 -1 1163 1173 1178 -1 1163 1178 1164 -1 1172 1174 1160 -1 1159 1160 1175 -1 1176 1179 1168 -1 1168 1179 1167 -1 1173 1170 1180 -1 1172 1165 1181 -1 1169 1166 1182 -1 1181 1165 1183 -1 1166 1171 1182 -1 1167 1179 1184 -1 1184 1177 1167 -1 1170 1177 1180 -1 1173 1180 1178 -1 1171 1175 1185 -1 1181 1183 1186 -1 1181 1187 1172 -1 1174 1172 1187 -1 1187 1188 1174 -1 1175 1174 1188 -1 1185 1175 1188 -1 1176 1169 1182 -1 1179 1176 1189 -1 1180 1177 1190 -1 1187 1181 1191 -1 1192 1184 1179 -1 1177 1184 1192 -1 1192 1190 1177 -1 1193 1180 1190 -1 1178 1180 1193 -1 1188 1187 1194 -1 1185 1188 1194 -1 1191 1181 1186 -1 1187 1191 1195 -1 1195 1194 1187 -1 1171 1185 1196 -1 1182 1171 1196 -1 1176 1182 1196 -1 1189 1192 1179 -1 1197 1186 1198 -1 1197 1191 1186 -1 1195 1191 1197 -1 1199 1200 1201 -1 1202 1185 1194 -1 1196 1185 1202 -1 1176 1196 1203 -1 1204 1201 1205 -1 1201 1204 1206 -1 1192 1189 1207 -1 1208 1204 1209 -1 1201 1210 1199 -1 1195 1202 1194 -1 1199 1210 1211 -1 1204 1212 1206 -1 1212 1204 1208 -1 1189 1176 1203 -1 1192 1207 1213 -1 1197 1211 1214 -1 1197 1215 1211 -1 1214 1195 1197 -1 1195 1214 1202 -1 1202 1214 1216 -1 1217 1202 1216 -1 1196 1202 1217 -1 1196 1217 1203 -1 1189 1203 1207 -1 1218 1192 1213 -1 1190 1192 1218 -1 1207 1203 1219 -1 1215 1197 1198 -1 1211 1216 1214 -1 1215 1199 1211 -1 1211 1210 1216 -1 1220 1216 1210 -1 1220 1210 1206 -1 1210 1201 1206 -1 1217 1216 1220 -1 1217 1220 1221 -1 1220 1206 1212 -1 1221 1220 1212 -1 1219 1203 1221 -1 1212 1219 1221 -1 1219 1212 1222 -1 1222 1212 1208 -1 1223 1213 1207 -1 1218 1213 1223 -1 1218 1223 1224 -1 1223 1219 1224 -1 1217 1221 1203 -1 1223 1207 1219 -1 1225 1226 1227 -1 1228 1229 1230 -1 1225 1227 1231 -1 1225 1231 1232 -1 1233 1234 1235 -1 1235 1236 1233 -1 1237 1229 1228 -1 1231 1227 1238 -1 1239 1240 1241 -1 1242 1235 1226 -1 1243 1244 1245 -1 1246 1247 1241 -1 1241 1247 1239 -1 1248 1240 1239 -1 1226 1225 1242 -1 1242 1249 1236 -1 1230 1250 1228 -1 1251 1250 1252 -1 1252 1250 1230 -1 1253 1254 1255 -1 1255 1234 1253 -1 1234 1255 1256 -1 1226 1234 1256 -1 1227 1226 1257 -1 1258 1253 1233 -1 1233 1253 1234 -1 1258 1259 1260 -1 1258 1233 1259 -1 1259 1261 1260 -1 1233 1262 1259 -1 1261 1259 1262 -1 1262 1245 1261 -1 1234 1226 1235 -1 1233 1236 1262 -1 1235 1242 1236 -1 1243 1262 1236 -1 1245 1262 1243 -1 1243 1236 1249 -1 1260 1261 1245 -1 1242 1225 1249 -1 1249 1225 1263 -1 1263 1225 1232 -1 1232 1231 1264 -1 1244 1243 1265 -1 1266 1249 1263 -1 1243 1249 1266 -1 1265 1243 1266 -1 1267 1265 1266 -1 1268 1244 1265 -1 1263 1269 1266 -1 1240 1248 1270 -1 1238 1227 1271 -1 1240 1270 1272 -1 1241 1240 1273 -1 1248 1239 1274 -1 1271 1227 1257 -1 1239 1247 1246 -1 1228 1250 1275 -1 1251 1275 1250 -1 1251 1276 1277 -1 1251 1252 1276 -1 1229 1237 1278 -1 1278 1279 1254 -1 1229 1280 1230 -1 1254 1253 1229 -1 1253 1280 1229 -1 1252 1230 1280 -1 1281 1252 1280 -1 1229 1278 1254 -1 1258 1260 1282 -1 1255 1254 1279 -1 1256 1255 1279 -1 1226 1256 1257 -1 1276 1252 1282 -1 1283 1276 1284 -1 1276 1285 1284 -1 1282 1285 1276 -1 1282 1252 1281 -1 1286 1282 1260 -1 1287 1260 1245 -1 1287 1245 1244 -1 1288 1287 1244 -1 1288 1244 1268 -1 1289 1287 1288 -1 1290 1238 1271 -1 1271 1291 1290 -1 1238 1290 1231 -1 1264 1231 1290 -1 1269 1232 1264 -1 1263 1232 1269 -1 1292 1293 1290 -1 1293 1264 1290 -1 1294 1269 1264 -1 1269 1294 1295 -1 1296 1269 1295 -1 1297 1296 1295 -1 1298 1288 1268 -1 1265 1299 1268 -1 1299 1265 1267 -1 1300 1299 1267 -1 1298 1268 1301 -1 1302 1298 1301 -1 1301 1303 1302 -1 1301 1268 1299 -1 1301 1304 1303 -1 1267 1266 1269 -1 1305 1269 1296 -1 1269 1305 1267 -1 1267 1305 1300 -1 1241 1273 1295 -1 1295 1273 1306 -1 1240 1272 1273 -1 1294 1246 1241 -1 1246 1274 1239 -1 1272 1270 1307 -1 1270 1308 1307 -1 1309 1310 1311 -1 1308 1270 1248 -1 1292 1312 1293 -1 1264 1293 1294 -1 1294 1293 1246 -1 1275 1251 1313 -1 1251 1277 1313 -1 1283 1314 1276 -1 1315 1278 1237 -1 1316 1237 1228 -1 1280 1253 1258 -1 1281 1280 1258 -1 1282 1281 1258 -1 1284 1311 1283 -1 1286 1285 1282 -1 1284 1285 1286 -1 1317 1284 1286 -1 1318 1302 1319 -1 1319 1302 1303 -1 1283 1311 1310 -1 1319 1303 1320 -1 1317 1286 1289 -1 1317 1289 1321 -1 1322 1317 1321 -1 1323 1322 1324 -1 1320 1303 1325 -1 1324 1322 1321 -1 1287 1286 1260 -1 1326 1320 1327 -1 1327 1320 1328 -1 1321 1289 1329 -1 1320 1325 1328 -1 1298 1289 1288 -1 1329 1289 1298 -1 1324 1321 1330 -1 1330 1321 1329 -1 1329 1298 1331 -1 1292 1290 1291 -1 1295 1294 1241 -1 1297 1295 1332 -1 1295 1306 1332 -1 1302 1331 1298 -1 1325 1303 1304 -1 1297 1333 1296 -1 1333 1334 1296 -1 1305 1296 1334 -1 1335 1305 1334 -1 1305 1336 1300 -1 1335 1336 1305 -1 1337 1336 1335 -1 1304 1301 1299 -1 1299 1336 1304 -1 1300 1336 1299 -1 1338 1304 1336 -1 1325 1304 1338 -1 1338 1328 1325 -1 1336 1337 1338 -1 1339 1338 1337 -1 1272 1306 1273 -1 1333 1332 1306 -1 1297 1332 1333 -1 1272 1340 1306 -1 1337 1335 1341 -1 1337 1342 1339 -1 1323 1324 1343 -1 1343 1324 1344 -1 1344 1324 1330 -1 1345 1330 1329 -1 1344 1330 1345 -1 1346 1343 1344 -1 1345 1329 1331 -1 1331 1318 1345 -1 1318 1331 1302 -1 1309 1347 1310 -1 1293 1312 1246 -1 1228 1275 1316 -1 1277 1276 1348 -1 1237 1316 1315 -1 1349 1256 1279 -1 1257 1256 1350 -1 1350 1256 1349 -1 1311 1317 1309 -1 1311 1284 1317 -1 1317 1322 1309 -1 1257 1350 1271 -1 1350 1351 1271 -1 1271 1351 1291 -1 1248 1274 1352 -1 1333 1306 1340 -1 1319 1326 1353 -1 1340 1272 1354 -1 1340 1354 1333 -1 1354 1272 1307 -1 1326 1319 1320 -1 1355 1353 1326 -1 86 1356 1355 -1 86 1355 1357 -1 1355 1326 1357 -1 1357 1326 156 -1 1335 1358 1341 -1 1335 1334 1358 -1 86 1357 89 -1 1359 1333 1354 -1 156 92 1357 -1 89 1357 92 -1 1333 1359 1360 -1 1342 1337 1341 -1 1327 1328 1361 -1 1361 1328 1362 -1 1338 1362 1328 -1 1338 1363 1362 -1 1364 1365 1323 -1 1364 1323 1366 -1 1365 1322 1323 -1 1366 1323 1343 -1 1367 1366 1346 -1 1367 1346 1368 -1 1318 1344 1345 -1 1318 1356 1344 -1 1353 1318 1319 -1 1356 1318 1353 -1 1356 1369 1344 -1 1346 1369 1368 -1 1369 1346 1344 -1 1342 1370 1339 -1 1353 1355 1356 -1 1371 1369 85 -1 1369 1356 86 -1 85 1369 86 -1 1287 1289 1286 -1 1343 1346 1366 -1 1372 1347 1373 -1 1347 1309 1373 -1 1365 1373 1309 -1 1275 1374 1316 -1 1313 1277 1375 -1 1275 1375 1374 -1 1374 1375 1348 -1 1348 1375 1277 -1 1276 1314 1376 -1 1278 1377 1279 -1 1349 1279 1377 -1 1365 1309 1322 -1 1292 1291 1378 -1 1358 1379 1341 -1 1334 1333 1360 -1 1360 1359 1380 -1 1358 1334 1360 -1 1381 1358 1360 -1 1381 1379 1358 -1 1381 1360 1382 -1 1381 1382 1379 -1 1383 1341 1379 -1 1342 1341 1383 -1 1360 1380 1382 -1 1384 1372 1373 -1 1385 1384 1386 -1 1387 1385 1388 -1 102 1389 103 -1 1364 1373 1365 -1 1384 1373 1364 -1 1364 1366 1367 -1 1367 1388 1386 -1 103 1388 1390 -1 1367 1390 1388 -1 1390 1367 1368 -1 1390 1368 101 -1 1371 1368 1369 -1 101 103 1390 -1 101 1368 1371 -1 1371 107 101 -1 1371 85 107 -1 1361 1362 1391 -1 1363 1338 1339 -1 1362 1363 1391 -1 156 1326 1327 -1 1327 155 156 -1 155 1327 1361 -1 1361 159 155 -1 1339 1370 1363 -1 1370 1342 1392 -1 1392 1393 1394 -1 1394 1370 1392 -1 1389 1395 1396 -1 1389 192 1395 -1 1275 1313 1375 -1 1315 1316 1397 -1 1397 1316 1374 -1 1351 1378 1291 -1 1308 1248 1398 -1 1388 1385 1386 -1 1399 1387 1388 -1 1389 1388 103 -1 104 192 1389 -1 102 104 1389 -1 1386 1384 1364 -1 1364 1367 1386 -1 236 1361 1391 -1 159 1361 236 -1 1370 233 1363 -1 233 1370 1394 -1 236 1391 1363 -1 236 1363 233 -1 234 233 1394 -1 1396 1399 1389 -1 1395 192 1400 -1 280 1400 192 -1 1374 1348 1401 -1 1401 1348 1376 -1 1348 1276 1376 -1 1377 1278 1402 -1 1246 1312 1274 -1 1248 1352 1398 -1 1399 1388 1389 -1 1399 1396 1403 -1 1396 1395 1403 -1 1404 1399 1403 -1 1395 1400 1403 -1 1283 1310 1405 -1 1347 1372 1406 -1 1407 1278 1315 -1 1278 1407 1402 -1 1315 1397 1407 -1 1408 1397 1374 -1 1378 1351 1409 -1 1378 1312 1292 -1 1410 1352 1274 -1 1411 1372 1384 -1 1412 1387 1404 -1 1387 1412 1385 -1 1374 1401 1413 -1 1349 1377 1414 -1 1351 1350 1415 -1 1312 1410 1274 -1 1385 1411 1384 -1 1387 1399 1404 -1 1374 1413 1408 -1 1416 1376 1314 -1 1314 1283 1405 -1 1406 1372 1411 -1 1414 1417 1349 -1 1350 1349 1417 -1 1418 1350 1417 -1 1415 1350 1418 -1 1409 1351 1415 -1 1405 1347 1406 -1 1310 1347 1405 -1 1377 1419 1414 -1 1398 1352 1420 -1 1404 1421 1412 -1 1403 1400 1422 -1 1377 1402 1419 -1 1378 1409 1423 -1 1410 1312 1423 -1 1352 1410 1420 -1 1411 1385 1424 -1 1412 1424 1385 -1 1400 280 373 -1 1407 1397 1408 -1 1406 1411 1425 -1 1421 1404 1403 -1 1401 1376 1416 -1 1405 1416 1314 -1 1405 1406 1426 -1 1312 1378 1423 -1 1403 1422 1427 -1 373 383 1400 -1 1425 1426 1406 -1 1414 1428 1417 -1 1418 1417 1429 -1 1429 1417 1430 -1 1425 1411 1424 -1 1422 1400 383 -1 1408 1413 1431 -1 1431 1432 1408 -1 1401 1431 1413 -1 1405 1433 1416 -1 1419 1402 1434 -1 1414 1419 1428 -1 1415 1418 1429 -1 1409 1415 1429 -1 1420 1410 1435 -1 1403 1436 1421 -1 1401 1416 1431 -1 1431 1416 1437 -1 1433 1437 1416 -1 1438 1428 1419 -1 1417 1428 1430 -1 1435 1410 1439 -1 1424 1412 1421 -1 1436 1403 1427 -1 1440 1427 1422 -1 383 1440 1422 -1 1434 1441 1419 -1 1407 1408 1432 -1 1402 1407 1434 -1 1442 1420 1443 -1 1398 1420 1442 -1 1438 1419 1441 -1 1407 1432 1434 -1 1430 1428 1444 -1 1435 1443 1420 -1 1425 1445 1446 -1 1445 1424 1421 -1 1421 1436 1427 -1 1440 1447 1427 -1 1405 1426 1433 -1 1438 1448 1428 -1 1428 1448 1444 -1 1429 1430 1449 -1 1423 1409 1450 -1 1451 1410 1423 -1 1439 1410 1451 -1 1442 1443 1452 -1 1441 1434 1432 -1 1453 1432 1431 -1 1450 1451 1423 -1 1454 1445 1421 -1 1455 1447 1440 -1 1440 383 1455 -1 1445 1425 1424 -1 1453 1431 1456 -1 1441 1448 1438 -1 1430 1444 1457 -1 1449 1430 1457 -1 1456 1431 1437 -1 1409 1429 1450 -1 1443 1435 1458 -1 1452 1443 1458 -1 1425 1446 1426 -1 1432 1459 1441 -1 1459 1432 1453 -1 1460 1444 1448 -1 1444 1460 1457 -1 1461 1449 1457 -1 1449 1450 1429 -1 1450 1449 1461 -1 1450 1461 1462 -1 1451 1450 1462 -1 1458 1435 1439 -1 1421 1427 1454 -1 392 1455 383 -1 1433 1426 1463 -1 1464 1460 1465 -1 1464 1466 1460 -1 1461 1457 1467 -1 1433 1463 1468 -1 1464 1469 1466 -1 1462 1461 1470 -1 1461 1467 1470 -1 1458 1439 1471 -1 1472 1473 1474 -1 1475 1476 1477 -1 1456 1478 1453 -1 1479 1448 1441 -1 1479 1441 1459 -1 1448 1479 1460 -1 1479 1465 1460 -1 1465 1480 1464 -1 1468 1456 1437 -1 1437 1433 1468 -1 1466 1469 1481 -1 1470 1467 1482 -1 1483 1484 1451 -1 1451 1484 1439 -1 1439 1484 1471 -1 1485 1486 1466 -1 1486 1482 1467 -1 1486 1485 1487 -1 1488 1458 1471 -1 1458 1488 1489 -1 1452 1458 1489 -1 1446 1445 1490 -1 1445 1454 1491 -1 1454 1427 1447 -1 1492 1473 1493 -1 1473 1492 1474 -1 1493 1473 1494 -1 1473 1472 1495 -1 1495 1472 1496 -1 1472 1497 1496 -1 1474 1498 1472 -1 1499 1497 1472 -1 1500 1497 1499 -1 1497 1500 1496 -1 1501 1476 1502 -1 1476 1501 1503 -1 1494 1473 1495 -1 1495 1504 1505 -1 1496 1504 1495 -1 1504 1496 1506 -1 1507 1506 1496 -1 1506 1507 1508 -1 1508 1509 1510 -1 1508 1511 1509 -1 1511 1512 1509 -1 1500 1513 1514 -1 1476 1503 1477 -1 1511 1475 1515 -1 1475 1477 1515 -1 1477 1516 1515 -1 1460 1466 1457 -1 1466 1467 1457 -1 1466 1481 1485 -1 1466 1486 1467 -1 1500 1507 1496 -1 1507 1500 1514 -1 1507 1511 1508 -1 1514 1502 1476 -1 1514 1476 1475 -1 1507 1514 1475 -1 1475 1511 1507 -1 1515 1517 1511 -1 1515 1516 1518 -1 1518 1517 1515 -1 1517 1519 1520 -1 1426 1446 1521 -1 1521 1446 1490 -1 1479 1459 1453 -1 1522 1465 1479 -1 1522 1480 1465 -1 1478 1456 1468 -1 1523 1469 1464 -1 1481 1469 1524 -1 1481 1524 1485 -1 1451 1462 1483 -1 1484 1483 1471 -1 1485 1525 1487 -1 1486 1526 1482 -1 1527 1526 1486 -1 1486 1487 1527 -1 1490 1445 1491 -1 1472 1498 1528 -1 1500 1529 1513 -1 1530 1502 1514 -1 1494 1495 1531 -1 1531 1495 1505 -1 1532 1531 1505 -1 1504 1532 1505 -1 1508 1510 1533 -1 1509 1534 1510 -1 1534 1509 1512 -1 1535 1477 1503 -1 1536 1477 1535 -1 1536 1516 1477 -1 1518 1516 1537 -1 1520 1538 1512 -1 1517 1539 1519 -1 1539 1518 1537 -1 1519 1540 1541 -1 1463 1426 1521 -1 1522 1542 1480 -1 1478 1468 1543 -1 1453 1478 1542 -1 1478 1543 1542 -1 1523 1464 1480 -1 1524 1469 1523 -1 1544 1545 1546 -1 1547 1546 1545 -1 1462 1470 1548 -1 1482 1549 1470 -1 1482 1526 1550 -1 1526 1527 1551 -1 1491 1454 1552 -1 1447 1455 1553 -1 1492 1493 1554 -1 1528 1499 1472 -1 1500 1499 1555 -1 1529 1500 1555 -1 1513 1529 1530 -1 1514 1513 1530 -1 1510 1534 1556 -1 1538 1534 1512 -1 1557 1538 1558 -1 1558 1538 1559 -1 1541 1540 1560 -1 1511 1520 1512 -1 1520 1511 1517 -1 1519 1559 1520 -1 1559 1538 1520 -1 1518 1539 1517 -1 1519 1539 1540 -1 1561 1562 1563 -1 1562 1547 1564 -1 1479 1453 1522 -1 1485 1524 1565 -1 1545 1544 1566 -1 1546 1547 1567 -1 1470 1549 1548 -1 1549 1482 1550 -1 1483 1462 1548 -1 1488 1471 1568 -1 1525 1485 1565 -1 1527 1487 1525 -1 1547 1545 1569 -1 1491 1570 1490 -1 1454 1447 1552 -1 1554 1493 1571 -1 1572 1498 1474 -1 1571 1493 1573 -1 1528 1498 1574 -1 1530 1575 1502 -1 1501 1502 1576 -1 1577 1501 1576 -1 1503 1501 1577 -1 1493 1494 1573 -1 1494 1531 1573 -1 1531 1532 1578 -1 1579 1532 1504 -1 1533 1506 1508 -1 1510 1556 1533 -1 1556 1534 1580 -1 1538 1557 1534 -1 1521 1490 1570 -1 1542 1522 1453 -1 1543 1468 1581 -1 1582 1463 1583 -1 1468 1463 1582 -1 1524 1523 1584 -1 1544 1585 1586 -1 1544 1546 1585 -1 1566 1569 1545 -1 1548 1568 1483 -1 1471 1483 1568 -1 1562 1567 1547 -1 1569 1564 1547 -1 1563 1562 1564 -1 1526 1551 1587 -1 1489 1488 1588 -1 1552 1447 1553 -1 1553 1455 1589 -1 1589 1455 392 -1 1492 1554 1590 -1 1574 1498 1572 -1 1499 1528 1555 -1 1529 1555 1591 -1 1592 1529 1591 -1 1530 1529 1592 -1 1576 1502 1575 -1 1593 1573 1531 -1 1531 1578 1593 -1 1504 1506 1579 -1 1579 1506 1533 -1 1532 1594 1578 -1 1595 1536 1535 -1 1516 1596 1537 -1 1595 1516 1536 -1 1596 1516 1595 -1 1539 1537 1597 -1 1540 1539 1597 -1 1590 1474 1492 -1 1521 1570 1598 -1 1543 1581 1542 -1 1521 1583 1463 -1 1468 1582 1599 -1 1565 1524 1600 -1 1544 1601 1566 -1 1600 1546 1567 -1 1565 1602 1525 -1 1567 1562 1603 -1 1562 1561 1603 -1 1550 1526 1587 -1 1551 1527 1604 -1 1605 1561 1563 -1 1570 1491 1606 -1 1590 1572 1474 -1 1607 1571 1608 -1 1608 1571 1573 -1 1528 1574 1591 -1 1575 1530 1592 -1 1579 1533 1609 -1 1610 1578 1594 -1 1535 1503 1577 -1 1534 1557 1580 -1 1599 1581 1468 -1 1542 1611 1480 -1 1611 1542 1581 -1 1599 1582 1612 -1 1612 1582 1583 -1 1521 1598 1583 -1 1480 1611 1523 -1 1584 1523 1611 -1 1600 1524 1584 -1 1600 1585 1546 -1 1607 1566 1601 -1 1566 1607 1569 -1 1607 1608 1569 -1 1613 1614 1548 -1 1613 1548 1549 -1 1549 1550 1613 -1 1568 1548 1614 -1 1600 1567 1615 -1 1600 1615 1565 -1 1602 1565 1615 -1 1569 1608 1616 -1 1573 1616 1608 -1 1569 1616 1564 -1 1602 1604 1527 -1 1551 1604 1617 -1 1605 1563 1618 -1 1588 1488 1568 -1 1491 1619 1606 -1 1491 1552 1619 -1 1589 392 455 -1 1620 1574 1572 -1 1554 1571 1607 -1 1591 1574 1621 -1 1528 1591 1555 -1 1576 1622 1577 -1 1532 1609 1594 -1 1609 1532 1579 -1 1578 1610 1623 -1 1624 1533 1556 -1 1535 1577 1625 -1 1596 1597 1537 -1 1580 1624 1556 -1 1540 1597 1560 -1 1625 1595 1535 -1 1598 1570 1626 -1 1598 1627 1583 -1 1627 1598 1626 -1 1584 1628 1585 -1 1585 1600 1584 -1 1586 1629 1544 -1 1629 1601 1544 -1 1601 1630 1607 -1 1613 1550 1587 -1 1603 1615 1567 -1 1527 1525 1602 -1 1602 1631 1604 -1 1603 1561 1632 -1 1564 1633 1563 -1 1563 1633 1618 -1 1606 1626 1570 -1 1619 1552 1634 -1 1552 1553 1634 -1 1553 1589 1634 -1 1621 1574 1620 -1 1554 1607 1630 -1 1591 1621 1635 -1 1616 1573 1593 -1 1578 1623 1593 -1 1609 1636 1594 -1 1610 1594 1636 -1 1609 1533 1624 -1 1599 1628 1611 -1 1627 1612 1583 -1 1627 1626 1637 -1 1627 1601 1629 -1 1584 1611 1628 -1 1628 1586 1585 -1 1587 1614 1613 -1 1568 1614 1638 -1 1639 1587 1551 -1 1604 1631 1617 -1 1617 1639 1551 -1 1632 1561 1605 -1 1605 1640 1632 -1 1633 1564 1616 -1 1605 1618 1640 -1 1588 1568 1641 -1 1642 1626 1606 -1 1619 1634 1643 -1 1634 1589 1644 -1 1589 455 504 -1 1606 1619 1642 -1 1572 1590 1645 -1 1645 1646 1572 -1 1642 1619 1647 -1 1619 1643 1647 -1 1634 1647 1643 -1 1646 1620 1572 -1 1620 1648 1621 -1 1590 1554 1630 -1 1591 1635 1592 -1 1624 1636 1609 -1 1610 1649 1623 -1 1650 1610 1636 -1 1597 1596 1651 -1 1652 1580 1653 -1 1560 1597 1654 -1 1599 1611 1581 -1 1645 1626 1642 -1 1646 1642 1647 -1 1612 1628 1599 -1 1627 1628 1612 -1 1628 1627 1629 -1 1628 1629 1586 -1 1627 1637 1601 -1 1641 1568 1638 -1 1615 1655 1602 -1 1603 1655 1615 -1 1587 1638 1614 -1 1602 1655 1631 -1 1655 1603 1632 -1 1616 1593 1623 -1 1623 1633 1616 -1 1633 1656 1618 -1 1657 1634 1644 -1 1589 504 1644 -1 1637 1626 1645 -1 1637 1645 1601 -1 1630 1645 1590 -1 1647 1634 1657 -1 1646 1648 1620 -1 1621 1648 1635 -1 1644 1658 1657 -1 1635 1659 1592 -1 1660 1592 1659 -1 1660 1575 1592 -1 1576 1575 1660 -1 1622 1661 1577 -1 1625 1577 1661 -1 1610 1650 1649 -1 1624 1662 1636 -1 1624 1580 1662 -1 1580 1652 1662 -1 1663 1560 1654 -1 1651 1654 1597 -1 1631 1655 1617 -1 1623 1664 1633 -1 1633 1664 1656 -1 1640 1618 1665 -1 1601 1645 1630 -1 1646 1666 1648 -1 1648 1666 1667 -1 1666 1668 1667 -1 1659 1648 1667 -1 1659 1635 1648 -1 1659 1667 1669 -1 1659 1669 1660 -1 1667 538 1670 -1 1664 1623 1649 -1 1671 1649 1650 -1 1625 1672 1595 -1 1596 1595 1672 -1 1673 1596 1672 -1 1673 1651 1596 -1 1671 1650 1674 -1 1650 1636 1674 -1 1662 1674 1636 -1 1652 1675 1662 -1 1646 1645 1642 -1 1658 1647 1657 -1 1647 1658 1646 -1 1646 1658 1666 -1 504 521 1644 -1 1644 521 1658 -1 1658 1668 1666 -1 1587 1639 1638 -1 1676 1617 1655 -1 1677 1641 1638 -1 1638 1639 1677 -1 1641 1677 1678 -1 1632 1640 1679 -1 1640 1680 1679 -1 1665 1618 1656 -1 1665 1680 1640 -1 535 1668 1658 -1 1668 535 538 -1 1667 1668 538 -1 1669 1667 1670 -1 538 537 1670 -1 1576 1660 1622 -1 1625 1661 1681 -1 1625 1681 1672 -1 1682 1649 1671 -1 1671 1674 1683 -1 1683 1674 1675 -1 1675 1674 1662 -1 1632 1676 1655 -1 1617 1684 1639 -1 1684 1617 1676 -1 1639 1684 1677 -1 1678 1677 1685 -1 1660 1669 1686 -1 560 1670 537 -1 1687 1622 1660 -1 1622 1687 1661 -1 1688 1651 1673 -1 1682 1664 1649 -1 1683 1675 1689 -1 1690 1663 1654 -1 535 1658 521 -1 1687 1681 1661 -1 1653 1675 1652 -1 1684 1685 1677 -1 1676 1632 1679 -1 1656 1691 1665 -1 1680 1665 1692 -1 1686 1669 1670 -1 1686 1670 560 -1 1687 1660 1686 -1 1687 1686 641 -1 1682 1671 1683 -1 1683 1689 1682 -1 1688 1654 1651 -1 1676 1693 1684 -1 1685 1684 1694 -1 1694 1684 1693 -1 1664 1695 1656 -1 1679 1693 1676 -1 1680 1696 1679 -1 1656 1695 1691 -1 1692 1696 1680 -1 1692 1665 1691 -1 1686 560 641 -1 1697 1698 1673 -1 1672 1697 1673 -1 1673 1698 1688 -1 1688 1698 1699 -1 1682 1695 1664 -1 1688 1700 1654 -1 1690 1654 1700 -1 1687 641 642 -1 1687 642 1681 -1 1701 1681 642 -1 1701 1672 1681 -1 1672 1701 1697 -1 1688 1699 1700 -1 1701 642 677 -1 1697 1702 1698 -1 1699 1698 1702 -1 1701 677 1697 -1 680 1697 677 -1 1697 680 1702 -1 1702 680 670 -1 1690 1700 1703 -1 1704 1663 1690 -1 1700 1699 1703 -1 673 1703 1699 -1 670 673 1702 -1 673 1699 1702 -1 1705 1663 1704 -1 1704 1690 1703 -1 673 656 1706 -1 1704 1707 1705 -1 1703 673 1708 -1 1708 673 1706 -1 656 1709 1706 -1 555 1709 656 -1 555 694 1709 -1 1710 1707 1704 -1 1704 1703 1710 -1 1708 1710 1703 -1 1711 1709 694 -1 1706 1712 1708 -1 1712 1706 1709 -1 1712 1709 1711 -1 1707 1710 1713 -1 1710 1708 1713 -1 1713 1708 1712 -1 1714 1712 1711 -1 1713 1712 1715 -1 1714 1715 1712 -1 1716 1711 1717 -1 1716 1714 1711 -1 1715 1714 1718 -1 1718 1714 1716 -1 1716 1719 1718 -1 1719 1716 1717 -1 1720 1308 1721 -1 1722 1720 1723 -1 1308 1720 1722 -1 1720 1724 1723 -1 1725 1723 1724 -1 1308 1722 1307 -1 1724 1726 1725 -1 1727 1726 1728 -1 1729 1727 1728 -1 1721 1724 1720 -1 1726 1727 1725 -1 1730 1731 1732 -1 1733 1734 1735 -1 1735 1734 1736 -1 1736 1737 1735 -1 1738 1737 1736 -1 1726 1739 1728 -1 1740 1741 1733 -1 1729 1728 1739 -1 1722 1742 1307 -1 1354 1307 1742 -1 1743 1744 1727 -1 1743 1729 1745 -1 1725 1722 1723 -1 1730 1746 1747 -1 1729 1746 1730 -1 1745 1729 1730 -1 1727 1744 1725 -1 1748 1725 1744 -1 1730 1747 1731 -1 1730 1732 1745 -1 1749 1745 1732 -1 1747 1750 1731 -1 1731 1750 1751 -1 1751 1750 1741 -1 1732 1731 1751 -1 1749 1732 1751 -1 1749 1751 1752 -1 1751 1740 1752 -1 1753 1754 1755 -1 1383 1379 1756 -1 1757 1753 1758 -1 1383 1759 1342 -1 1760 1761 1762 -1 1359 1354 1742 -1 1758 1760 1763 -1 1380 1359 1742 -1 1742 1722 1725 -1 1764 1380 1742 -1 1757 1758 1763 -1 1762 1761 1765 -1 1382 1380 1764 -1 1742 1725 1748 -1 1766 1749 1752 -1 1767 1766 1752 -1 1753 1756 1754 -1 1767 1768 1766 -1 1766 1768 1765 -1 1383 1756 1753 -1 1759 1383 1753 -1 1763 1760 1762 -1 1769 1763 1762 -1 1769 1762 1770 -1 1769 1771 1763 -1 1762 1765 1768 -1 1770 1762 1768 -1 1751 1741 1740 -1 1772 1733 1741 -1 1733 1773 1740 -1 1734 1733 1772 -1 1773 1733 1735 -1 1774 1775 1776 -1 1776 1773 1735 -1 1738 1736 1777 -1 1776 1735 1737 -1 1737 1778 1776 -1 1737 1779 1778 -1 1780 1778 1779 -1 1737 1738 1779 -1 1775 1767 1752 -1 1781 1767 1774 -1 1774 1767 1775 -1 1782 1783 1774 -1 1781 1784 1768 -1 1776 1782 1774 -1 1777 1785 1738 -1 1779 1738 1786 -1 1786 1738 1785 -1 1787 1753 1757 -1 1788 1787 1757 -1 1788 1757 1789 -1 1790 1791 1788 -1 1792 1789 1757 -1 1789 1792 1793 -1 1792 1757 1794 -1 1792 1794 1793 -1 1789 1793 1795 -1 1763 1771 1757 -1 1794 1757 1771 -1 1771 1796 1794 -1 1797 1796 1771 -1 1794 1796 1798 -1 1793 1794 1799 -1 1800 1795 1793 -1 1799 1800 1793 -1 1392 1342 1759 -1 1392 1759 1393 -1 1394 1393 1791 -1 1759 1787 1393 -1 1791 1393 1787 -1 1787 1759 1753 -1 1787 1788 1791 -1 1746 1729 1739 -1 1729 1743 1727 -1 1801 1744 1743 -1 1802 1801 1743 -1 1802 1743 1745 -1 1803 1745 1749 -1 1756 1382 1764 -1 1748 1764 1742 -1 1804 1748 1744 -1 1804 1764 1748 -1 1761 1805 1802 -1 1754 1764 1804 -1 1756 1764 1754 -1 1761 1802 1765 -1 1756 1379 1382 -1 1758 1805 1760 -1 1760 1805 1761 -1 1755 1754 1805 -1 1805 1758 1755 -1 1758 1753 1755 -1 1745 1803 1802 -1 1802 1803 1806 -1 1765 1802 1806 -1 1766 1803 1749 -1 1766 1806 1803 -1 1765 1806 1766 -1 1784 1770 1768 -1 1750 1772 1741 -1 1752 1740 1775 -1 1740 1773 1775 -1 1807 1736 1734 -1 1775 1773 1776 -1 1808 1777 1736 -1 1780 1809 1778 -1 1781 1768 1767 -1 1783 1781 1774 -1 1784 1781 1810 -1 1784 1810 1811 -1 1770 1784 1811 -1 1811 1797 1769 -1 1770 1811 1769 -1 1811 1812 1797 -1 1811 1810 1813 -1 1781 1783 1814 -1 1810 1781 1814 -1 1814 1783 1815 -1 1816 1814 1815 -1 1813 1810 1814 -1 1782 1776 1778 -1 1778 1809 1782 -1 1817 1782 1809 -1 1782 1817 1783 -1 1818 1783 1817 -1 1818 1817 1819 -1 1817 1809 1820 -1 1809 1780 1821 -1 1819 1817 1820 -1 1815 1783 1818 -1 1818 1822 1815 -1 1818 1823 1822 -1 1824 1822 1823 -1 1823 1819 1825 -1 1826 1823 1825 -1 1779 1827 1780 -1 1828 1827 1779 -1 1829 1785 1830 -1 1786 1785 1829 -1 1829 1830 1831 -1 1831 1832 1829 -1 1779 1786 1829 -1 1832 1779 1829 -1 1828 1779 1832 -1 1831 1833 1834 -1 1831 1834 1832 -1 1835 1833 1831 -1 1836 1834 1837 -1 1837 1834 1833 -1 1838 1837 1833 -1 1839 1780 1827 -1 1820 1825 1819 -1 1825 1820 1840 -1 1841 1825 1840 -1 1841 1826 1825 -1 1842 1394 1791 -1 1842 234 1394 -1 1843 1837 1838 -1 240 234 1842 -1 1844 1833 1835 -1 1833 1844 1845 -1 1838 1833 1845 -1 1845 1846 1838 -1 240 1842 243 -1 1842 1791 1790 -1 1847 1848 1849 -1 1850 1851 1847 -1 243 1842 1852 -1 1790 1852 1842 -1 1848 1847 1851 -1 254 243 1852 -1 1853 1843 1838 -1 1838 1854 1853 -1 1790 1788 1789 -1 1855 1790 1789 -1 1790 1855 1852 -1 1855 273 1852 -1 1855 1789 1795 -1 273 1855 1795 -1 1771 1769 1797 -1 1798 1796 1797 -1 1795 1800 273 -1 1800 1799 1856 -1 1798 1799 1794 -1 1856 1799 1857 -1 1858 273 1800 -1 1856 1858 1800 -1 1812 1859 1797 -1 1797 1859 1798 -1 1860 1861 1812 -1 1862 1863 1861 -1 1799 1798 1859 -1 1857 1799 1859 -1 1860 1816 1862 -1 1824 1862 1816 -1 1864 1863 1862 -1 1865 1863 1864 -1 1866 1862 1824 -1 1823 1866 1824 -1 1867 1866 1868 -1 1856 1857 1869 -1 1866 1823 1826 -1 1870 1099 1871 -1 1100 1099 1870 -1 1099 1086 1871 -1 1872 1873 1874 -1 1865 1861 1863 -1 1866 1867 1862 -1 1862 1867 1864 -1 1875 1865 1864 -1 1875 1864 1876 -1 1867 1877 1864 -1 1869 1857 1878 -1 1879 1875 1876 -1 1801 1880 1744 -1 1804 1744 1880 -1 1880 1805 1804 -1 1802 1880 1801 -1 1805 1880 1802 -1 1804 1805 1754 -1 1812 1811 1813 -1 1812 1813 1860 -1 1813 1814 1816 -1 1816 1860 1813 -1 1820 1809 1821 -1 1820 1821 1839 -1 1815 1822 1824 -1 1816 1815 1824 -1 1818 1819 1823 -1 1777 1881 1785 -1 1830 1785 1882 -1 1836 1832 1834 -1 1883 1832 1836 -1 1831 1884 1835 -1 1780 1839 1821 -1 1840 1820 1839 -1 1827 1885 1839 -1 1839 1885 1886 -1 1886 1885 1827 -1 1883 1828 1832 -1 1887 1828 1883 -1 1886 1840 1839 -1 1887 1827 1828 -1 1886 1827 1887 -1 1888 1840 1886 -1 1841 1840 1889 -1 1889 1840 1888 -1 1890 1889 1888 -1 1836 1891 1883 -1 1887 1883 1891 -1 1892 1887 1891 -1 1843 1836 1837 -1 1891 1836 1893 -1 1836 1853 1893 -1 1853 1836 1843 -1 1888 1886 1887 -1 1887 1890 1888 -1 1894 1887 1892 -1 1890 1887 1894 -1 1895 1889 1890 -1 1895 1890 1896 -1 1896 1890 1894 -1 1893 1892 1891 -1 1894 1892 1893 -1 1847 1846 1845 -1 1847 1849 1846 -1 1850 1847 1897 -1 1849 1848 1898 -1 1848 1851 1898 -1 1850 1899 1851 -1 1898 1851 1900 -1 1899 1900 1851 -1 1899 1872 1900 -1 1826 1901 1866 -1 1841 1902 1826 -1 1903 1853 1854 -1 1901 1826 1902 -1 1904 1905 1854 -1 1903 1854 1905 -1 1854 1838 1846 -1 1868 1866 1901 -1 1854 1846 1904 -1 1906 1868 1901 -1 1904 1846 1849 -1 1895 1902 1841 -1 1907 1904 1849 -1 1895 1841 1889 -1 1904 1908 1905 -1 1905 1908 1909 -1 1867 1868 1906 -1 1907 1849 1898 -1 1910 1907 1911 -1 1912 1904 1910 -1 1913 1910 1911 -1 1908 1904 1912 -1 1852 273 254 -1 1902 1895 1914 -1 1901 1902 1914 -1 1915 1873 1916 -1 1917 1915 1916 -1 1918 1871 1919 -1 1871 1918 1870 -1 1862 1861 1860 -1 1812 1861 1859 -1 1920 1857 1859 -1 1920 1859 1861 -1 1920 1861 1865 -1 1878 1857 1920 -1 1920 1865 1875 -1 1921 1138 1139 -1 1922 1845 1844 -1 1876 1864 1877 -1 1923 1876 1877 -1 1398 1721 1308 -1 1747 1746 1924 -1 1772 1750 1925 -1 1734 1772 1926 -1 1926 1807 1734 -1 1882 1785 1881 -1 1831 1830 1927 -1 1835 1884 1928 -1 1893 1929 1894 -1 1903 1893 1853 -1 1903 1929 1893 -1 1930 1894 1929 -1 1896 1894 1930 -1 1847 1845 1922 -1 1922 1897 1847 -1 1900 1872 1874 -1 1929 1903 1931 -1 1932 1930 1931 -1 1903 1905 1909 -1 1933 1906 1901 -1 1931 1903 1934 -1 1934 1903 1909 -1 1935 1933 1901 -1 1934 1909 1908 -1 1877 1867 1906 -1 1906 1936 1877 -1 1936 1906 1933 -1 1907 1898 1911 -1 1907 1910 1904 -1 1911 1898 1900 -1 1914 1895 1896 -1 1913 1937 1910 -1 1935 1901 1914 -1 1938 1935 1914 -1 1939 1912 1940 -1 1941 1896 1930 -1 1940 1912 1910 -1 1908 1912 1939 -1 1908 1939 1934 -1 1941 1930 1932 -1 1914 1896 1941 -1 1942 1914 1941 -1 1938 1914 1942 -1 1940 1910 1918 -1 1918 1910 1937 -1 1943 1939 1940 -1 1944 1935 1945 -1 1945 1935 1938 -1 1943 1940 1918 -1 1932 1946 1941 -1 1947 1934 1939 -1 1947 1939 1948 -1 1948 1939 1943 -1 1915 1874 1873 -1 1874 1915 1949 -1 1950 1874 1949 -1 1949 1915 1917 -1 1949 1917 1951 -1 1921 1951 1952 -1 1953 1921 1952 -1 1900 1954 1911 -1 1954 1900 1950 -1 1950 1900 1874 -1 1913 1911 1954 -1 1937 1954 1955 -1 1937 1913 1954 -1 1918 1937 1955 -1 1950 1955 1954 -1 1918 1955 1870 -1 1918 1919 1943 -1 1100 1870 1955 -1 1956 1135 1957 -1 1135 1100 1957 -1 1921 1136 1951 -1 1956 1951 1136 -1 1135 1956 1136 -1 1100 1955 1957 -1 1921 1953 1138 -1 1138 1953 1055 -1 1921 1139 1136 -1 1958 1919 1871 -1 1931 1934 1959 -1 1948 1960 1947 -1 1943 1919 1948 -1 1958 1960 1948 -1 1958 1948 1919 -1 1961 1924 1746 -1 1924 1750 1747 -1 1808 1736 1962 -1 1777 1808 1963 -1 1844 1835 1928 -1 1944 1933 1935 -1 1931 1959 1932 -1 1946 1942 1941 -1 1946 1932 1959 -1 1947 1959 1934 -1 1916 1873 1964 -1 1917 1916 1965 -1 1917 1965 1952 -1 1952 1951 1917 -1 1957 1955 1950 -1 1950 1949 1951 -1 1950 1956 1957 -1 1950 1951 1956 -1 1055 1953 1966 -1 1053 1055 1966 -1 1873 1872 1964 -1 1724 1721 1967 -1 1772 1925 1926 -1 1962 1736 1807 -1 1881 1777 1963 -1 1830 1882 1927 -1 1927 1884 1831 -1 1922 1844 1928 -1 1899 1850 1968 -1 1872 1899 1968 -1 1964 1969 1916 -1 1916 1969 1965 -1 1953 1952 1965 -1 1966 1970 1053 -1 1053 1970 1145 -1 1929 1931 1930 -1 1946 1938 1942 -1 1398 1442 1721 -1 1721 1442 1971 -1 1724 1972 1726 -1 1750 1924 1925 -1 1882 1881 1927 -1 1922 1973 1897 -1 1850 1897 1973 -1 1968 1850 1973 -1 1974 1965 1969 -1 1724 1967 1972 -1 1739 1726 1972 -1 1739 1961 1746 -1 1962 1963 1808 -1 1975 1922 1928 -1 1872 1976 1964 -1 1977 1965 1974 -1 1953 1965 1977 -1 1978 1807 1926 -1 1973 1922 1975 -1 1968 1973 1979 -1 1953 1977 1966 -1 1924 1980 1981 -1 1925 1978 1926 -1 1928 1884 1982 -1 1928 1983 1975 -1 1872 1968 1976 -1 1974 1969 1984 -1 1985 1970 1966 -1 1967 1721 1971 -1 1739 1972 1986 -1 1961 1739 1986 -1 1925 1924 1981 -1 1987 1927 1881 -1 1966 1977 1988 -1 1988 1985 1966 -1 1884 1927 1982 -1 1928 1982 1983 -1 1971 1989 1967 -1 1972 1967 1990 -1 1807 1978 1991 -1 1963 1992 1881 -1 1969 1964 1993 -1 1993 1984 1969 -1 1976 1968 1979 -1 1977 1974 1984 -1 1145 1970 1151 -1 1980 1924 1961 -1 1978 1925 1981 -1 1987 1881 1992 -1 1973 1994 1979 -1 1993 1964 1976 -1 1995 1962 1807 -1 1963 1962 1992 -1 1996 1975 1983 -1 1994 1973 1997 -1 1986 1980 1961 -1 1977 1984 1988 -1 1998 1927 1987 -1 1999 1927 1998 -1 1999 1982 1927 -1 1165 1151 1970 -1 1983 1982 2000 -1 1973 1975 1997 -1 1990 1967 1989 -1 1991 1978 2001 -1 1988 1984 2002 -1 1807 1991 1995 -1 1992 1962 1995 -1 1997 1975 1996 -1 1979 1994 2003 -1 1976 1979 2004 -1 1971 1442 2005 -1 1989 1971 2005 -1 1972 1990 1986 -1 1993 1976 2004 -1 2000 1982 1999 -1 2006 1983 2000 -1 1970 1985 1183 -1 1970 1183 1165 -1 1452 2005 1442 -1 2007 1981 1980 -1 1978 1981 2001 -1 1995 1991 2008 -1 2009 1999 1998 -1 2010 1993 2004 -1 1984 1993 2010 -1 1990 2011 1986 -1 1183 1985 2012 -1 2011 2013 1986 -1 2013 1980 1986 -1 2001 1981 2007 -1 2014 2001 2007 -1 1992 1995 2008 -1 2000 1999 2015 -1 1996 1983 2016 -1 1997 1996 2016 -1 1994 1997 2016 -1 2003 1994 2017 -1 2004 1979 2003 -1 1452 2018 2005 -1 1990 1989 2005 -1 2002 2019 1988 -1 2011 2020 2013 -1 2013 2007 1980 -1 1991 2001 2008 -1 1998 1987 2009 -1 2009 2015 1999 -1 2006 2000 2015 -1 2021 2022 2023 -1 411 2021 2023 -1 2024 2025 2026 -1 2026 2027 2028 -1 2027 2029 2028 -1 2030 2029 2022 -1 2028 2029 2030 -1 2021 2030 2022 -1 2030 2021 2031 -1 2032 2030 2031 -1 411 410 2033 -1 2034 2035 2036 -1 2036 2037 2034 -1 1452 1489 2018 -1 2018 1990 2005 -1 2038 2011 1990 -1 2011 2038 2039 -1 2010 2004 2040 -1 2002 1984 2010 -1 1985 1988 2041 -1 1559 2042 1558 -1 2042 1559 2043 -1 2043 1559 1519 -1 1519 1541 2043 -1 2042 2043 2044 -1 2042 2044 2045 -1 412 2046 404 -1 2020 2011 2039 -1 1992 2008 2047 -1 2017 1994 2016 -1 2045 2044 2048 -1 2045 2048 2049 -1 2049 2048 2050 -1 2048 2051 2050 -1 2050 2051 2052 -1 2024 2052 2051 -1 2053 2050 2054 -1 2055 2056 2057 -1 2055 2037 2058 -1 2046 412 2023 -1 405 404 2059 -1 2021 2060 2061 -1 461 2033 410 -1 2022 2062 2023 -1 2026 2025 2027 -1 2021 2063 2031 -1 411 2033 2064 -1 2064 2021 411 -1 2021 2064 2060 -1 2021 2061 2065 -1 2021 2065 2063 -1 2054 2034 2037 -1 2032 2031 2066 -1 2031 2067 2066 -1 2066 2068 2032 -1 2068 2066 2069 -1 2068 2069 2070 -1 1990 2018 2038 -1 2070 2069 2071 -1 2056 2055 2058 -1 2072 2070 2071 -1 2072 2071 2073 -1 2072 2073 2074 -1 2075 2074 2076 -1 2075 2076 2077 -1 2078 2075 2077 -1 1541 2079 2043 -1 2080 2044 2043 -1 2046 2059 404 -1 2020 2081 2013 -1 2013 2081 2007 -1 2001 2082 2008 -1 2009 1987 2083 -1 2016 1983 2006 -1 1558 2084 2085 -1 2084 2086 2085 -1 1558 2042 2045 -1 2045 2084 1558 -1 2087 2086 2084 -1 2049 2084 2045 -1 2088 2087 2084 -1 2089 2044 2080 -1 2089 2090 2044 -1 2090 2048 2044 -1 2048 2090 2091 -1 2048 2092 2051 -1 2092 2093 2051 -1 2024 2093 2094 -1 2025 2024 2094 -1 2040 2004 2003 -1 2051 2093 2024 -1 2010 2040 2095 -1 2002 2010 2095 -1 2052 2054 2050 -1 2012 1985 2041 -1 2088 2096 2087 -1 2088 2097 2096 -1 2050 2053 2098 -1 2057 2053 2054 -1 2057 2054 2037 -1 2029 2027 2099 -1 2023 2062 2046 -1 2029 2062 2022 -1 2100 2062 2029 -1 2101 2078 2077 -1 2088 2084 2049 -1 2034 2052 2024 -1 2026 2034 2024 -1 2088 2102 2097 -1 2103 2096 2097 -1 2103 2097 2104 -1 2104 2097 2105 -1 2049 2050 2098 -1 2098 2088 2049 -1 2098 2102 2088 -1 2052 2034 2054 -1 2053 2057 2098 -1 2102 2106 2097 -1 2098 2106 2102 -1 2106 2105 2097 -1 2106 2056 2107 -1 2098 2057 2106 -1 2037 2055 2057 -1 2106 2057 2056 -1 2023 412 411 -1 2028 2034 2026 -1 2108 2034 2028 -1 2028 2030 2108 -1 2108 2030 2032 -1 2034 2108 2035 -1 2108 2032 2035 -1 2032 2068 2035 -1 2037 2036 2109 -1 2109 2058 2037 -1 2035 2068 2036 -1 2068 2109 2036 -1 2070 2110 2068 -1 2110 2109 2068 -1 2106 2111 2105 -1 2107 2111 2106 -1 2107 2056 2112 -1 2107 2112 2111 -1 2058 2112 2056 -1 2112 2058 2113 -1 2112 2113 2114 -1 2113 2115 2116 -1 2058 2109 2117 -1 2117 2109 2118 -1 2117 2113 2058 -1 2118 2119 2117 -1 2110 2070 2072 -1 2072 2109 2110 -1 2072 2118 2109 -1 2113 2117 2115 -1 2117 2119 2115 -1 2115 2119 2078 -1 2075 2119 2118 -1 2075 2078 2119 -1 2074 2118 2072 -1 2074 2075 2118 -1 2115 2120 2116 -1 2115 2078 2121 -1 2100 2029 2099 -1 2122 2033 461 -1 2101 2123 2124 -1 2124 2125 2101 -1 2126 2127 2128 -1 2125 2124 2126 -1 2127 2126 2129 -1 2123 2077 2130 -1 1489 2131 2018 -1 2038 2018 2131 -1 1183 2012 2132 -1 1186 1183 2132 -1 1557 1558 2085 -1 2079 1541 1560 -1 2007 2081 2133 -1 2014 2007 2133 -1 2134 2014 2133 -1 2082 2001 2014 -1 2047 2008 2082 -1 1992 2047 2083 -1 1987 1992 2083 -1 2085 2086 2135 -1 2136 2086 2087 -1 2137 2138 2092 -1 2137 2092 2139 -1 2138 2093 2092 -1 2091 2092 2048 -1 2139 2092 2091 -1 2136 2087 2096 -1 2140 2136 2096 -1 2141 2140 2096 -1 2141 2096 2103 -1 2122 2064 2033 -1 2031 2063 2142 -1 2067 2031 2142 -1 2066 2067 2143 -1 2069 2066 2143 -1 2144 2069 2143 -1 2145 2069 2144 -1 2071 2069 2145 -1 2146 2073 2071 -1 2147 2073 2146 -1 2074 2073 2147 -1 2076 2074 2147 -1 2148 2149 2120 -1 2077 2123 2101 -1 2062 2100 2150 -1 2151 2152 2153 -1 2151 2154 2152 -1 2151 2155 2154 -1 2156 2126 2124 -1 2077 2076 2130 -1 2038 2131 2157 -1 2039 2038 2157 -1 2019 2002 2095 -1 1988 2019 2158 -1 2158 2041 1988 -1 2043 2079 2159 -1 2160 2161 2162 -1 487 405 2059 -1 2162 2161 2163 -1 2081 2020 2164 -1 2134 2165 2014 -1 2166 2167 2168 -1 2169 2170 2171 -1 2156 2172 2126 -1 2016 2006 2173 -1 2129 2126 2172 -1 2169 2171 2174 -1 2170 2174 2171 -1 2175 2176 2177 -1 2086 2136 2135 -1 2089 2178 2090 -1 2138 2179 2093 -1 2094 2093 2179 -1 2094 2180 2025 -1 2181 2103 2182 -1 2103 2183 2182 -1 2104 2151 2183 -1 2141 2103 2181 -1 2183 2103 2104 -1 2155 2151 2104 -1 2099 2027 2184 -1 2184 2027 2025 -1 2060 2064 2185 -1 2061 2060 2185 -1 2065 2061 2185 -1 2186 2187 2188 -1 2188 2187 2170 -1 2186 2155 2189 -1 2190 2191 2192 -1 2192 2120 2193 -1 2160 2194 2195 -1 2196 2071 2145 -1 2146 2071 2196 -1 2076 2147 2197 -1 2198 2199 2149 -1 2149 2148 2198 -1 2162 2200 2194 -1 2162 2201 2200 -1 2200 2202 2203 -1 2201 2202 2200 -1 2201 2204 2202 -1 2205 2206 2201 -1 2204 2201 2206 -1 2206 2205 2207 -1 2163 2201 2162 -1 2205 2201 2163 -1 2163 2208 2205 -1 2205 2208 2167 -1 2209 2207 2205 -1 2166 2209 2205 -1 2167 2166 2205 -1 2206 2207 2210 -1 2207 2209 2211 -1 2212 2211 2213 -1 2209 2214 2211 -1 2209 2166 2214 -1 2166 2168 2215 -1 2215 2214 2166 -1 2216 2214 2215 -1 2176 2214 2177 -1 2155 2104 2105 -1 2211 2214 2176 -1 2170 2187 2217 -1 2187 2189 2217 -1 2105 2189 2155 -1 2111 2189 2105 -1 2111 2218 2189 -1 2189 2187 2186 -1 2218 2217 2189 -1 2217 2218 2219 -1 2114 2218 2111 -1 2111 2112 2114 -1 2114 2220 2218 -1 2116 2114 2113 -1 2217 2174 2170 -1 2217 2221 2174 -1 2222 2221 2217 -1 2223 2217 2219 -1 2217 2223 2222 -1 2223 2219 2195 -1 2224 2221 2200 -1 2224 2200 2203 -1 2222 2200 2221 -1 2222 2223 2194 -1 2223 2195 2194 -1 2194 2200 2222 -1 2220 2219 2218 -1 2220 2114 2116 -1 2220 2191 2219 -1 2219 2191 2195 -1 2220 2192 2191 -1 2116 2192 2220 -1 2116 2120 2192 -1 2194 2160 2162 -1 2120 2115 2121 -1 2121 2148 2120 -1 2148 2121 2225 -1 2121 2078 2101 -1 2128 2225 2125 -1 2225 2121 2125 -1 2126 2128 2125 -1 2121 2101 2125 -1 2183 2151 2153 -1 2100 2099 2226 -1 2155 2186 2154 -1 2227 2152 2154 -1 2161 2228 2229 -1 2161 2229 2163 -1 2229 2230 2163 -1 2230 2208 2163 -1 2230 2167 2208 -1 2216 2231 2177 -1 2231 2232 2177 -1 2127 2129 2233 -1 2233 2129 2234 -1 2213 2176 2235 -1 2175 2236 2176 -1 2236 2235 2176 -1 2085 1580 1557 -1 1560 2159 2079 -1 2165 2082 2014 -1 2047 2237 2083 -1 2047 2082 2238 -1 2047 2238 2237 -1 2239 2009 2083 -1 2015 2009 2006 -1 2006 2009 2240 -1 2241 2170 2169 -1 2173 2006 2240 -1 2017 2016 2173 -1 2135 2136 2242 -1 2089 2080 2243 -1 2138 2137 2244 -1 2180 2184 2025 -1 2141 2245 2140 -1 2245 2141 2181 -1 2181 2182 2246 -1 2247 2099 2184 -1 2046 2062 2248 -1 2185 2064 2122 -1 2142 2063 2249 -1 2063 2065 2250 -1 2143 2067 2251 -1 2252 2186 2188 -1 2203 2253 2254 -1 2255 2195 2191 -1 2195 2255 2256 -1 2253 2203 2257 -1 2041 2132 2012 -1 2192 2258 2190 -1 2193 2258 2192 -1 2149 2193 2120 -1 2199 2193 2149 -1 2256 2160 2195 -1 2160 2256 2228 -1 2228 2161 2160 -1 2148 2259 2198 -1 2225 2259 2148 -1 2260 2259 2225 -1 2128 2260 2225 -1 2233 2260 2128 -1 2127 2233 2128 -1 2123 2261 2124 -1 2226 2099 2247 -1 2262 2150 2100 -1 2154 2186 2263 -1 2182 2183 2153 -1 2262 2100 2226 -1 1201 1200 2264 -1 2264 1205 1201 -1 2167 2230 2265 -1 2168 2167 2265 -1 2265 2266 2168 -1 2168 2266 2215 -1 2266 2231 2215 -1 2215 2231 2216 -1 2131 1489 1588 -1 2267 2234 2129 -1 2129 2268 2267 -1 2268 2129 2172 -1 2039 2157 2269 -1 2270 1580 2085 -1 2271 2243 2043 -1 2080 2043 2243 -1 487 2059 2272 -1 2059 2046 2272 -1 2020 2039 2269 -1 2082 2165 2238 -1 2238 2273 2237 -1 2237 2273 2274 -1 2273 2275 2274 -1 2083 2237 2276 -1 2237 2274 2276 -1 2274 2277 2276 -1 2083 2276 2239 -1 2276 2277 2278 -1 2276 2278 2279 -1 2239 2240 2009 -1 2279 2280 2281 -1 2281 2280 2282 -1 2241 2283 2170 -1 2170 2283 2252 -1 2188 2170 2252 -1 2240 2284 2173 -1 2040 2003 2285 -1 2017 2173 2284 -1 1198 1186 2132 -1 2244 2179 2138 -1 2244 2137 2286 -1 2180 2094 2287 -1 2248 2272 2046 -1 2122 461 445 -1 2142 2251 2067 -1 2255 2191 2190 -1 2255 2190 2256 -1 2258 2193 2199 -1 2199 2198 2259 -1 2233 2288 2260 -1 2130 2076 2197 -1 2204 2257 2202 -1 2289 2257 2204 -1 2289 2204 2210 -1 2204 2206 2210 -1 2289 2210 2264 -1 2264 2210 2290 -1 2210 2212 2290 -1 2207 2212 2210 -1 2212 2207 2211 -1 2290 2212 2213 -1 2290 2213 2291 -1 2214 2216 2177 -1 2239 2276 2279 -1 2288 2233 2234 -1 2292 2239 2279 -1 2267 2288 2234 -1 2279 2281 2292 -1 2293 2294 2292 -1 2281 2293 2292 -1 2281 2282 2241 -1 2241 2169 2281 -1 2264 2290 1205 -1 2291 1205 2290 -1 2294 2293 2295 -1 2296 2293 2281 -1 2293 2296 2295 -1 2291 1204 1205 -1 1204 2291 2297 -1 2295 2296 2298 -1 2169 2296 2281 -1 2296 2169 2174 -1 2291 2213 2297 -1 2221 2296 2174 -1 2224 2298 2296 -1 2298 2224 2254 -1 2254 2299 2298 -1 2176 2213 2211 -1 2300 2299 2254 -1 2300 2254 2253 -1 2203 2254 2224 -1 2300 2253 2301 -1 2202 2257 2203 -1 2253 2302 2301 -1 2302 2253 2289 -1 2253 2257 2289 -1 2221 2224 2296 -1 2303 2302 2289 -1 2302 2303 1215 -1 2289 2264 2303 -1 2258 2199 2304 -1 2304 2305 2258 -1 1200 1199 2303 -1 2303 2264 1200 -1 2199 2259 2304 -1 2304 2259 2306 -1 2260 2288 2259 -1 2288 2306 2259 -1 2307 2230 2229 -1 2230 2307 2265 -1 2268 2172 2308 -1 2157 2131 2309 -1 2267 2268 2310 -1 2310 2268 2311 -1 2310 2311 2312 -1 2313 2231 2266 -1 2314 2312 2311 -1 2231 2313 2315 -1 2315 2232 2231 -1 2043 2159 2271 -1 2020 2269 2164 -1 2316 2133 2081 -1 2238 2165 2317 -1 2318 2238 2317 -1 2318 2273 2238 -1 2273 2318 2275 -1 2319 2278 2277 -1 2320 2278 2319 -1 2279 2278 2320 -1 2282 2321 2241 -1 2283 2241 2321 -1 2240 2322 2284 -1 2284 2322 2323 -1 2284 2323 2017 -1 2323 2322 2324 -1 2323 2285 2017 -1 2017 2285 2003 -1 2085 2325 2270 -1 2325 2085 2135 -1 2242 2326 2135 -1 2089 2243 2178 -1 2091 2327 2139 -1 2286 2137 2139 -1 2287 2094 2179 -1 2136 2140 2242 -1 2181 2246 2245 -1 2040 2285 2095 -1 2122 445 530 -1 2328 2122 530 -1 2063 2250 2249 -1 2142 2249 2329 -1 2145 2330 2196 -1 2186 2252 2263 -1 2156 2124 2331 -1 2182 2153 2332 -1 2152 2333 2153 -1 2041 2334 2132 -1 2335 2132 2334 -1 2132 2335 1198 -1 2308 2336 2268 -1 2311 2268 2336 -1 2311 2337 2314 -1 1641 2131 1588 -1 2134 2133 2316 -1 2275 2338 2274 -1 2275 2318 2339 -1 2338 2277 2274 -1 2280 2279 2320 -1 2242 2340 2326 -1 2178 2341 2090 -1 2140 2245 2242 -1 2246 2182 2342 -1 2342 2182 2332 -1 2153 2343 2332 -1 2344 2184 2180 -1 2247 2184 2344 -1 2150 2262 2345 -1 2345 2346 2150 -1 2248 2062 2346 -1 2346 2062 2150 -1 2185 2250 2065 -1 2323 2347 2285 -1 2323 2348 2347 -1 2347 2348 2349 -1 2347 2350 2285 -1 2095 2285 2350 -1 2019 2095 2350 -1 2196 2330 2146 -1 2350 2158 2019 -1 2147 2146 2351 -1 2158 2334 2041 -1 2352 2331 2124 -1 2123 2130 2261 -1 2353 2229 2228 -1 2307 2229 2353 -1 2307 2354 2355 -1 2307 2355 2265 -1 2355 2266 2265 -1 2356 2307 2353 -1 2306 2356 2353 -1 2306 2288 2357 -1 2267 2357 2288 -1 2356 2354 2307 -1 2357 2356 2306 -1 2357 2354 2356 -1 2355 2354 2357 -1 1580 2270 1653 -1 2357 2267 2310 -1 2357 2310 2312 -1 2355 2357 2313 -1 2313 2266 2355 -1 2357 2312 2313 -1 2240 2239 2292 -1 2294 2240 2292 -1 2294 2322 2240 -1 2324 2294 2295 -1 2324 2322 2294 -1 2348 2323 2324 -1 2324 2295 2299 -1 2295 2298 2299 -1 2324 2299 2300 -1 2325 2135 2326 -1 2358 2359 2349 -1 2348 2324 2300 -1 2349 2348 2301 -1 2300 2301 2348 -1 2142 2329 2251 -1 2144 2143 2360 -1 2360 2143 2251 -1 2301 2358 2349 -1 2144 2360 2145 -1 2145 2360 2361 -1 2330 2145 2361 -1 2358 2301 2302 -1 2358 2335 2359 -1 2258 2256 2190 -1 2256 2258 2305 -1 2256 2305 2228 -1 2228 2305 2353 -1 2358 2302 1215 -1 1198 2358 1215 -1 2335 2358 1198 -1 2353 2305 2304 -1 2306 2353 2304 -1 2351 2146 2330 -1 1215 2303 1199 -1 2343 2153 2333 -1 2262 2226 2247 -1 2351 2362 2197 -1 2261 2352 2124 -1 2269 2157 2309 -1 2350 2347 2349 -1 2350 2349 2359 -1 2350 2359 2158 -1 2359 2334 2158 -1 2334 2359 2335 -1 2172 2156 2363 -1 2337 2311 2336 -1 2316 2081 2164 -1 2364 2134 2316 -1 2317 2165 2365 -1 2339 2318 2366 -1 2338 2275 2339 -1 2280 2320 2367 -1 2321 2368 2283 -1 2090 2341 2091 -1 2287 2179 2369 -1 2180 2287 2370 -1 2185 2122 2328 -1 2227 2333 2152 -1 2371 2333 2227 -1 2372 2227 2154 -1 2373 2263 2374 -1 2197 2147 2351 -1 2375 2131 1641 -1 2309 2131 2375 -1 2363 2156 2376 -1 2308 2172 2363 -1 2336 2377 2337 -1 2315 2378 2232 -1 2159 1560 1663 -1 2379 487 2272 -1 2269 2309 2380 -1 2164 2269 2380 -1 2364 2381 2134 -1 2165 2134 2381 -1 2381 2365 2165 -1 2319 2277 2382 -1 2320 2319 2383 -1 2282 2280 2367 -1 2252 2283 2384 -1 2242 2385 2340 -1 2327 2091 2341 -1 2244 2286 2386 -1 2286 2139 2327 -1 2370 2287 2369 -1 2344 2180 2370 -1 2387 2247 2344 -1 2250 2185 2328 -1 2249 2250 2388 -1 2249 2388 2329 -1 2154 2263 2372 -1 2372 2263 2373 -1 2263 2252 2374 -1 2242 2245 2389 -1 2261 2130 2352 -1 2345 2262 2387 -1 2246 2389 2245 -1 2332 2343 2390 -1 2343 2333 2390 -1 2390 2333 2371 -1 2247 2387 2262 -1 2272 2248 2391 -1 2380 2309 2392 -1 2374 2252 2384 -1 2331 2376 2156 -1 2197 2362 2130 -1 2379 529 487 -1 2393 2317 2365 -1 2318 2317 2393 -1 2394 2320 2383 -1 2367 2320 2394 -1 2321 2282 2367 -1 2384 2283 2368 -1 1653 2270 2395 -1 2325 2395 2270 -1 2179 2244 2386 -1 1641 2396 2375 -1 2391 2379 2272 -1 2392 2309 2375 -1 2397 2250 2328 -1 2397 2398 2250 -1 1641 1678 2396 -1 2371 2227 2372 -1 2374 2399 2373 -1 2351 2330 2400 -1 2377 2336 2401 -1 2271 2159 2402 -1 2380 2403 2164 -1 2316 2164 2403 -1 2364 2316 2403 -1 2277 2338 2404 -1 2383 2319 2382 -1 2367 2405 2321 -1 2406 2178 2243 -1 2341 2178 2406 -1 2386 2286 2327 -1 2389 2385 2242 -1 2352 2130 2362 -1 2308 2363 2401 -1 2308 2401 2336 -1 2395 1675 1653 -1 2326 2395 2325 -1 2360 2251 2329 -1 2385 2407 2340 -1 2396 1678 1685 -1 2389 2246 2408 -1 2342 2409 2246 -1 2342 2332 2409 -1 2390 2409 2332 -1 2390 2371 2410 -1 2248 2346 2411 -1 2411 2346 2345 -1 2328 530 2397 -1 2388 2250 2398 -1 2398 2412 2388 -1 2413 2361 2414 -1 2330 2361 2413 -1 2373 2399 2372 -1 2400 2330 2413 -1 2243 2271 2415 -1 2271 2402 2415 -1 2364 2403 2381 -1 2366 2318 2393 -1 2382 2416 2383 -1 2417 2367 2394 -1 2418 2392 2375 -1 2369 2179 2386 -1 2389 2408 2419 -1 2408 2246 2409 -1 2391 2248 2411 -1 2420 1692 2421 -1 2371 2372 2422 -1 2351 2400 2423 -1 1689 2424 2425 -1 2395 2424 1675 -1 2415 2426 2243 -1 556 529 2379 -1 2380 2392 2418 -1 2365 2381 2427 -1 2393 2365 2427 -1 2277 2404 2382 -1 2362 2351 2423 -1 2418 2375 2396 -1 2418 2396 2428 -1 1682 1689 2425 -1 2424 1689 1675 -1 1663 2402 2159 -1 2429 2395 2407 -1 2407 2395 2326 -1 2340 2407 2326 -1 636 2397 530 -1 2388 2412 2329 -1 2329 2412 2430 -1 2414 2360 2430 -1 2360 2414 2361 -1 2385 2389 2419 -1 1691 1695 2421 -1 2431 2408 2409 -1 2396 1685 2428 -1 2409 2390 2432 -1 1694 1693 2433 -1 2379 2391 2434 -1 2345 2387 2435 -1 2411 2345 2435 -1 1696 1692 2420 -1 2421 1692 1691 -1 2436 2437 2438 -1 2371 2422 2410 -1 2422 2372 2399 -1 2331 2352 2439 -1 2424 2440 2425 -1 2402 1663 1705 -1 2441 2404 2338 -1 2338 2339 2441 -1 2416 2382 2442 -1 2443 2405 2367 -1 2368 2321 2405 -1 2444 2243 2426 -1 2406 2243 2444 -1 2341 2445 2327 -1 2445 2341 2406 -1 2419 2446 2385 -1 2428 1685 1694 -1 2431 2409 2432 -1 1694 2433 2447 -1 2428 1694 2447 -1 2410 2432 2390 -1 1696 2433 1679 -1 2391 2411 2448 -1 2435 2448 2411 -1 2387 2344 2449 -1 2450 1696 2420 -1 2420 2421 2440 -1 2420 2440 2451 -1 2452 2422 2453 -1 2410 2422 2452 -1 2374 2384 2454 -1 2421 2425 2440 -1 2440 2424 2455 -1 2456 2379 2434 -1 2456 556 2379 -1 2418 2457 2380 -1 2380 2457 2403 -1 2381 2403 2458 -1 2458 2427 2381 -1 2441 2339 2366 -1 2404 2459 2382 -1 2459 2442 2382 -1 2416 2460 2383 -1 2394 2383 2460 -1 2443 2367 2417 -1 2446 2407 2385 -1 636 2461 2397 -1 2433 1693 1679 -1 2461 2398 2397 -1 1682 2421 1695 -1 2425 2421 1682 -1 2395 2462 2424 -1 2395 2429 2462 -1 2429 2407 2463 -1 2410 2452 2464 -1 2465 2452 2453 -1 2433 1696 2450 -1 2453 2422 2466 -1 2451 2450 2420 -1 2422 2399 2466 -1 2455 2451 2440 -1 2362 2423 2467 -1 2439 2352 2362 -1 2424 2462 2455 -1 2468 2403 2457 -1 2403 2468 2458 -1 2428 2447 2469 -1 2457 2418 2469 -1 2459 2404 2441 -1 2393 2470 2366 -1 2471 2366 2470 -1 2416 2442 2472 -1 2417 2394 2460 -1 2473 2405 2443 -1 2384 2368 2474 -1 2475 2406 2444 -1 2445 2406 2475 -1 2476 2408 2431 -1 2476 2431 2477 -1 2432 2410 2464 -1 2430 2412 2478 -1 1705 2479 2402 -1 2414 2430 2478 -1 2399 2374 2454 -1 694 556 2456 -1 2469 2480 2457 -1 2458 2468 2481 -1 2481 2427 2458 -1 2393 2427 2481 -1 2441 2366 2482 -1 2471 2482 2366 -1 2460 2416 2472 -1 2442 2459 2483 -1 2484 2472 2442 -1 2368 2405 2473 -1 2473 2474 2368 -1 2386 2445 2485 -1 2327 2445 2386 -1 2431 2432 2486 -1 2435 2387 2449 -1 2487 2446 2419 -1 2487 2419 2408 -1 2487 2408 2476 -1 2391 2488 2434 -1 2433 2450 2447 -1 2391 2448 2488 -1 636 2489 2461 -1 697 2489 636 -1 697 700 2489 -1 2489 2490 2461 -1 2461 2490 2398 -1 2491 2414 2478 -1 2413 2414 2492 -1 2493 2464 2452 -1 2493 2452 2465 -1 2492 2494 2413 -1 2413 2494 2400 -1 2495 2400 2494 -1 2400 2495 2423 -1 2439 2496 2331 -1 2376 2331 2496 -1 2439 2362 2467 -1 2428 2469 2418 -1 2468 2457 2480 -1 2447 2450 2451 -1 2451 2455 2497 -1 2470 2393 2481 -1 2442 2483 2484 -1 2363 2376 2496 -1 2401 2363 2498 -1 2401 2498 2377 -1 2462 2497 2455 -1 2497 2462 2463 -1 2429 2463 2462 -1 2446 2499 2463 -1 2407 2446 2463 -1 2466 2399 2454 -1 2415 2402 2479 -1 694 2456 2434 -1 2470 2500 2471 -1 2500 2501 2502 -1 2476 2502 2501 -1 2482 2471 2503 -1 2502 2471 2500 -1 2502 2476 2504 -1 2504 2476 2477 -1 2454 2384 2474 -1 2475 2485 2445 -1 2485 2505 2386 -1 2477 2431 2486 -1 2506 2489 700 -1 2507 2465 2508 -1 2453 2508 2465 -1 2453 2466 2509 -1 2510 2494 2492 -1 2479 1705 1707 -1 2426 2415 2479 -1 2511 2426 2479 -1 1711 694 2434 -1 2512 2460 2472 -1 2460 2512 2417 -1 2443 2417 2513 -1 2513 2473 2443 -1 2475 2444 2514 -1 2486 2432 2515 -1 2516 2377 2498 -1 2488 2448 2517 -1 2435 2517 2448 -1 2449 2517 2435 -1 2506 700 2518 -1 2478 2412 2490 -1 2506 2478 2490 -1 2478 2506 2519 -1 2519 2520 2478 -1 2520 2491 2478 -1 2487 2521 2446 -1 2464 2515 2432 -1 2518 700 699 -1 2506 2490 2489 -1 2491 2520 2492 -1 2465 2507 2493 -1 2447 2522 2469 -1 2447 2523 2522 -1 2494 2524 2495 -1 2524 2494 2510 -1 2451 2523 2447 -1 2467 2423 2495 -1 2523 2525 2522 -1 2522 2525 2526 -1 2497 2523 2451 -1 2497 2525 2523 -1 2469 2522 2480 -1 2496 2439 2527 -1 2528 2480 2522 -1 2468 2480 2528 -1 2528 2481 2468 -1 2525 2497 2529 -1 2499 2529 2497 -1 2529 2499 2521 -1 2530 2481 2528 -1 2531 2530 2528 -1 2530 2531 2500 -1 2481 2530 2470 -1 2530 2500 2470 -1 2531 2521 2501 -1 2500 2531 2501 -1 2501 2521 2487 -1 2476 2501 2487 -1 2459 2441 2532 -1 2532 2483 2459 -1 2533 2484 2483 -1 2533 2534 2484 -1 2499 2497 2463 -1 2521 2499 2446 -1 2496 2498 2363 -1 1707 2535 2479 -1 2479 2535 2511 -1 2508 2453 2509 -1 2426 2511 2536 -1 2434 2537 1711 -1 2488 2537 2434 -1 2502 2503 2471 -1 2441 2482 2503 -1 2502 2538 2503 -1 2538 2502 2504 -1 2486 2504 2477 -1 2534 2533 2539 -1 2472 2484 2512 -1 2473 2540 2474 -1 2536 2444 2426 -1 2369 2386 2505 -1 2505 2541 2369 -1 2542 2370 2543 -1 2344 2370 2542 -1 2449 2344 2542 -1 2544 2545 2520 -1 2454 2509 2466 -1 2492 2546 2510 -1 1707 2547 2535 -1 2527 2439 2548 -1 2538 2504 2549 -1 2486 2549 2504 -1 2549 2486 2515 -1 2539 2533 2550 -1 2551 2507 2508 -1 2534 2512 2484 -1 2512 2534 2513 -1 2513 2417 2512 -1 2540 2552 2474 -1 2536 2514 2444 -1 2553 2505 2485 -1 2369 2543 2370 -1 2464 2493 2515 -1 2506 2518 2554 -1 2506 2554 2519 -1 2544 2519 2554 -1 2519 2544 2520 -1 2520 2545 2492 -1 2515 2493 2507 -1 2467 2495 2555 -1 2555 2495 2524 -1 2548 2467 2555 -1 2439 2467 2548 -1 2522 2526 2528 -1 2526 2525 2529 -1 2528 2526 2531 -1 2526 2529 2531 -1 2521 2531 2529 -1 2532 2441 2503 -1 2532 2533 2483 -1 2515 2507 2556 -1 2556 2507 2551 -1 2514 2536 2557 -1 2553 2485 2475 -1 2369 2541 2543 -1 2558 2511 2559 -1 2535 2547 2560 -1 2509 2552 2508 -1 2559 2511 2535 -1 2454 2474 2552 -1 2545 2546 2492 -1 2555 2524 2561 -1 2549 2532 2538 -1 2515 2556 2549 -1 2532 2562 2563 -1 2532 2563 2533 -1 2550 2533 2563 -1 2534 2539 2513 -1 2540 2473 2564 -1 2553 2475 2514 -1 2553 2541 2505 -1 2547 1707 1713 -1 1713 2560 2547 -1 2542 2517 2449 -1 2552 2509 2454 -1 2536 2511 2558 -1 2532 2549 2565 -1 2556 2565 2549 -1 2508 2552 2551 -1 2513 2539 2550 -1 2546 2545 2566 -1 2510 2546 2561 -1 2510 2561 2524 -1 2496 2527 2567 -1 2538 2532 2503 -1 2498 2496 2567 -1 2560 1713 1715 -1 2568 2542 2543 -1 2568 2517 2542 -1 2559 2535 2560 -1 2532 2565 2562 -1 2513 2550 2564 -1 2473 2513 2564 -1 2551 2552 2569 -1 2541 2553 2570 -1 2543 2541 2570 -1 2570 2568 2543 -1 2548 2555 2571 -1 2571 2527 2548 -1 2527 2572 2567 -1 2537 2488 2573 -1 2573 2574 2537 -1 2562 2575 2563 -1 2550 2563 2575 -1 2556 2576 2565 -1 2556 2551 2576 -1 2577 2550 2575 -1 2550 2577 2564 -1 2551 2569 2577 -1 2578 2540 2564 -1 2569 2540 2578 -1 2552 2540 2569 -1 2546 2579 2561 -1 2558 2580 2536 -1 2580 2557 2536 -1 2581 2579 2546 -1 2555 2561 2582 -1 2582 2561 2579 -1 2572 2527 2571 -1 1711 2537 2574 -1 2488 2517 2573 -1 2555 2582 2571 -1 2562 2565 2576 -1 2575 2562 2576 -1 2564 2577 2578 -1 2578 2577 2569 -1 2514 2557 2583 -1 2559 2560 2584 -1 2575 2576 2577 -1 2577 2576 2551 -1 2553 2514 2583 -1 2570 2553 2585 -1 2573 2517 2586 -1 2571 2582 2579 -1 2587 2588 2572 -1 2571 2587 2572 -1 1717 1711 2574 -1 2589 2553 2583 -1 2586 2517 2568 -1 1715 2590 2560 -1 2559 2591 2558 -1 2579 2592 2571 -1 2581 2592 2579 -1 2589 2585 2553 -1 2557 2580 2593 -1 2591 2559 2584 -1 2593 2580 2558 -1 2574 2573 2594 -1 2586 2595 2573 -1 2586 2568 2596 -1 2574 2594 1717 -1 2596 2568 2585 -1 2585 2568 2570 -1 2593 2558 2591 -1 2597 2557 2593 -1 2597 2589 2557 -1 2583 2557 2589 -1 2589 2598 2585 -1 2595 2594 2573 -1 2596 2595 2586 -1 2590 2584 2560 -1 1718 2590 1715 -1 2596 2585 2599 -1 2593 2591 2600 -1 2596 2599 2595 -1 2591 2601 2600 -1 2598 2589 2597 -1 2598 2599 2585 -1 2590 1718 2602 -1 1717 2594 2603 -1 2594 2595 2604 -1 2590 2602 2584 -1 1718 1719 2602 -1 2591 2584 2601 -1 2605 2597 2593 -1 2603 2594 2604 -1 2584 2602 2601 -1 2593 2600 2605 -1 1717 2603 1719 -1 2598 2606 2599 -1 2595 2599 2604 -1 2600 2601 2607 -1 2600 2607 2605 -1 2605 2606 2597 -1 2597 2606 2598 -1 2606 2608 2599 -1 2604 2599 2608 -1 1719 2609 2602 -1 2606 2605 2607 -1 2603 2604 2608 -1 2610 2601 2602 -1 2603 2609 1719 -1 2610 2607 2601 -1 2609 2610 2602 -1 2607 2608 2606 -1 2608 2609 2603 -1 2608 2607 2610 -1 2610 2609 2608 -1 2360 2329 2430 -1 2492 2414 2491 -1 2398 2490 2412 -1 2567 2572 2588 -1 2567 2588 2516 -1 2498 2567 2516 -1 2554 2518 2438 -1 2437 2544 2554 -1 2438 2437 2554 -1 2611 2612 2613 -1 2614 2612 2611 -1 2615 2616 2617 -1 2618 2612 2614 -1 2619 2618 2620 -1 2619 2620 2621 -1 2619 2621 2622 -1 2623 2617 1020 -1 2624 2625 2626 -1 2627 2628 2629 -1 2630 2631 2632 -1 2631 2633 2634 -1 2635 2636 2637 -1 2636 2635 2638 -1 2636 2638 2639 -1 2611 2640 2616 -1 2639 2641 2642 -1 2627 2616 2640 -1 2627 2617 2616 -1 2614 2643 2618 -1 2620 2618 2643 -1 2644 2614 2616 -1 2643 2614 2644 -1 2645 2641 2646 -1 2641 2639 2646 -1 2647 2645 2646 -1 2622 2648 2649 -1 2646 2650 2647 -1 2649 2619 2622 -1 2645 2651 2652 -1 2648 2653 2654 -1 2653 2648 2655 -1 2650 2646 2656 -1 2657 2647 2650 -1 1858 276 273 -1 275 276 2658 -1 1858 1856 2659 -1 2658 276 2660 -1 2660 1858 2659 -1 275 2658 2661 -1 2624 2626 2662 -1 2624 2663 2625 -1 2659 1856 1869 -1 1869 2664 2659 -1 2665 2664 1869 -1 2631 2666 2633 -1 2662 2667 2668 -1 2669 2613 2612 -1 2670 2669 2612 -1 2671 2669 2670 -1 2671 2649 2654 -1 2649 2671 2670 -1 2648 2654 2649 -1 2618 2649 2670 -1 2649 2618 2619 -1 2611 2613 2640 -1 2614 2611 2616 -1 2612 2618 2670 -1 2620 2643 2644 -1 2672 2648 2622 -1 2673 2672 2622 -1 2622 2621 2673 -1 2621 2620 2674 -1 2621 2674 2675 -1 2644 2674 2620 -1 2627 2629 2617 -1 2617 2629 1122 -1 2616 2615 2644 -1 2615 2676 2644 -1 2615 2677 2676 -1 2617 1122 1020 -1 1022 2623 1020 -1 2615 2617 2623 -1 2677 2615 2623 -1 2674 2644 2676 -1 2678 2679 2632 -1 2632 2631 2678 -1 2678 2631 2634 -1 2678 2635 2637 -1 2635 2678 2634 -1 2639 2638 2646 -1 2646 2638 2680 -1 2681 2642 2641 -1 2641 2682 2681 -1 2642 2637 2636 -1 2639 2642 2636 -1 2682 2641 2645 -1 2682 2645 2683 -1 2645 2647 2651 -1 2684 2685 2646 -1 2656 2646 2685 -1 2685 2684 2655 -1 2654 2653 2671 -1 2685 2655 2686 -1 2686 2655 2648 -1 2686 2656 2685 -1 2687 2656 2686 -1 2650 2656 2687 -1 2672 2686 2648 -1 2672 2673 2688 -1 2689 2631 2630 -1 2689 2690 2666 -1 2631 2689 2666 -1 2662 2668 2624 -1 2667 2662 2691 -1 2691 2662 2626 -1 2626 2692 2691 -1 2669 2693 2613 -1 2693 2691 2613 -1 2613 2691 2692 -1 2694 2626 2625 -1 2625 2695 2694 -1 2692 2626 2694 -1 2640 2692 2694 -1 2613 2692 2640 -1 2695 2696 2694 -1 2640 2694 2696 -1 2696 2627 2640 -1 1033 2697 1031 -1 2698 2697 1033 -1 1033 1034 2698 -1 2628 2696 2695 -1 2696 2628 2627 -1 1121 2628 2699 -1 2628 1121 2629 -1 2629 1121 1122 -1 1869 1878 2665 -1 2665 1878 2700 -1 2701 2702 2703 -1 2664 2665 2704 -1 2704 2665 2700 -1 2660 2659 2705 -1 2705 2706 2660 -1 2701 2703 2707 -1 2708 2709 2701 -1 2705 2659 2664 -1 1117 2707 2703 -1 2704 2705 2664 -1 1879 2700 1875 -1 2710 1117 1094 -1 2708 2701 2707 -1 2711 2708 2712 -1 2710 2708 2707 -1 2712 2708 2713 -1 2713 2708 2710 -1 2711 2712 2714 -1 2713 2710 2715 -1 1879 2716 2700 -1 2704 2700 2716 -1 2717 2710 1094 -1 2717 1094 1032 -1 298 319 2718 -1 1031 2717 1032 -1 2715 2717 1031 -1 2697 2715 1031 -1 2719 298 2718 -1 2720 2719 2718 -1 300 298 2719 -1 2715 2721 2713 -1 2722 2624 2668 -1 2722 2663 2624 -1 2663 2722 2721 -1 310 2723 2724 -1 2698 2725 2697 -1 2699 2725 2698 -1 2726 2727 2728 -1 2727 2706 2728 -1 2729 2730 2706 -1 2706 2730 2728 -1 2628 2695 2699 -1 2731 2719 2720 -1 343 2726 2732 -1 2720 2733 2731 -1 2734 343 2735 -1 2736 2737 310 -1 2719 2738 2736 -1 2735 343 2732 -1 2734 2735 2739 -1 2733 2632 2731 -1 2731 2632 2679 -1 2737 2723 310 -1 2740 2724 2723 -1 2737 2736 2741 -1 2723 2737 2741 -1 2724 2740 2742 -1 2740 2743 2744 -1 2745 2746 2681 -1 318 344 319 -1 344 2747 319 -1 2718 319 2747 -1 2732 2728 2730 -1 2735 2732 2748 -1 2749 2732 2730 -1 2732 2750 2748 -1 2750 2732 2749 -1 2748 2750 2739 -1 2750 2749 2751 -1 2642 2752 2637 -1 2753 2739 2750 -1 2681 2746 2642 -1 344 2754 2747 -1 2754 2733 2747 -1 2683 2645 2652 -1 2718 2747 2720 -1 2720 2747 2733 -1 2652 2651 2755 -1 2754 2756 2733 -1 2757 2733 2756 -1 2680 2758 2759 -1 2756 2753 2760 -1 2759 2761 2762 -1 2763 2760 2753 -1 2753 2751 2763 -1 2763 2751 2764 -1 2765 2671 2766 -1 2671 2765 2669 -1 2760 2763 2767 -1 2651 2647 2657 -1 2768 2657 2687 -1 2687 2769 2768 -1 275 2661 320 -1 347 320 2661 -1 2709 2770 2701 -1 1858 2660 276 -1 2661 2727 347 -1 2767 2690 2760 -1 2771 2772 2767 -1 2660 2706 2658 -1 2706 2727 2661 -1 2772 2773 2767 -1 2661 2658 2706 -1 2773 2666 2767 -1 2630 2760 2690 -1 2690 2689 2630 -1 2690 2767 2666 -1 2633 2666 2774 -1 2773 2774 2666 -1 2633 2774 2775 -1 2775 2774 2776 -1 1878 1920 2700 -1 2700 1920 1875 -1 2775 2777 2633 -1 2778 2779 2780 -1 2780 2779 2781 -1 2711 2781 2708 -1 2711 2780 2781 -1 2776 2782 2783 -1 2782 2784 2778 -1 2785 2782 2778 -1 2783 2782 2785 -1 2776 2777 2775 -1 2777 2776 2783 -1 2762 2783 2786 -1 2761 2777 2783 -1 2761 2783 2762 -1 2786 2765 2762 -1 1877 2787 1923 -1 2788 1958 2789 -1 2729 2705 2704 -1 1879 1876 2790 -1 2716 2791 2704 -1 1923 2790 1876 -1 2716 1879 2790 -1 2792 2704 2791 -1 2793 2791 2716 -1 2794 2704 2792 -1 2794 2729 2704 -1 2795 2729 2794 -1 2792 2791 2793 -1 2796 2793 2716 -1 347 2727 303 -1 342 303 2727 -1 342 2727 2726 -1 343 2734 315 -1 316 315 2734 -1 2730 2729 2795 -1 2749 2730 2795 -1 2749 2795 2797 -1 2751 2749 2797 -1 2798 2751 2797 -1 2724 354 310 -1 2751 2798 2764 -1 2742 354 2724 -1 310 2719 2736 -1 2799 2736 2738 -1 2741 2736 2799 -1 2752 2746 2741 -1 2740 2746 2745 -1 2743 2740 2745 -1 2800 2801 2802 -1 2803 1944 1945 -1 2804 2787 2803 -1 1945 2805 2803 -1 1945 1938 2805 -1 2805 1938 2806 -1 2790 1923 2807 -1 2804 2808 2787 -1 2808 2804 2809 -1 2804 2803 2805 -1 2809 2804 2810 -1 2810 2804 2805 -1 2811 2809 2810 -1 2812 2809 2811 -1 2813 2811 2810 -1 2812 2811 2813 -1 2805 2814 2810 -1 2806 2814 2805 -1 2815 2810 2814 -1 2816 2801 2800 -1 2770 2709 2817 -1 2683 2802 2682 -1 2818 2802 2683 -1 2818 2683 2652 -1 2771 2764 2798 -1 2652 2819 2820 -1 2771 2798 2821 -1 2819 2652 2755 -1 2822 2823 2821 -1 2823 2824 2771 -1 2820 2816 2800 -1 2823 2822 2824 -1 2825 2824 2822 -1 2826 2824 2825 -1 2824 2772 2771 -1 2826 2772 2824 -1 2779 2827 2828 -1 2784 2826 2829 -1 2772 2826 2782 -1 2782 2826 2784 -1 2776 2772 2782 -1 2778 2780 2714 -1 2714 2780 2711 -1 2668 2778 2714 -1 2668 2714 2722 -1 2786 2783 2785 -1 2761 2758 2777 -1 2778 2668 2785 -1 2786 2785 2667 -1 2667 2785 2668 -1 2786 2667 2765 -1 2766 2762 2765 -1 2693 2669 2765 -1 1958 1871 1110 -1 1086 1110 1871 -1 1110 2789 1958 -1 1110 1109 2789 -1 2788 2703 2702 -1 2788 2789 1109 -1 1111 2703 2788 -1 2710 2707 1117 -1 1109 1111 2788 -1 1117 2703 1113 -1 1111 1113 2703 -1 2712 2721 2714 -1 2712 2713 2721 -1 2722 2714 2721 -1 2715 2710 2717 -1 2697 2721 2715 -1 2721 2830 2663 -1 2721 2697 2830 -1 2705 2729 2706 -1 2830 2697 2725 -1 2691 2765 2667 -1 2693 2765 2691 -1 342 2726 343 -1 2719 307 300 -1 2625 2663 2830 -1 2830 2695 2625 -1 2695 2830 2725 -1 2695 2725 2699 -1 316 2739 344 -1 2732 2726 2728 -1 2739 2735 2748 -1 2750 2751 2753 -1 316 2734 2739 -1 2739 2754 344 -1 2739 2831 2754 -1 2739 2753 2831 -1 2698 1121 2699 -1 1121 2698 1034 -1 2831 2756 2754 -1 2719 2731 2738 -1 2831 2753 2756 -1 310 307 2719 -1 2733 2757 2632 -1 2738 2731 2679 -1 2757 2756 2760 -1 2738 2679 2799 -1 2760 2630 2757 -1 2632 2757 2630 -1 2799 2752 2741 -1 2799 2679 2752 -1 2807 2716 2790 -1 2716 2807 2796 -1 2741 2746 2723 -1 2746 2740 2723 -1 2744 2742 2740 -1 2832 2806 1946 -1 2746 2752 2642 -1 2801 2743 2802 -1 2833 2834 1960 -1 2833 1960 1958 -1 1958 2788 2833 -1 2702 2833 2788 -1 2817 2814 2835 -1 2832 2835 2806 -1 2814 2806 2835 -1 2835 2832 2836 -1 2815 2814 2817 -1 2815 2837 2838 -1 2815 2839 2837 -1 2817 2839 2815 -1 2832 2834 2833 -1 2833 2836 2832 -1 2836 2833 2702 -1 2836 2702 2701 -1 2817 2835 2770 -1 2770 2835 2836 -1 2836 2701 2770 -1 2709 2839 2817 -1 2752 2679 2678 -1 2752 2678 2637 -1 2763 2764 2767 -1 2767 2764 2771 -1 2777 2634 2633 -1 2634 2777 2758 -1 2638 2634 2758 -1 2635 2634 2638 -1 2758 2680 2638 -1 2774 2773 2772 -1 2776 2774 2772 -1 2802 2681 2682 -1 2828 2837 2839 -1 2779 2828 2839 -1 2761 2759 2758 -1 2827 2784 2829 -1 2827 2779 2784 -1 2759 2684 2680 -1 2778 2784 2779 -1 2684 2759 2671 -1 2779 2839 2709 -1 2779 2709 2781 -1 2684 2646 2680 -1 2781 2709 2708 -1 2684 2653 2655 -1 2759 2762 2766 -1 2671 2759 2766 -1 2671 2653 2684 -1 2687 2657 2650 -1 2657 2768 2651 -1 2686 2672 2687 -1 2687 2672 2688 -1 2687 2688 2769 -1 2800 2802 2818 -1 2796 2840 2793 -1 2793 2840 2792 -1 2840 2841 2792 -1 2841 2840 2842 -1 2794 2841 2795 -1 2841 2794 2792 -1 2841 2797 2795 -1 2797 2841 2842 -1 2842 2843 2797 -1 2843 2844 2797 -1 2798 2797 2844 -1 2787 1877 1936 -1 2787 1936 2803 -1 2803 1936 1933 -1 1933 1944 2803 -1 2820 2818 2652 -1 2800 2818 2820 -1 2808 1923 2787 -1 1923 2808 2807 -1 2808 2845 2807 -1 2845 2808 2809 -1 2846 2845 2809 -1 2840 2796 2807 -1 2842 2840 2847 -1 2807 2847 2840 -1 2807 2848 2847 -1 2845 2848 2807 -1 2847 2848 2849 -1 2849 2848 2850 -1 2809 2812 2846 -1 2848 2845 2846 -1 2850 2848 2846 -1 2850 2846 2812 -1 2812 2813 2850 -1 2850 2813 2838 -1 2850 2838 2851 -1 2810 2815 2813 -1 1959 2852 1946 -1 2852 1959 1947 -1 2852 1947 1960 -1 1938 1946 2806 -1 1946 2852 2832 -1 2832 2852 2834 -1 2853 2842 2847 -1 2843 2842 2853 -1 2853 2847 2849 -1 2854 2853 2849 -1 2854 2849 2855 -1 2856 2853 2854 -1 2821 2844 2843 -1 2843 2856 2821 -1 2798 2844 2821 -1 2821 2856 2854 -1 2854 2857 2821 -1 2771 2821 2823 -1 2822 2821 2857 -1 2855 2850 2851 -1 2854 2855 2857 -1 2855 2858 2857 -1 2858 2825 2857 -1 2855 2851 2838 -1 2858 2855 2838 -1 2825 2822 2857 -1 2826 2825 2829 -1 2843 2853 2856 -1 2745 2802 2743 -1 2681 2802 2745 -1 2838 2813 2815 -1 2852 1960 2834 -1 2849 2850 2855 -1 2837 2858 2838 -1 2828 2858 2837 -1 2825 2858 2827 -1 2827 2858 2828 -1 2829 2825 2827 -1 2859 2860 2861 -1 2862 2674 2863 -1 2864 2865 2861 -1 2859 2866 2867 -1 2860 2868 2869 -1 904 2870 2871 -1 909 2872 2873 -1 2874 2872 2875 -1 2876 2872 909 -1 2875 2872 2876 -1 2868 2860 2877 -1 2868 2877 2878 -1 2878 2877 2879 -1 2880 2875 2876 -1 2881 2880 2882 -1 2862 2863 2866 -1 2866 2865 2862 -1 2883 2865 2864 -1 2861 2866 2859 -1 2884 2859 2867 -1 2866 2861 2865 -1 2885 2864 2861 -1 2860 2885 2861 -1 2886 2887 2884 -1 2887 2886 2871 -1 2884 2887 2859 -1 2871 2886 905 -1 905 904 2871 -1 2887 2888 2859 -1 2859 2888 2860 -1 2888 2887 2871 -1 2888 2889 2860 -1 2890 2873 2870 -1 2871 2870 2888 -1 2870 2891 2888 -1 2888 2891 2889 -1 2879 2889 2874 -1 2874 2889 2891 -1 2873 2891 2870 -1 2891 2873 2874 -1 2873 2890 909 -1 2874 2873 2872 -1 2876 909 885 -1 885 894 2876 -1 2882 2876 894 -1 2889 2877 2860 -1 2877 2889 2879 -1 2880 2879 2874 -1 2880 2874 2875 -1 2880 2881 2892 -1 2882 2880 2876 -1 2881 2882 2893 -1 2893 2882 2894 -1 857 2895 894 -1 2896 2897 2675 -1 2898 2899 2897 -1 2896 2675 2862 -1 2884 2623 2886 -1 2900 2901 2883 -1 2885 2869 2900 -1 2860 2869 2885 -1 2902 2900 2869 -1 2869 2868 2878 -1 2903 2878 2879 -1 2895 857 924 -1 2895 2904 2905 -1 2906 2899 2898 -1 2897 2907 2898 -1 2896 2907 2897 -1 2908 2896 2862 -1 2908 2862 2883 -1 2883 2909 2908 -1 2909 2883 2901 -1 2910 2909 2901 -1 2902 2901 2900 -1 2911 2901 2902 -1 2902 2869 2912 -1 2869 2913 2912 -1 2913 2869 2878 -1 2903 2892 2914 -1 2899 2621 2897 -1 2621 2899 2673 -1 2906 2673 2899 -1 2897 2621 2675 -1 2674 2862 2675 -1 2623 2884 2677 -1 2863 2674 2676 -1 2676 2677 2863 -1 2677 2866 2863 -1 2862 2865 2883 -1 2864 2900 2883 -1 2884 2867 2677 -1 2867 2866 2677 -1 2902 2912 2911 -1 2900 2864 2885 -1 2623 905 2886 -1 1022 905 2623 -1 2870 904 1112 -1 2870 1112 2890 -1 2890 1112 910 -1 910 909 2890 -1 2892 2903 2879 -1 2880 2892 2879 -1 2915 2892 2881 -1 2914 2892 2915 -1 2916 2915 2881 -1 2916 2881 2893 -1 2917 2915 2916 -1 2893 2894 2918 -1 2919 2893 2918 -1 2916 2893 2919 -1 2919 2920 2916 -1 2916 2920 2917 -1 2921 2919 2918 -1 2921 2922 2919 -1 2895 2882 894 -1 2905 2894 2895 -1 2904 2895 924 -1 2894 2882 2895 -1 2918 2894 2905 -1 2905 2923 2918 -1 2918 2923 2921 -1 2896 2924 2907 -1 2896 2908 2924 -1 2925 2906 2898 -1 2925 2898 2926 -1 2927 2928 2929 -1 2911 2930 2931 -1 2932 2930 2911 -1 2933 2928 2934 -1 2931 2910 2901 -1 2911 2931 2901 -1 2935 2911 2912 -1 2913 2936 2912 -1 2913 2878 2937 -1 2938 2878 2903 -1 2651 2939 2755 -1 2938 2903 2940 -1 2919 2922 2920 -1 2914 2941 2942 -1 2943 2941 2917 -1 2944 2943 2945 -1 2755 2946 2947 -1 2946 2755 2939 -1 2948 2946 2949 -1 2949 2950 2948 -1 2951 2948 2950 -1 2948 2951 2952 -1 2950 2953 2951 -1 2953 2952 2951 -1 2954 2950 2955 -1 2950 2954 2953 -1 2898 2907 2926 -1 2926 2907 2956 -1 2957 2926 2956 -1 2926 2957 2925 -1 2910 2958 2909 -1 2956 2910 2957 -1 2959 2957 2930 -1 2930 2960 2959 -1 2931 2930 2957 -1 2930 2932 2960 -1 2961 2933 2934 -1 2962 2933 2961 -1 2934 2960 2963 -1 2961 2934 2963 -1 2964 2961 2963 -1 2932 2965 2960 -1 2932 2935 2965 -1 2935 2932 2911 -1 2966 2912 2936 -1 2937 2936 2913 -1 2938 2937 2878 -1 2967 2940 2968 -1 2968 2914 2942 -1 2969 2970 2942 -1 2941 2969 2942 -1 2970 2969 2971 -1 2972 2971 2969 -1 2972 2973 2974 -1 2944 2975 2972 -1 2973 2972 2975 -1 2975 2976 2973 -1 2976 2977 2973 -1 2977 2974 2973 -1 2978 2977 2976 -1 2979 2980 2981 -1 2982 2983 2816 -1 2947 2816 2820 -1 2947 2982 2816 -1 2983 2981 2980 -1 2981 2983 2982 -1 2984 2981 2982 -1 2985 2984 2986 -1 2986 2984 2952 -1 2947 2819 2755 -1 2952 2987 2986 -1 2952 2953 2987 -1 2988 2987 2953 -1 2988 2953 2954 -1 2955 2989 2954 -1 2990 2989 2933 -1 2991 2990 2933 -1 2992 2673 2906 -1 2993 2992 2994 -1 2994 2992 2906 -1 2906 2925 2994 -1 2927 2929 2994 -1 2928 2933 2929 -1 2927 2994 2925 -1 2927 2959 2928 -1 2959 2927 2957 -1 2934 2928 2959 -1 2925 2957 2927 -1 2931 2957 2910 -1 2960 2934 2959 -1 2991 2933 2962 -1 2995 2991 2996 -1 2962 2996 2991 -1 2962 2961 2964 -1 2935 2912 2966 -1 2914 2940 2903 -1 2968 2940 2914 -1 2915 2941 2914 -1 2941 2915 2917 -1 2920 2922 2917 -1 2922 2921 2997 -1 2941 2943 2969 -1 2969 2943 2972 -1 2972 2943 2944 -1 2943 2917 2945 -1 2945 2917 2922 -1 2945 2922 2997 -1 2975 2945 2998 -1 2945 2975 2944 -1 2997 2921 2999 -1 2999 2921 3000 -1 3000 2921 2923 -1 2945 2997 2999 -1 2999 2998 2945 -1 2939 2651 2768 -1 2688 3001 2769 -1 3001 2688 2673 -1 2673 2992 3001 -1 2947 2946 2982 -1 2949 2946 2939 -1 2982 2952 2984 -1 2982 2948 2952 -1 2946 2948 2982 -1 2768 3002 2939 -1 2939 3002 2949 -1 2769 3002 2768 -1 2949 3002 3003 -1 2949 3003 2950 -1 3003 2955 2950 -1 3002 2769 3001 -1 3001 2993 3002 -1 3003 3002 2993 -1 2993 3001 2992 -1 2955 3003 2994 -1 2994 3004 2955 -1 2989 2955 3004 -1 2994 3003 2993 -1 2994 2929 3004 -1 3005 2988 2954 -1 3005 2954 3006 -1 3006 2954 2989 -1 3006 3007 3005 -1 3006 2989 2990 -1 2989 3004 2929 -1 2933 2989 2929 -1 2990 3008 3006 -1 2990 2995 3008 -1 2991 2995 2990 -1 2956 2907 2958 -1 2910 2956 2958 -1 2907 2924 2958 -1 2958 2908 2909 -1 2960 2965 2963 -1 3009 2963 2965 -1 2964 2963 3009 -1 3009 3010 2964 -1 2966 2936 2937 -1 2965 2935 3011 -1 3009 2965 3012 -1 3013 2966 2937 -1 3013 2937 3014 -1 2985 2979 2981 -1 3015 2937 2938 -1 2937 3015 3014 -1 3016 3015 2967 -1 3015 2940 2967 -1 2967 2968 3017 -1 3017 2942 2970 -1 3018 3017 2970 -1 3019 2979 2985 -1 3018 2970 2971 -1 2971 2972 3018 -1 2820 2819 2947 -1 2985 2981 2984 -1 3020 2977 2978 -1 3021 3020 2978 -1 3022 3023 2987 -1 3022 2987 3024 -1 3024 2987 2988 -1 3025 2988 3005 -1 3024 2988 3025 -1 3025 3005 3007 -1 3026 3025 3007 -1 3007 3006 3008 -1 3027 3007 3008 -1 3008 2995 3027 -1 2996 3028 2995 -1 3029 3030 3031 -1 3029 3032 3030 -1 3031 3030 3033 -1 3034 3035 3036 -1 3037 3035 3034 -1 3038 3039 3037 -1 3038 3034 3040 -1 2958 2924 2908 -1 3041 2964 3010 -1 3012 3010 3009 -1 2965 3011 3012 -1 3042 3012 3011 -1 3043 3044 3011 -1 3042 3011 3044 -1 3013 3043 2966 -1 3043 3045 3044 -1 3045 3043 3046 -1 3013 3046 3043 -1 3046 3013 3014 -1 3047 3044 3045 -1 3045 3046 3048 -1 3046 3049 3048 -1 3014 3015 3016 -1 3019 2985 3023 -1 3023 3050 3019 -1 3017 2968 2942 -1 3051 2996 3052 -1 3053 3029 3054 -1 2974 3055 3018 -1 3056 3057 2974 -1 3023 2985 2986 -1 3056 2974 2977 -1 3056 2977 3020 -1 3050 3023 3022 -1 3056 3020 3058 -1 3058 3020 3021 -1 3022 3053 3050 -1 3022 3032 3053 -1 3029 3053 3032 -1 3058 3021 3059 -1 3024 3032 3022 -1 3025 3032 3024 -1 3030 3032 3025 -1 3060 3054 3029 -1 3060 3029 3031 -1 3061 3062 3063 -1 3033 3064 3031 -1 3065 3031 3064 -1 3066 3067 3068 -1 3069 3067 3066 -1 3064 3033 3070 -1 3070 3033 3071 -1 3007 3072 3026 -1 3071 3033 3026 -1 3069 3066 3073 -1 3073 3066 3074 -1 3073 3074 3075 -1 3066 3076 3074 -1 3076 3066 3077 -1 3075 3074 3076 -1 3075 3076 3078 -1 3076 3077 3079 -1 3076 3080 3078 -1 3076 3079 3080 -1 3035 3081 3082 -1 3077 3081 3037 -1 3037 3081 3035 -1 3035 3082 3036 -1 3083 3036 3051 -1 3051 3028 2996 -1 3083 3051 3084 -1 3084 3051 3052 -1 3034 3036 3083 -1 3040 3034 3085 -1 3079 3077 3037 -1 3080 3079 3086 -1 3086 3079 3039 -1 3079 3037 3039 -1 3039 3087 3086 -1 3038 3088 3039 -1 3038 3037 3034 -1 3040 3089 3038 -1 3072 3007 3027 -1 3036 3072 3027 -1 3028 3036 3027 -1 3036 3028 3051 -1 2962 3090 2996 -1 2962 2964 3090 -1 2966 3011 2935 -1 3047 3042 3044 -1 2966 3043 3011 -1 3049 3046 3014 -1 3015 2938 2940 -1 3049 3014 3091 -1 3014 3016 3091 -1 3091 3016 3017 -1 3016 2967 3017 -1 3092 3017 3018 -1 3093 3018 3055 -1 3018 2972 2974 -1 3058 3094 3056 -1 2987 3023 2986 -1 3030 3025 3033 -1 3028 3027 2995 -1 3026 3033 3025 -1 3057 3055 2974 -1 3095 3057 3056 -1 3095 3056 3094 -1 3096 3060 3031 -1 3097 3058 3059 -1 3063 3062 3096 -1 3063 3096 3065 -1 3065 3067 3063 -1 3098 3099 3097 -1 3065 3096 3031 -1 3059 3098 3097 -1 3061 3063 3067 -1 3100 3061 3067 -1 3064 3067 3065 -1 3069 3100 3067 -1 3064 3068 3067 -1 3081 3070 3071 -1 3072 3081 3071 -1 3077 3070 3081 -1 3075 3101 3073 -1 3082 3072 3036 -1 3082 3081 3072 -1 3083 3085 3034 -1 3085 3083 3084 -1 3102 3040 3085 -1 3103 3085 3084 -1 3088 3087 3039 -1 3102 3089 3040 -1 3010 3104 3041 -1 3105 3048 3049 -1 3106 3091 3017 -1 3017 3092 3106 -1 3107 3106 3092 -1 3052 3090 3108 -1 3108 3090 3041 -1 3108 3109 3052 -1 3109 3108 3110 -1 3111 3110 3108 -1 3103 3084 3109 -1 3109 3112 3103 -1 3102 3085 3103 -1 3109 3110 3112 -1 3113 3111 3041 -1 3110 3114 3112 -1 3069 3115 3100 -1 3115 3116 3100 -1 3069 3073 3115 -1 3102 3103 3117 -1 3117 3103 3112 -1 3107 3092 3093 -1 3055 3107 3093 -1 3118 3055 3057 -1 3119 3118 3057 -1 3119 3057 3095 -1 3120 3119 3095 -1 3119 3120 3121 -1 3120 3095 3094 -1 3121 3120 3122 -1 3058 3097 3094 -1 3120 3094 3097 -1 3122 3120 3123 -1 3123 3120 3097 -1 3097 3099 3123 -1 3124 3075 3078 -1 3125 3088 3038 -1 3126 3125 3038 -1 3089 3126 3038 -1 3102 3127 3089 -1 3089 3127 3126 -1 3105 3128 3048 -1 3091 3105 3049 -1 3129 3128 3105 -1 3105 3091 3106 -1 3114 3130 3112 -1 3041 3104 3113 -1 3111 3113 3131 -1 3110 3131 3114 -1 3131 3110 3111 -1 2964 3041 3090 -1 3010 3012 3042 -1 3042 3132 3010 -1 3104 3010 3132 -1 3042 3047 3132 -1 3132 3047 3133 -1 3068 3064 3070 -1 3045 3133 3047 -1 3048 3133 3045 -1 3068 3070 3066 -1 3026 3072 3071 -1 3128 3133 3048 -1 3066 3070 3077 -1 3052 2996 3090 -1 3109 3084 3052 -1 3041 3111 3108 -1 3018 3093 3092 -1 3107 3055 3118 -1 3134 3121 3122 -1 3117 3127 3102 -1 3135 3112 3130 -1 3116 3115 3136 -1 3134 3122 3137 -1 3138 3123 3099 -1 3117 3112 3135 -1 3106 3129 3105 -1 3131 3139 3114 -1 3113 3140 3131 -1 3141 3132 3133 -1 3142 3140 3141 -1 3141 3133 3128 -1 3143 3141 3128 -1 3143 3128 3129 -1 3106 3107 3129 -1 3144 3145 3118 -1 3144 3118 3119 -1 3078 3080 3124 -1 3080 3086 3146 -1 3147 3087 3088 -1 3148 3114 3149 -1 3150 3149 3114 -1 3115 3073 3151 -1 3101 3152 3073 -1 3153 3154 3121 -1 3153 3121 3134 -1 3155 3130 3114 -1 3114 3148 3155 -1 3138 3099 3156 -1 3157 3154 3158 -1 3159 3130 3155 -1 3160 3149 3150 -1 3160 3150 3161 -1 3140 3162 3131 -1 3126 3127 3163 -1 3142 3141 3164 -1 3162 3140 3142 -1 3162 3142 3164 -1 3162 3165 3139 -1 3165 3166 3139 -1 3161 3139 3166 -1 3164 3141 3143 -1 3164 3167 3168 -1 3169 3170 3168 -1 3169 3168 3145 -1 3171 3161 3166 -1 3172 3161 3171 -1 3173 3170 3169 -1 3157 3169 3154 -1 3164 3143 3167 -1 3167 3145 3168 -1 3118 3145 3167 -1 3144 3121 3154 -1 3139 3150 3114 -1 3161 3150 3139 -1 3139 3131 3162 -1 3113 3104 3140 -1 3140 3104 3132 -1 3140 3132 3141 -1 3165 3162 3170 -1 3164 3170 3162 -1 3168 3170 3164 -1 3166 3165 3170 -1 3166 3170 3173 -1 3129 3107 3143 -1 3107 3167 3143 -1 3118 3167 3107 -1 3145 3144 3169 -1 3144 3154 3169 -1 3144 3119 3121 -1 3115 3151 3174 -1 3175 3172 3171 -1 3134 3176 3153 -1 3135 3177 3127 -1 3117 3135 3127 -1 3178 3157 3158 -1 3153 3158 3154 -1 3176 3179 3153 -1 3073 3180 3151 -1 3181 3175 3171 -1 3159 3135 3130 -1 3182 3173 3157 -1 3178 3182 3157 -1 3136 3115 3174 -1 3124 3080 3146 -1 3146 3086 3183 -1 3086 3087 3183 -1 3125 3147 3088 -1 3125 3126 3184 -1 3163 3127 3177 -1 3172 3160 3161 -1 3171 3166 3173 -1 3181 3171 3173 -1 3185 3175 3181 -1 3073 3152 3180 -1 3134 3137 3176 -1 3160 3172 3186 -1 3179 3187 3158 -1 3179 3158 3153 -1 3185 3181 3188 -1 3149 3160 3189 -1 3136 3190 3116 -1 3181 3173 3191 -1 3182 3191 3173 -1 3122 3123 3138 -1 3156 3099 3192 -1 3101 3075 3193 -1 3159 3155 3194 -1 3184 3126 3163 -1 3173 3169 3157 -1 3185 3172 3175 -1 3151 3180 3152 -1 3178 3195 3182 -1 3196 3197 3158 -1 3187 3196 3158 -1 3178 3158 3197 -1 3198 3182 3195 -1 3183 3087 3199 -1 3191 3188 3181 -1 3191 3182 3198 -1 3200 3201 3202 -1 3202 3203 3204 -1 3202 3204 3200 -1 3135 3159 3205 -1 3155 3148 3206 -1 3197 3196 3207 -1 3196 3187 3207 -1 3183 3199 3208 -1 3206 3194 3155 -1 3197 3195 3178 -1 3197 3207 3209 -1 3176 3137 3210 -1 3211 3212 3136 -1 3136 3174 3211 -1 3174 3151 3152 -1 3152 3101 3193 -1 3124 3193 3075 -1 3202 3213 3203 -1 3200 3204 3214 -1 3148 3149 3215 -1 3189 3215 3149 -1 3160 3186 3189 -1 3216 3136 3212 -1 3188 3191 3217 -1 3176 3210 3179 -1 3218 3219 3137 -1 3122 3138 3218 -1 3193 3124 3146 -1 3199 3087 3147 -1 3125 3184 3220 -1 3213 3221 3203 -1 3200 3214 3222 -1 3223 3224 3204 -1 3159 3194 3205 -1 3148 3215 3225 -1 3210 3209 3179 -1 3195 3197 3226 -1 3194 3206 3227 -1 3187 3179 3209 -1 3187 3209 3207 -1 3228 3186 3229 -1 3172 3229 3186 -1 3137 3122 3218 -1 3218 3138 3230 -1 3156 3230 3138 -1 3156 3192 3231 -1 3174 3152 3211 -1 3177 3135 3232 -1 3233 3125 3220 -1 3202 3201 3234 -1 3234 3235 3202 -1 3213 3202 3235 -1 3236 3201 3200 -1 3214 3204 3224 -1 3221 3204 3203 -1 3223 3204 3221 -1 3225 3206 3148 -1 3189 3186 3228 -1 3197 3209 3226 -1 3208 3237 3183 -1 3238 3215 3189 -1 3229 3172 3239 -1 3185 3188 3239 -1 3191 3198 3217 -1 3198 3195 3240 -1 3137 3219 3210 -1 3218 3230 3241 -1 3156 3231 3230 -1 3242 3211 3152 -1 3242 3152 3193 -1 3146 3243 3193 -1 3208 3199 3237 -1 3199 3244 3237 -1 3147 3244 3199 -1 3147 3125 3233 -1 3245 3200 3222 -1 3223 3246 3247 -1 3221 3246 3223 -1 3194 3248 3205 -1 3242 3193 3243 -1 3249 3209 3210 -1 3250 3209 3249 -1 3227 3251 3252 -1 3206 3251 3227 -1 3253 3251 3206 -1 3225 3253 3206 -1 3253 3225 3215 -1 3172 3185 3239 -1 3217 3254 3188 -1 3249 3210 3255 -1 3219 3255 3210 -1 3147 3233 3244 -1 3184 3163 3256 -1 3247 3221 3257 -1 3221 3247 3246 -1 3200 3245 3236 -1 3222 3214 3258 -1 3248 3194 3227 -1 3259 3252 3260 -1 3209 3250 3226 -1 3261 3163 3262 -1 3263 3216 3212 -1 3243 3264 3242 -1 3235 3257 3213 -1 3221 3213 3257 -1 3265 3266 3267 -1 3214 3224 3268 -1 3146 3269 3243 -1 3270 3205 3248 -1 3205 3270 3135 -1 3271 3253 3215 -1 3189 3228 3238 -1 3217 3198 3272 -1 3255 3219 3273 -1 3218 3241 3274 -1 3256 3163 3261 -1 3275 3259 3260 -1 3226 3250 3276 -1 3277 3266 3257 -1 3257 3265 3247 -1 3278 3267 3279 -1 3265 3267 3278 -1 3280 3222 3281 -1 3222 3280 3245 -1 3258 3282 3222 -1 3282 3281 3222 -1 3214 3268 3258 -1 3223 3247 3283 -1 3224 3223 3284 -1 3146 3183 3285 -1 3183 3237 3285 -1 3177 3232 3262 -1 3237 3244 3286 -1 3233 3220 3287 -1 3270 3248 3288 -1 3135 3270 3232 -1 3262 3163 3177 -1 3248 3227 3288 -1 3252 3259 3289 -1 3252 3251 3260 -1 3260 3251 3290 -1 3290 3253 3291 -1 3251 3253 3290 -1 3291 3253 3271 -1 3238 3271 3215 -1 3229 3239 3292 -1 3188 3254 3293 -1 3254 3217 3272 -1 3272 3198 3240 -1 3240 3195 3226 -1 3241 3230 3231 -1 3257 3266 3265 -1 3220 3184 3256 -1 3267 3275 3279 -1 3249 3276 3250 -1 3286 3244 3294 -1 3220 3256 3295 -1 3296 409 3297 -1 3298 419 3299 -1 3201 3236 3234 -1 3235 3234 3300 -1 3300 3257 3235 -1 3298 3301 3302 -1 3303 3277 3304 -1 3277 3303 3266 -1 3302 3301 3305 -1 3247 3265 3283 -1 3275 3267 3306 -1 3307 3308 3297 -1 3289 3259 3275 -1 3279 3275 3260 -1 3309 3305 3301 -1 3310 3223 3283 -1 3311 3312 3309 -1 3284 3223 3310 -1 3305 3309 3312 -1 3252 3289 3313 -1 3227 3252 3313 -1 3313 3288 3227 -1 3314 3260 3315 -1 3260 3290 3315 -1 3291 3271 3238 -1 3228 3229 3292 -1 3293 3254 3316 -1 3239 3188 3293 -1 3272 3240 3317 -1 3240 3226 3317 -1 3219 3218 3274 -1 3274 3273 3219 -1 3146 3285 3269 -1 3285 3237 3318 -1 3262 3232 3270 -1 3244 3233 3294 -1 3287 3220 3295 -1 3295 3256 3261 -1 3296 3297 3319 -1 3233 3287 3320 -1 3321 3322 3323 -1 3296 428 409 -1 3324 3319 3297 -1 3325 3326 3327 -1 3328 3329 3236 -1 3298 3330 3301 -1 3300 3234 3329 -1 3331 3277 3300 -1 3301 3332 3309 -1 3297 3333 3324 -1 3329 3234 3236 -1 3333 3297 3308 -1 3257 3300 3277 -1 3334 3333 3308 -1 3265 3278 3283 -1 3335 3334 3308 -1 3308 3336 3335 -1 3303 3306 3266 -1 3267 3266 3306 -1 3306 3289 3275 -1 3279 3260 3314 -1 3337 3338 3339 -1 3337 3339 3340 -1 3328 3236 3245 -1 3340 3339 3341 -1 3328 3245 3280 -1 3280 3342 3328 -1 3343 3338 3336 -1 3342 3280 3281 -1 3268 3224 3284 -1 3291 3315 3290 -1 3340 3341 3344 -1 3344 3341 3345 -1 3239 3293 3292 -1 3345 3346 3344 -1 3347 3346 3345 -1 3255 3276 3249 -1 3241 3231 3348 -1 3349 3347 3323 -1 3350 3323 3347 -1 3323 3350 3321 -1 3321 3350 3351 -1 421 3299 419 -1 3352 3353 3354 -1 3354 3355 3352 -1 3356 3351 3357 -1 3356 3357 3326 -1 3351 3358 3357 -1 3326 3357 3327 -1 3358 3359 3360 -1 3361 3212 3211 -1 3211 3242 3361 -1 3269 3264 3243 -1 3362 3363 3364 -1 409 419 3298 -1 409 3298 3307 -1 3297 409 3307 -1 3365 3308 3307 -1 3307 3298 3302 -1 3302 3365 3307 -1 3365 3302 3366 -1 3308 3365 3343 -1 3336 3308 3343 -1 3367 3343 3365 -1 3367 3368 3343 -1 3365 3366 3367 -1 3367 3366 3369 -1 3367 3369 3370 -1 3368 3367 3370 -1 3343 3339 3338 -1 3339 3343 3371 -1 3368 3371 3343 -1 3371 3368 3372 -1 3368 3370 3372 -1 3372 3370 3373 -1 3302 3305 3366 -1 3369 3305 3312 -1 3369 3312 3374 -1 3369 3366 3305 -1 3374 3375 3376 -1 3369 3374 3376 -1 3369 3376 3377 -1 3370 3369 3377 -1 3373 3370 3377 -1 3377 3376 3378 -1 3379 3376 3375 -1 3371 3341 3339 -1 3341 3371 3380 -1 3372 3380 3371 -1 3341 3380 3381 -1 3382 3380 3372 -1 3383 3381 3380 -1 3382 3383 3380 -1 3381 3345 3341 -1 3345 3350 3347 -1 3381 3350 3345 -1 3384 3383 3382 -1 3383 3384 3353 -1 3381 3383 3350 -1 3350 3383 3352 -1 3353 3352 3383 -1 3351 3350 3358 -1 3350 3352 3358 -1 3359 3352 3355 -1 3357 3358 3360 -1 3327 3357 3360 -1 3358 3352 3359 -1 3373 3382 3372 -1 3384 3382 3373 -1 3373 3385 3384 -1 3385 3386 3384 -1 3386 3353 3384 -1 3386 3385 3387 -1 3386 3387 3388 -1 3389 3386 3390 -1 3388 3390 3386 -1 3387 3391 3388 -1 3392 3388 3391 -1 3392 3393 3388 -1 3394 3395 3396 -1 3396 3397 3364 -1 3364 3397 3362 -1 3363 3394 3364 -1 3320 3398 3233 -1 3340 3399 3337 -1 3320 3400 3401 -1 3294 3233 3398 -1 3402 3340 3403 -1 3327 3404 3325 -1 3322 3321 3405 -1 3273 3406 3407 -1 3408 3285 3318 -1 3393 3396 3409 -1 3410 3411 3412 -1 3411 3394 3412 -1 3395 3409 3396 -1 3410 3412 3329 -1 3394 3411 3395 -1 3329 3413 3410 -1 3413 3329 3328 -1 3300 3329 3331 -1 3304 3414 3303 -1 3289 3306 3414 -1 3263 3361 3415 -1 3361 3263 3212 -1 3277 3331 3304 -1 3303 3414 3306 -1 3283 3278 3416 -1 3361 3242 3417 -1 3264 3417 3242 -1 3314 3278 3279 -1 3418 3417 3264 -1 3278 3314 3419 -1 3342 3420 3421 -1 3418 3264 3269 -1 3421 3328 3342 -1 3269 3408 3418 -1 3269 3285 3408 -1 3422 3408 3318 -1 3237 3286 3318 -1 3423 3424 3425 -1 3420 3342 3426 -1 3427 3420 3426 -1 3342 3428 3426 -1 3342 3281 3282 -1 3342 3282 3428 -1 3426 3428 3429 -1 3430 3423 3400 -1 3431 3426 3429 -1 3430 3400 3432 -1 3430 3432 3433 -1 3299 421 3434 -1 3435 3433 3436 -1 3436 3433 3437 -1 3433 3432 3437 -1 3438 3436 3437 -1 3295 3439 3440 -1 3270 3439 3262 -1 3295 3261 3439 -1 3439 3261 3262 -1 3298 3299 3434 -1 3330 3298 3434 -1 3438 3439 3288 -1 3441 3301 3330 -1 3288 3439 3270 -1 3238 3228 3442 -1 3316 3254 3443 -1 3317 3226 3444 -1 3276 3444 3226 -1 3255 3273 3407 -1 3407 3276 3255 -1 3273 3274 3406 -1 3445 3406 3274 -1 3274 3241 3445 -1 3445 3241 3348 -1 3446 3379 3447 -1 3379 3446 3448 -1 3327 3360 3404 -1 3449 3448 3450 -1 3340 3344 3403 -1 3451 3403 3344 -1 3451 3344 3346 -1 3346 3347 3452 -1 3452 3347 3349 -1 3323 3322 3349 -1 3453 3321 3351 -1 3351 3356 3453 -1 3454 3359 3455 -1 3456 3455 3359 -1 3359 3355 3456 -1 3456 3355 3354 -1 3359 3457 3360 -1 3457 3359 3454 -1 3458 3459 3460 -1 3460 3391 3458 -1 3424 3461 3462 -1 3463 3464 3465 -1 3354 3463 3466 -1 3465 3464 3467 -1 3286 3401 3422 -1 3401 3286 3398 -1 3401 3398 3320 -1 3440 3287 3295 -1 3398 3286 3294 -1 3468 3325 3404 -1 3469 3407 3406 -1 3399 3470 3337 -1 3340 3402 3399 -1 3390 3393 3471 -1 3472 3473 3474 -1 3471 3393 3409 -1 3471 3409 3475 -1 3475 3409 3395 -1 3475 3395 3411 -1 3475 3411 3476 -1 3477 3478 3479 -1 3477 3480 3478 -1 3476 3410 3413 -1 3476 3411 3410 -1 3421 3413 3328 -1 3481 3421 3420 -1 3258 3268 3282 -1 3268 3482 3282 -1 3268 3483 3482 -1 3483 3268 3284 -1 3427 3484 3420 -1 3485 3486 3462 -1 3462 3486 3425 -1 3462 3425 3424 -1 3431 3427 3426 -1 3428 3282 3482 -1 3283 3416 3487 -1 3487 3310 3283 -1 3488 3425 3486 -1 3423 3425 3488 -1 3284 3310 3483 -1 3483 3310 3489 -1 3417 3415 3361 -1 3418 3490 3417 -1 3418 3408 3491 -1 3422 3318 3286 -1 3320 3432 3400 -1 3408 3422 3400 -1 3400 3422 3401 -1 3320 3287 3440 -1 3429 3492 3431 -1 3493 3492 3494 -1 3493 3494 3495 -1 3494 3496 3497 -1 3497 3495 3494 -1 3498 3497 3499 -1 3495 3497 3500 -1 3319 3324 3501 -1 3501 3324 3333 -1 3334 3335 3502 -1 3314 3315 3503 -1 3292 3442 3228 -1 3316 3442 3293 -1 3442 3292 3293 -1 3504 3254 3272 -1 3272 3317 3504 -1 3505 3448 3446 -1 3450 3448 3505 -1 3450 3506 3449 -1 3451 3346 3507 -1 3321 3453 3405 -1 3456 3354 3466 -1 3459 3449 3506 -1 3506 3508 3459 -1 3509 3459 3508 -1 3459 3509 3460 -1 3485 3460 3509 -1 3460 3485 3510 -1 3462 3510 3485 -1 3463 3465 3467 -1 3466 3463 3467 -1 3390 3467 3464 -1 3360 3457 3404 -1 3511 3404 3454 -1 3512 3511 3513 -1 3514 3512 3515 -1 3516 3474 3473 -1 3421 3481 3413 -1 3414 3363 3362 -1 3304 3331 3363 -1 3414 3304 3363 -1 3517 3414 3518 -1 3289 3414 3517 -1 3313 3289 3517 -1 3482 3429 3428 -1 3482 3494 3429 -1 3496 3494 3482 -1 3483 3496 3482 -1 3519 3496 3483 -1 3278 3419 3416 -1 3416 3419 3520 -1 3419 3314 3503 -1 3376 3379 3378 -1 3378 3521 3377 -1 3492 3429 3494 -1 3448 3378 3379 -1 3378 3448 3449 -1 3496 3499 3497 -1 3521 3378 3449 -1 3373 3377 3385 -1 3377 3521 3385 -1 3521 3387 3385 -1 3389 3353 3386 -1 3353 3389 3464 -1 3517 3438 3288 -1 3288 3313 3517 -1 3459 3521 3449 -1 3459 3458 3521 -1 3522 3503 3315 -1 3521 3458 3391 -1 3387 3521 3391 -1 3523 3522 3315 -1 3391 3460 3510 -1 3315 3291 3523 -1 3392 3391 3461 -1 3238 3442 3291 -1 3523 3291 3442 -1 3391 3510 3461 -1 3510 3462 3461 -1 3353 3463 3354 -1 3464 3463 3353 -1 3390 3464 3389 -1 3393 3390 3388 -1 3363 3412 3394 -1 3397 3393 3392 -1 3461 3397 3392 -1 3393 3397 3396 -1 3461 3424 3435 -1 3461 3518 3397 -1 3364 3394 3396 -1 3397 3518 3362 -1 3518 3414 3362 -1 3488 3491 3423 -1 3423 3491 3408 -1 3461 3435 3518 -1 3435 3424 3430 -1 3424 3423 3430 -1 3435 3430 3433 -1 3408 3400 3423 -1 3432 3320 3440 -1 3518 3435 3436 -1 3518 3436 3438 -1 3518 3438 3517 -1 3440 3437 3432 -1 3439 3437 3440 -1 3438 3437 3439 -1 3404 3457 3454 -1 3512 3524 3515 -1 3525 3516 3515 -1 3525 3474 3516 -1 3524 3481 3420 -1 3472 3474 3477 -1 3525 3477 3474 -1 3484 3477 3525 -1 3524 3420 3525 -1 3420 3484 3525 -1 3363 3331 3412 -1 3412 3331 3329 -1 3415 3417 3526 -1 3527 3434 421 -1 3526 3417 3490 -1 3404 3511 3468 -1 3528 3415 3526 -1 3427 3529 3484 -1 3431 3530 3427 -1 3487 3489 3310 -1 3520 3419 3531 -1 3419 3503 3531 -1 3489 3532 3533 -1 3431 3492 3530 -1 3534 3492 3493 -1 3535 3493 3495 -1 3500 3535 3495 -1 3496 3536 3537 -1 3538 3539 3540 -1 3498 3538 3540 -1 3501 3334 3502 -1 3334 3501 3333 -1 3541 3330 3434 -1 3531 3503 3542 -1 3338 3337 3470 -1 3522 3542 3503 -1 3543 3442 3443 -1 3316 3443 3442 -1 3444 3276 3544 -1 3276 3407 3544 -1 3544 3407 3469 -1 3349 3322 3545 -1 3545 3322 3405 -1 3546 3453 3356 -1 3508 3506 3547 -1 3548 3509 3508 -1 3471 3467 3390 -1 3475 3467 3471 -1 3549 3415 3528 -1 3550 3551 3491 -1 3491 3488 3550 -1 3486 3552 3488 -1 3551 3490 3418 -1 3551 3418 3491 -1 3454 3513 3511 -1 3514 3511 3512 -1 3553 3514 3516 -1 3516 3514 3515 -1 3554 3553 3516 -1 3554 3473 3555 -1 3473 3554 3516 -1 3473 3556 3555 -1 3480 3484 3529 -1 3552 3557 3488 -1 3490 3558 3526 -1 3529 3427 3559 -1 3531 3533 3532 -1 3534 3493 3535 -1 3560 3561 3562 -1 3443 3254 3504 -1 3317 3444 3563 -1 428 3296 3564 -1 3296 3319 3564 -1 3565 3566 3567 -1 3565 3567 3568 -1 3539 3568 3569 -1 3335 3570 3502 -1 3544 3563 3444 -1 3469 3571 3544 -1 3572 3573 3450 -1 3506 3450 3573 -1 3451 3402 3403 -1 3346 3452 3507 -1 3507 3452 3545 -1 3452 3349 3545 -1 3405 3453 3574 -1 3356 3326 3575 -1 3547 3506 3573 -1 3548 3576 3509 -1 3485 3509 3576 -1 3577 3485 3576 -1 3549 3578 3579 -1 3578 3549 3528 -1 3577 3580 3485 -1 3485 3580 3486 -1 3514 3553 3581 -1 3480 3529 3582 -1 3478 3480 3582 -1 3583 3413 3584 -1 3584 3513 3583 -1 3584 3413 3481 -1 3524 3584 3481 -1 3487 3532 3489 -1 3487 3416 3520 -1 3532 3487 3520 -1 3520 3531 3532 -1 3483 3489 3519 -1 3519 3489 3533 -1 3519 3533 3536 -1 3542 3533 3531 -1 3533 3542 3585 -1 3533 3585 3536 -1 3565 3536 3585 -1 3496 3537 3499 -1 3536 3496 3519 -1 3586 3537 3536 -1 3538 3499 3537 -1 3537 3586 3538 -1 3565 3586 3536 -1 3586 3565 3539 -1 3583 3454 3455 -1 3568 3539 3565 -1 3499 3538 3498 -1 3539 3538 3586 -1 3539 3569 3540 -1 3466 3467 3587 -1 3467 3475 3587 -1 3587 3456 3466 -1 3455 3456 3583 -1 3587 3583 3456 -1 3476 3583 3587 -1 3587 3475 3476 -1 3540 3569 3588 -1 3542 3522 3561 -1 3522 3523 3589 -1 3589 3561 3522 -1 3523 3442 3543 -1 3589 3523 3543 -1 3560 3585 3542 -1 3561 3560 3542 -1 3560 3565 3585 -1 3560 3566 3565 -1 3568 3588 3569 -1 3513 3454 3583 -1 3513 3524 3512 -1 3524 3513 3584 -1 3515 3524 3525 -1 3477 3484 3480 -1 3583 3476 3413 -1 3488 3557 3550 -1 3528 3526 3558 -1 3590 3551 3550 -1 3591 3581 3553 -1 3559 3582 3529 -1 3582 3592 3478 -1 3534 3593 3492 -1 3527 421 480 -1 3594 3589 3595 -1 3596 3560 3562 -1 3504 3543 3443 -1 3317 3597 3504 -1 3597 3317 3563 -1 3568 3567 3588 -1 3563 3544 3571 -1 3469 3406 3598 -1 3406 3445 3599 -1 3600 3601 3602 -1 3599 3445 3348 -1 3564 467 428 -1 3564 3319 3603 -1 3541 3434 3527 -1 3335 3336 3570 -1 3336 3338 3570 -1 3446 3447 3604 -1 3446 3604 3605 -1 3505 3446 3605 -1 3546 3356 3575 -1 3326 3325 3575 -1 3590 3606 3490 -1 3490 3551 3590 -1 3486 3580 3552 -1 3555 3607 3554 -1 3607 3555 3556 -1 3559 3427 3608 -1 3530 3492 3593 -1 3609 3593 3534 -1 3543 3595 3589 -1 3595 3543 3597 -1 3595 3597 3594 -1 3543 3504 3597 -1 3594 3597 3563 -1 3601 3600 3610 -1 3594 3563 3571 -1 3571 3596 3594 -1 3469 3598 3571 -1 3598 3406 3599 -1 3601 3598 3599 -1 3601 3599 3602 -1 3611 3602 3599 -1 3611 3599 3348 -1 3603 3319 3501 -1 3338 3470 3612 -1 3399 3402 3470 -1 3450 3505 3605 -1 3572 3450 3605 -1 3613 3451 3507 -1 3614 3545 3405 -1 3453 3546 3574 -1 3578 3528 3615 -1 3558 3490 3606 -1 3575 3325 3468 -1 3616 3511 3514 -1 3468 3511 3616 -1 3427 3530 3608 -1 3561 3589 3562 -1 3589 3594 3562 -1 3594 3596 3562 -1 3596 3566 3560 -1 3566 3596 3617 -1 3617 3571 3610 -1 3596 3571 3617 -1 3567 3618 3588 -1 3617 3567 3566 -1 3567 3617 3600 -1 3600 3617 3610 -1 3600 3618 3567 -1 3619 3618 3600 -1 3571 3598 3610 -1 3598 3601 3610 -1 3602 3619 3600 -1 3620 3451 3613 -1 3614 3621 3545 -1 3574 3546 3622 -1 3616 3581 3623 -1 3514 3581 3616 -1 3554 3591 3553 -1 3624 3615 3528 -1 3528 3558 3624 -1 3530 3593 3625 -1 3609 3534 3535 -1 3603 3626 3564 -1 3627 3603 3501 -1 3501 3502 3627 -1 3402 3628 3470 -1 3507 3545 3621 -1 3405 3574 3629 -1 3546 3575 3630 -1 3548 3508 3631 -1 3607 3556 3632 -1 3606 3590 3633 -1 3577 3634 3580 -1 3634 3552 3580 -1 3590 3550 3557 -1 3633 3590 3557 -1 3635 3625 3593 -1 3593 3609 3635 -1 3627 3502 3636 -1 3502 3570 3636 -1 3338 3612 3570 -1 3608 3530 3625 -1 3468 3630 3575 -1 551 467 3564 -1 3626 551 3564 -1 3581 3591 3623 -1 3554 3607 3591 -1 3592 3582 3637 -1 3582 3559 3638 -1 3605 3639 3572 -1 3451 3628 3402 -1 3573 3640 3547 -1 3577 3576 3641 -1 3642 3557 3552 -1 3606 3633 3558 -1 3616 3643 3468 -1 599 3644 2436 -1 3616 3623 3645 -1 3646 3626 3603 -1 3603 3627 3646 -1 3647 3527 480 -1 3637 3582 3638 -1 3638 3559 3608 -1 3648 3612 3470 -1 3649 3592 3637 -1 3628 3451 3620 -1 3614 3405 3629 -1 3629 3574 3622 -1 3622 3546 3650 -1 3548 3641 3576 -1 3578 3615 3651 -1 3552 3634 3642 -1 3633 3652 3558 -1 3612 3636 3570 -1 3605 3604 3653 -1 3508 3547 3631 -1 599 2436 594 -1 3591 3607 3654 -1 2436 3644 3655 -1 3656 3655 3644 -1 3656 3657 3655 -1 3646 3627 3636 -1 3657 3658 3655 -1 3658 3657 3659 -1 3470 3628 3648 -1 3572 3660 3573 -1 3621 3613 3507 -1 3621 3614 3661 -1 3629 3661 3614 -1 3650 3546 3630 -1 3641 3634 3577 -1 3579 3578 3662 -1 3651 3662 3578 -1 3633 3557 3663 -1 3651 3615 3624 -1 3624 3558 3652 -1 3655 3658 2437 -1 599 626 3644 -1 644 3626 3646 -1 3643 3630 3468 -1 3632 3664 3607 -1 3664 3632 3665 -1 3656 3666 3657 -1 3638 3608 3667 -1 3668 3612 3648 -1 3657 3666 3659 -1 3658 3659 3669 -1 3605 3653 3670 -1 3605 3670 3639 -1 3640 3573 3660 -1 3628 3620 3671 -1 3651 3624 3672 -1 3673 3634 3641 -1 3557 3642 3674 -1 3625 3667 3608 -1 3635 3667 3625 -1 644 551 3626 -1 3636 3612 3668 -1 626 3656 3644 -1 2436 3655 2437 -1 3669 3675 3658 -1 3646 3636 3676 -1 3643 3616 3645 -1 3650 3629 3622 -1 3623 3591 3654 -1 3547 3640 3631 -1 3677 3548 3631 -1 3654 3607 3664 -1 3667 3678 3638 -1 3679 3651 3680 -1 3642 3634 3681 -1 3663 3557 3674 -1 3682 3633 3663 -1 3683 3624 3652 -1 3667 3635 3678 -1 3658 3675 2437 -1 658 644 3646 -1 3684 3666 3656 -1 3646 3676 3685 -1 3628 3671 3648 -1 3645 3623 3654 -1 3670 3653 3686 -1 3669 3659 3687 -1 3688 3669 3687 -1 3689 3620 3613 -1 3650 3630 3690 -1 3660 3691 3640 -1 3691 3631 3640 -1 3641 3548 3677 -1 3692 3641 3677 -1 3693 3641 3692 -1 3672 3624 3683 -1 3673 3641 3693 -1 3634 3673 3681 -1 3674 3642 3681 -1 3633 3682 3652 -1 2436 2438 594 -1 658 3646 3685 -1 3684 3656 626 -1 3676 3636 3668 -1 3669 3688 3675 -1 3660 3572 3694 -1 3572 3639 3694 -1 3687 3659 3666 -1 3666 3695 3687 -1 3689 3613 3696 -1 3613 3621 3696 -1 3621 3661 3696 -1 3661 3629 3697 -1 3643 3690 3630 -1 3643 3645 3698 -1 3694 3691 3660 -1 3691 3699 3677 -1 3691 3677 3631 -1 3679 3662 3651 -1 3680 3672 3700 -1 3651 3672 3680 -1 3682 3701 3652 -1 3668 3702 3703 -1 3704 3668 3648 -1 3671 3704 3648 -1 3687 3705 3688 -1 3689 3706 3620 -1 3629 3650 3697 -1 3672 3707 3700 -1 3683 3707 3672 -1 3683 3701 3708 -1 3652 3701 3683 -1 712 658 3685 -1 619 594 2438 -1 3709 3684 711 -1 3710 3709 711 -1 3685 3676 3703 -1 3668 3703 3676 -1 3695 3666 3709 -1 3706 3671 3620 -1 3694 3699 3691 -1 3711 3699 3694 -1 712 3703 3710 -1 3668 3704 3702 -1 3694 3639 3712 -1 3687 3713 3714 -1 3713 3687 3695 -1 3705 3687 3714 -1 3671 3706 3704 -1 3715 3698 3645 -1 3645 3654 3716 -1 3654 3664 3665 -1 3696 3661 3697 -1 3697 3650 3690 -1 3692 3677 3699 -1 3717 3662 3679 -1 3663 3718 3682 -1 3710 3703 3702 -1 3675 3688 3719 -1 3690 3720 3697 -1 3721 3699 3722 -1 3699 3693 3692 -1 3693 3699 3721 -1 3712 3723 3724 -1 3679 3680 3700 -1 3707 3683 3725 -1 3683 3708 3725 -1 3726 3681 3727 -1 3674 3681 3726 -1 3726 3663 3674 -1 3718 3701 3682 -1 626 711 3684 -1 3710 711 712 -1 3685 3703 712 -1 2438 2518 619 -1 3709 3710 3728 -1 3709 3728 3695 -1 3675 2544 2437 -1 3690 3643 3698 -1 3716 3715 3645 -1 3716 3654 3729 -1 3728 3710 3702 -1 3694 3712 3730 -1 3695 3728 3731 -1 3702 3731 3728 -1 3704 3731 3702 -1 3675 2545 2544 -1 3705 3719 3688 -1 3689 3732 3706 -1 3689 3696 3732 -1 3720 3690 3733 -1 3665 3729 3654 -1 3722 3699 3734 -1 3717 3679 3735 -1 3718 3663 3726 -1 3712 3724 3730 -1 3704 3706 3731 -1 3706 3736 3731 -1 3737 3738 3705 -1 3705 3714 3737 -1 3706 3732 3736 -1 3696 3697 3732 -1 3732 3697 3720 -1 3679 3739 3735 -1 3739 3679 3700 -1 3734 3740 3722 -1 3741 3707 3725 -1 3725 3708 3741 -1 3673 3693 3742 -1 3681 3673 3742 -1 3675 3719 2545 -1 3711 3694 3730 -1 3695 3731 3713 -1 3698 3733 3690 -1 3743 3711 3730 -1 3738 3737 3744 -1 3738 3744 3745 -1 3737 3714 3744 -1 3715 3746 3698 -1 3747 3724 3748 -1 3749 3729 3750 -1 3665 3750 3729 -1 3734 3711 3743 -1 3740 3734 3751 -1 3722 3740 3752 -1 3753 3700 3707 -1 3741 3753 3707 -1 3742 3693 3721 -1 3721 3752 3742 -1 3742 3754 3681 -1 3727 3681 3754 -1 3701 3755 3708 -1 3718 3726 3756 -1 3714 3757 3744 -1 3758 3744 3757 -1 3720 3759 3732 -1 3760 3761 3762 -1 3745 3763 3738 -1 3720 3764 3759 -1 3762 3765 3766 -1 3716 3746 3715 -1 3733 3698 3746 -1 3748 3767 3747 -1 3748 3735 3767 -1 3739 3767 3735 -1 3768 3739 3700 -1 3743 3747 3751 -1 3751 3734 3743 -1 3752 3740 3769 -1 3755 3770 3741 -1 3752 3754 3742 -1 3755 3741 3708 -1 3755 3701 3718 -1 3718 3756 3755 -1 3726 3727 3756 -1 3731 3771 3713 -1 3772 3771 3731 -1 3731 3736 3772 -1 3772 3736 3773 -1 3713 3774 3714 -1 2545 3719 2566 -1 3774 3713 3771 -1 3719 3705 3738 -1 3733 3764 3720 -1 3746 3716 3775 -1 3730 3724 3743 -1 3729 3749 3775 -1 3747 3743 3724 -1 3722 3752 3721 -1 3761 3765 3762 -1 3776 3758 3757 -1 3760 3762 3777 -1 3766 3777 3762 -1 3732 3759 3736 -1 3778 3733 3746 -1 3745 3744 3758 -1 3745 3758 3760 -1 3760 3758 3761 -1 3747 3767 3779 -1 3768 3779 3767 -1 3739 3768 3767 -1 3740 3751 3769 -1 3753 3741 3770 -1 3753 3768 3700 -1 3752 3769 3754 -1 3780 3736 3759 -1 3776 3761 3758 -1 3745 3760 3781 -1 3777 3782 3760 -1 3763 3745 3783 -1 3764 3780 3759 -1 3784 3780 3764 -1 3785 3765 3786 -1 3733 3778 3784 -1 3787 3770 3755 -1 3754 3787 3727 -1 3769 3787 3754 -1 3727 3787 3756 -1 3756 3787 3755 -1 3766 3788 3777 -1 2546 2566 3789 -1 3773 3771 3772 -1 3773 3790 3771 -1 2546 3789 2581 -1 3771 3790 3774 -1 3789 2566 3791 -1 3791 2566 3719 -1 3791 3719 3763 -1 3719 3738 3763 -1 3736 3780 3773 -1 3765 3785 3766 -1 3778 3746 3792 -1 3784 3764 3733 -1 3792 3775 3793 -1 3775 3792 3746 -1 3794 3775 3749 -1 3751 3747 3795 -1 3768 3753 3796 -1 3795 3769 3751 -1 3797 3788 3798 -1 3799 3786 3765 -1 3795 3747 3779 -1 3768 3795 3779 -1 3745 3781 3783 -1 3796 3769 3795 -1 3769 3796 3787 -1 3770 3796 3753 -1 3787 3796 3770 -1 3797 3800 3788 -1 3761 3799 3765 -1 3763 3783 3791 -1 3801 3778 3792 -1 3802 3803 3797 -1 3786 3804 3793 -1 3782 3788 3800 -1 3788 3782 3777 -1 3801 3792 3793 -1 3805 3806 3785 -1 3786 3805 3785 -1 3807 3805 3786 -1 3788 3766 3785 -1 3802 3797 3798 -1 3807 3775 3794 -1 3793 3807 3786 -1 3807 3793 3775 -1 3798 3788 3806 -1 3788 3785 3806 -1 3749 3808 3794 -1 3774 3790 3809 -1 3809 3757 3774 -1 3790 3773 3810 -1 3809 3790 3810 -1 3757 3809 3776 -1 3811 3810 3773 -1 3780 3811 3773 -1 3780 3784 3811 -1 3809 3812 3776 -1 3782 3781 3760 -1 3761 3776 3799 -1 3796 3795 3768 -1 3789 2592 2581 -1 3799 3804 3786 -1 3803 2587 3813 -1 3804 3801 3793 -1 2592 3789 3814 -1 3789 3791 3814 -1 3803 3802 2587 -1 3783 3814 3791 -1 3803 3800 3797 -1 3805 3815 3806 -1 3794 3805 3807 -1 3813 2587 2571 -1 2592 3813 2571 -1 3815 3805 3794 -1 3814 3803 2592 -1 3814 3783 3781 -1 3781 3816 3814 -1 3803 3813 2592 -1 3803 3816 3800 -1 3814 3816 3803 -1 3816 3781 3800 -1 3800 3781 3782 -1 3809 3810 3812 -1 3799 3776 3812 -1 3804 3799 3812 -1 3811 3784 3817 -1 3810 3811 3817 -1 3817 3812 3810 -1 3817 3784 3778 -1 3778 3801 3817 -1 3804 3817 3801 -1 3812 3817 3804 -1 699 619 2518 -1 3699 3711 3734 -1 3729 3775 3716 -1 3757 3714 3774 -1 3709 3666 3684 -1 3818 3819 3820 -1 2744 3821 3819 -1 3820 3819 3821 -1 3822 3823 3820 -1 3822 3821 3824 -1 3821 3825 3824 -1 3821 3822 3820 -1 3824 3825 2980 -1 3826 202 3827 -1 3828 3829 3830 -1 3829 3831 3832 -1 3831 3829 3833 -1 3830 3834 3835 -1 3836 3837 3838 -1 3839 3840 3841 -1 3834 3830 3842 -1 279 324 3843 -1 3844 3842 3830 -1 3838 3845 3836 -1 324 3846 3847 -1 3839 3841 3848 -1 3839 3849 3850 -1 3845 3851 3836 -1 3852 3853 3854 -1 3855 3856 3854 -1 3855 3854 3853 -1 3839 3857 3858 -1 3858 3849 3839 -1 3859 3860 3851 -1 3860 3859 3853 -1 3855 3853 3861 -1 3853 3859 3861 -1 3851 3860 3836 -1 3857 3862 3858 -1 3863 3862 3864 -1 3858 3862 3863 -1 3865 3849 3858 -1 2742 3819 3866 -1 3867 3868 3869 -1 3868 3867 3870 -1 3866 3819 3818 -1 3820 3823 3818 -1 3868 3870 3823 -1 3868 3823 3871 -1 3871 3869 3868 -1 3871 3823 3822 -1 3822 3872 3871 -1 3873 3871 3872 -1 3874 3871 3873 -1 3874 3873 3875 -1 3872 3822 3876 -1 3876 3822 3824 -1 2801 2816 3825 -1 2980 3825 2816 -1 2816 2983 2980 -1 2980 3876 3824 -1 2980 3877 3876 -1 3878 3875 3873 -1 3846 324 202 -1 3826 3846 202 -1 3827 202 203 -1 203 204 3827 -1 325 3827 204 -1 3826 3827 3879 -1 3827 325 3880 -1 3846 3835 3847 -1 3835 3846 3826 -1 3830 3835 3828 -1 3829 3844 3830 -1 3881 3844 3829 -1 3881 3829 3832 -1 3882 3881 3883 -1 3881 3832 3883 -1 3883 3832 3884 -1 3883 3884 3885 -1 3886 3852 3854 -1 3835 3826 3879 -1 3828 3835 3879 -1 3828 3879 3887 -1 3888 3887 3879 -1 3828 3887 3829 -1 3832 3831 3884 -1 3884 3831 3889 -1 3890 3831 3833 -1 3891 3890 3833 -1 3892 3890 3891 -1 3852 3860 3853 -1 3893 3894 3837 -1 3860 3852 3837 -1 3836 3860 3837 -1 3894 3838 3837 -1 3891 3833 3895 -1 3892 3891 3893 -1 3896 3891 3895 -1 3894 3893 3896 -1 3896 3893 3891 -1 3866 354 2742 -1 3819 2742 2744 -1 3897 2744 2743 -1 3897 2743 2801 -1 3823 3870 3818 -1 2744 3897 3821 -1 2801 3825 3897 -1 3821 3897 3825 -1 3872 3876 3898 -1 2980 2979 3877 -1 3847 3843 324 -1 3839 3850 3840 -1 3847 3835 3834 -1 3885 3899 3900 -1 3865 3901 3902 -1 3827 3888 3879 -1 3880 3888 3827 -1 3887 3888 3903 -1 3904 3829 3887 -1 3829 3904 3833 -1 3903 3888 3880 -1 3903 3880 3905 -1 3887 3906 3904 -1 3906 3887 3903 -1 3907 3906 3908 -1 3904 3906 3909 -1 3833 3904 3895 -1 3910 3911 3912 -1 3912 3911 3818 -1 3911 3910 3913 -1 3895 3904 3909 -1 3866 3818 3913 -1 3911 3913 3818 -1 3909 3906 3907 -1 3870 3867 3912 -1 3870 3912 3818 -1 3909 3907 3914 -1 3915 3909 3914 -1 3831 3916 3889 -1 3917 3869 3918 -1 3890 3916 3831 -1 3919 3889 3920 -1 3921 3837 3852 -1 3869 3874 3918 -1 3893 3837 3921 -1 3871 3874 3869 -1 3909 3915 3895 -1 3922 3874 3875 -1 3895 3915 3896 -1 3923 3922 3875 -1 3924 3915 3914 -1 3925 3915 3924 -1 3896 3915 3925 -1 3925 3926 3896 -1 3896 3926 3927 -1 3875 3878 3928 -1 3878 3929 3928 -1 3896 3927 3894 -1 3894 3927 3930 -1 3838 3894 3930 -1 3838 3930 3931 -1 3872 3898 3873 -1 3898 3932 3873 -1 3878 3873 3932 -1 3933 3898 3876 -1 3932 3898 3933 -1 3933 3878 3932 -1 3878 3933 3934 -1 3878 3935 3929 -1 3934 3935 3878 -1 3934 3933 3019 -1 3936 3934 3019 -1 359 352 3937 -1 351 362 3938 -1 3910 3939 3940 -1 3910 3941 3939 -1 3856 3942 3854 -1 3855 3943 3856 -1 3943 3855 3857 -1 3848 3943 3839 -1 3839 3943 3857 -1 3841 3944 3848 -1 3851 3845 3945 -1 3859 3851 3946 -1 3946 3851 3945 -1 3862 3857 3864 -1 3864 3857 3861 -1 3863 3864 3947 -1 3845 3838 3931 -1 3945 3931 3948 -1 3945 3948 3946 -1 3949 3946 3948 -1 3946 3947 3861 -1 3950 3947 3951 -1 3863 3947 3950 -1 3952 3863 3950 -1 3947 3946 3951 -1 3951 3946 3949 -1 3865 3850 3849 -1 3850 3865 3902 -1 3865 3858 3863 -1 3865 3863 3952 -1 3901 3865 3952 -1 3952 3953 3901 -1 3952 3954 3953 -1 3910 3955 3913 -1 366 279 3843 -1 325 349 3880 -1 3844 3881 3956 -1 3881 3882 3956 -1 3889 3885 3884 -1 3899 3885 3889 -1 3889 3919 3899 -1 3886 3899 3919 -1 3886 3919 3852 -1 3942 3886 3854 -1 3953 3954 3957 -1 3920 3916 3890 -1 3958 3959 3843 -1 3902 3901 3953 -1 3843 3847 3958 -1 3847 3834 3958 -1 3960 3961 3962 -1 3957 3954 3963 -1 3954 3964 3963 -1 3965 3966 3967 -1 3920 3893 3921 -1 3903 3908 3906 -1 3908 3903 3905 -1 3867 3941 3912 -1 3968 3907 3908 -1 3969 3941 3867 -1 3969 3867 3970 -1 3971 3907 3968 -1 3916 3920 3889 -1 3970 3917 3972 -1 3892 3893 3920 -1 3920 3890 3892 -1 3970 3869 3917 -1 3919 3920 3921 -1 3921 3852 3919 -1 3867 3869 3970 -1 3973 3930 3927 -1 3931 3930 3974 -1 3975 3976 3977 -1 358 3978 357 -1 3978 358 360 -1 3979 3977 3980 -1 3981 357 3978 -1 3979 3975 3977 -1 3979 3982 3975 -1 3979 3980 3983 -1 3983 3984 3979 -1 3979 3984 3985 -1 3986 360 359 -1 3922 3923 3983 -1 3987 359 3937 -1 3980 3922 3983 -1 3988 3984 3928 -1 3938 3937 352 -1 3938 3989 3937 -1 3935 3990 3929 -1 351 3938 352 -1 3990 3935 3991 -1 364 3940 361 -1 3936 3019 3050 -1 362 361 3940 -1 3934 3992 3935 -1 3993 3935 3992 -1 3992 3934 3936 -1 3936 3994 3992 -1 3992 3994 3993 -1 3914 3907 3971 -1 3936 3050 3053 -1 3914 3971 3995 -1 3996 3995 3971 -1 3994 3936 3053 -1 3054 3994 3053 -1 3997 3998 3996 -1 3843 3959 366 -1 3998 3999 3996 -1 349 3905 3880 -1 349 3981 3905 -1 3981 349 357 -1 3842 3844 4000 -1 3999 4001 4002 -1 3844 3956 4000 -1 4000 3956 4003 -1 4002 4004 3996 -1 3899 3886 3900 -1 3942 3900 3886 -1 3924 3914 3995 -1 3925 3924 4005 -1 3926 3973 3927 -1 3930 3973 3974 -1 3975 3982 4006 -1 4007 3996 4008 -1 4004 4008 3996 -1 4004 4009 4008 -1 4010 3982 4011 -1 3982 3979 3985 -1 4012 3985 3984 -1 4001 3999 3989 -1 4011 3982 3985 -1 4011 3985 4013 -1 4014 3989 3938 -1 4004 4002 4015 -1 4015 4016 4009 -1 3990 4017 3988 -1 4017 3990 3991 -1 3993 4018 4019 -1 4018 3993 3994 -1 4016 4015 4020 -1 4018 3994 3054 -1 4008 4009 4021 -1 4016 4021 4009 -1 3054 3060 4018 -1 4014 3938 362 -1 362 3939 4014 -1 3939 362 3940 -1 4014 4022 4020 -1 4014 3939 4022 -1 4022 3939 3941 -1 4023 4022 3941 -1 4020 4022 4023 -1 4024 4020 4023 -1 4025 4020 4024 -1 4026 4021 4027 -1 4028 4027 4021 -1 4029 4030 4031 -1 4032 4030 3976 -1 3976 4029 3977 -1 4030 4029 3976 -1 4006 4032 3975 -1 3976 3975 4032 -1 4033 3942 3856 -1 4033 3856 3943 -1 3840 3850 4034 -1 3945 3845 3931 -1 3951 4035 3950 -1 4036 3954 3952 -1 3950 4036 3952 -1 4036 3950 4035 -1 3964 3954 4036 -1 4037 3949 3948 -1 3951 3949 4035 -1 4038 4035 4039 -1 4036 4035 4038 -1 4040 3961 3960 -1 4041 4042 4006 -1 4043 4006 3982 -1 3982 4010 4043 -1 364 3955 3940 -1 3955 3910 3940 -1 3955 364 363 -1 3987 3937 3989 -1 4002 3996 3999 -1 4009 4004 4015 -1 4026 4008 4021 -1 3861 3859 3946 -1 3861 3857 3855 -1 3861 3947 3864 -1 353 3955 363 -1 3913 3955 353 -1 3913 353 3866 -1 3866 353 354 -1 3912 3941 3910 -1 3874 4044 3918 -1 3928 3983 3923 -1 3928 3923 3875 -1 3928 3984 3983 -1 3988 3928 3990 -1 3929 3990 3928 -1 3933 3876 3877 -1 3877 2979 3933 -1 2979 3019 3933 -1 3991 3935 3993 -1 3965 4045 4046 -1 3882 3883 4047 -1 4047 4003 3882 -1 3962 3961 4048 -1 4040 3960 4049 -1 4050 4045 4051 -1 3965 4051 4045 -1 3885 3900 4052 -1 3965 3967 4051 -1 4053 4051 3967 -1 3953 3957 4054 -1 3962 4055 4056 -1 3962 4048 4055 -1 4057 4058 4059 -1 4060 3991 3993 -1 4061 4058 4057 -1 4060 3993 4062 -1 4058 4063 4064 -1 4063 4058 4061 -1 3993 4065 4062 -1 4061 4057 4066 -1 4066 4067 4061 -1 4067 4066 4031 -1 4061 4067 4068 -1 4063 4061 4068 -1 4068 4067 4069 -1 4070 4071 3062 -1 4072 4027 4028 -1 4027 4031 4066 -1 4065 4019 4018 -1 3060 4065 4018 -1 3096 4065 3060 -1 4072 4024 3972 -1 4071 4073 4074 -1 4071 4074 3096 -1 4027 4072 4029 -1 4027 4029 4031 -1 3062 4071 3096 -1 4029 4072 3977 -1 4075 3062 3061 -1 4075 3061 3100 -1 4031 4032 4069 -1 4032 4031 4030 -1 4042 4068 4069 -1 4006 4042 4069 -1 4069 4032 4006 -1 4076 3942 4077 -1 4033 4077 3942 -1 4078 4033 3943 -1 3848 4078 3943 -1 3840 3944 3841 -1 3850 3902 4079 -1 3957 3963 4080 -1 3834 3842 3958 -1 3974 3948 3931 -1 3956 3882 4003 -1 4081 3948 3974 -1 3883 3885 4082 -1 4037 3948 4081 -1 4037 4081 4083 -1 4084 3942 4076 -1 3900 3942 4084 -1 4081 3974 4083 -1 4085 4083 3974 -1 4037 4086 3949 -1 3908 3905 3981 -1 4087 3908 3981 -1 3949 4039 4035 -1 4086 4039 3949 -1 3986 3978 360 -1 4038 4039 4046 -1 3987 3986 359 -1 4087 3981 3978 -1 4037 4083 4088 -1 4089 4090 4064 -1 4089 4064 4091 -1 4092 4091 4093 -1 3997 3968 4087 -1 4086 4037 4094 -1 4086 4094 4039 -1 4094 4037 4095 -1 3998 3997 3986 -1 4094 4096 4039 -1 3971 3968 3997 -1 4039 4096 4046 -1 4096 4094 4097 -1 4096 4097 4046 -1 3971 3997 3996 -1 4094 4092 4098 -1 3986 3987 3998 -1 4045 4036 4038 -1 3964 4036 4045 -1 4050 3964 4045 -1 4045 4038 4046 -1 3965 4046 3966 -1 3989 3999 3987 -1 3998 3987 3999 -1 3966 4046 4056 -1 4099 3966 4056 -1 4056 4055 4099 -1 4097 4056 4046 -1 4099 4055 4100 -1 4100 4055 4048 -1 3924 3995 4101 -1 4091 4064 4063 -1 4007 3995 3996 -1 3995 4007 4101 -1 4063 4093 4091 -1 4102 4101 4007 -1 4102 4005 4101 -1 4093 4063 4103 -1 4005 3924 4101 -1 4104 4105 4093 -1 4092 4093 4105 -1 4106 3926 3925 -1 3926 4106 3973 -1 4068 4042 4063 -1 4042 4104 4063 -1 4042 4041 4104 -1 4107 4104 4041 -1 4106 3925 4005 -1 4085 3973 4106 -1 4102 4108 4005 -1 4005 4085 4106 -1 4085 4005 4108 -1 3974 3973 4085 -1 4109 4092 4105 -1 4008 4102 4007 -1 4041 4043 4107 -1 4041 4006 4043 -1 4008 4059 4102 -1 4059 4008 4026 -1 4057 4059 4026 -1 4110 4043 4111 -1 4085 4108 4090 -1 4083 4085 4090 -1 4088 4083 4090 -1 3972 3969 3970 -1 4058 4108 4059 -1 3917 4044 4072 -1 4108 4064 4090 -1 3977 4072 4044 -1 4108 4058 4064 -1 3918 4044 3917 -1 4014 4001 3989 -1 3977 4044 3980 -1 4044 3874 3922 -1 4001 4014 4015 -1 3980 4044 3922 -1 4015 4014 4020 -1 4001 4015 4002 -1 4020 4025 4016 -1 4111 4043 4010 -1 4112 4110 4111 -1 4021 4016 4025 -1 4025 4028 4021 -1 4111 4010 4011 -1 4112 4111 4011 -1 4013 3985 4012 -1 4011 4113 4114 -1 4028 4025 4024 -1 4013 4113 4011 -1 4024 4023 3969 -1 3941 3969 4023 -1 4114 4115 4112 -1 4024 3969 3972 -1 4011 4114 4112 -1 4114 4113 4116 -1 4115 4114 4117 -1 3984 3988 4012 -1 3988 4118 4012 -1 4013 4012 4118 -1 4118 3988 4017 -1 4017 4119 4118 -1 3991 4119 4017 -1 4053 4050 4051 -1 3967 3966 4099 -1 4056 4097 3962 -1 3902 4054 4079 -1 4120 4049 3960 -1 3962 4120 3960 -1 3962 4097 4121 -1 4122 4060 4062 -1 4065 3993 4019 -1 4065 4074 4062 -1 3944 4078 3848 -1 3902 3953 4054 -1 4054 3957 4123 -1 3963 3964 4080 -1 4080 3964 4050 -1 4080 4050 4053 -1 4088 4095 4037 -1 4089 4095 4088 -1 4095 4089 4091 -1 4095 4092 4094 -1 4091 4092 4095 -1 4094 4098 4097 -1 4099 4100 4124 -1 4048 3961 4125 -1 4093 4103 4104 -1 4103 4063 4104 -1 366 3959 4126 -1 4105 4104 4127 -1 4127 4104 4107 -1 4092 4109 4128 -1 4074 4073 4062 -1 4062 4073 4129 -1 4071 4129 4073 -1 4130 4105 4127 -1 4105 4130 4109 -1 4131 4109 4130 -1 4071 4070 4132 -1 4127 4107 4133 -1 4110 4107 4043 -1 4130 4133 4134 -1 4133 4107 4110 -1 4070 3062 4075 -1 4135 4110 4112 -1 4115 4135 4112 -1 4065 3096 4074 -1 3961 4040 4125 -1 4136 4070 4075 -1 4137 4136 4075 -1 4102 4059 4108 -1 3100 3116 4075 -1 4137 4075 3116 -1 4117 4114 4116 -1 4117 4116 4138 -1 4013 4139 4113 -1 4118 4119 4013 -1 4139 4013 4140 -1 4119 3991 4060 -1 4122 4119 4060 -1 4141 4132 4142 -1 4087 3978 3986 -1 3968 3908 4087 -1 3986 3997 4087 -1 4027 4057 4026 -1 4057 4027 4066 -1 4024 4072 4028 -1 4069 4067 4031 -1 4088 4090 4089 -1 3917 4072 3972 -1 3967 4099 4124 -1 4143 4116 4139 -1 4049 4120 4040 -1 4144 4100 4048 -1 4128 4098 4092 -1 4128 4109 4131 -1 4134 4131 4130 -1 4131 4134 4145 -1 4127 4133 4130 -1 4146 4133 4110 -1 4134 4133 4146 -1 4134 4146 4145 -1 4110 4147 4146 -1 4147 4110 4135 -1 4115 4147 4135 -1 4148 4147 4115 -1 4115 4117 4149 -1 4149 4117 4150 -1 4119 4140 4013 -1 4140 4119 4122 -1 4116 4113 4139 -1 4141 4139 4140 -1 4143 4139 4141 -1 4143 4138 4116 -1 4143 4141 4142 -1 4140 4122 4141 -1 4141 4122 4129 -1 4132 4141 4129 -1 4003 4047 4151 -1 4142 4152 4143 -1 4142 4153 4152 -1 4047 3883 4082 -1 3885 4052 4082 -1 4052 3900 4154 -1 4132 4129 4071 -1 4129 4122 4062 -1 4034 3850 4079 -1 4070 4142 4132 -1 4079 4054 4155 -1 3957 4080 4123 -1 4142 4136 4153 -1 4123 4080 4053 -1 4070 4136 4142 -1 3116 3190 4137 -1 3962 4121 4156 -1 4157 3962 4156 -1 3962 4157 4120 -1 4125 4040 4120 -1 4125 4120 4157 -1 4100 4158 4124 -1 4146 4159 4145 -1 4160 4159 4146 -1 4148 4160 4146 -1 4148 4146 4147 -1 4125 4161 4048 -1 4115 4149 4148 -1 4152 4138 4143 -1 4136 4162 4153 -1 4163 4162 4136 -1 4136 4137 4163 -1 3959 3958 4164 -1 4000 4003 4165 -1 4166 4165 4003 -1 4166 4003 4151 -1 4151 4047 4082 -1 4084 4154 3900 -1 4033 4167 4077 -1 4168 3967 4124 -1 4126 378 366 -1 4157 4169 4125 -1 4161 4125 4169 -1 4170 4152 4171 -1 4171 4152 4172 -1 4168 4053 3967 -1 4158 4100 4144 -1 4098 4128 4121 -1 4131 4121 4128 -1 4148 4149 4173 -1 4174 4150 4117 -1 4138 4174 4117 -1 4138 4175 4174 -1 4152 4175 4138 -1 4172 4152 4153 -1 4153 4162 4172 -1 4164 4126 3959 -1 4164 3958 4176 -1 4176 3958 3842 -1 4177 4082 4052 -1 4177 4052 4154 -1 4154 4084 4178 -1 4084 4076 4178 -1 3944 3840 4179 -1 4180 4179 3840 -1 3840 4034 4180 -1 4181 4180 4034 -1 4098 4121 4097 -1 4156 4169 4157 -1 4182 4053 4183 -1 4168 4183 4053 -1 4168 4124 4184 -1 4124 4158 4184 -1 4144 4048 4185 -1 4048 4161 4185 -1 4156 4121 4186 -1 4186 4121 4131 -1 4169 4156 4186 -1 4186 4131 4145 -1 4160 4148 4173 -1 4152 4170 4175 -1 4163 4137 3190 -1 4176 3842 4187 -1 3842 4000 4187 -1 3944 4179 4188 -1 4155 4054 4189 -1 4123 4189 4054 -1 4123 4053 4182 -1 4167 4033 4078 -1 4190 4170 4171 -1 4078 3944 4188 -1 4034 4079 4181 -1 4079 4155 4181 -1 4158 4144 4185 -1 4185 4161 4191 -1 4192 4169 4186 -1 4169 4192 4161 -1 4192 4191 4161 -1 4186 4145 4193 -1 4194 4193 4145 -1 4159 4194 4145 -1 4160 4173 4159 -1 4177 4154 4195 -1 4082 4177 4151 -1 4178 4196 4154 -1 4186 4193 4192 -1 4163 3190 4197 -1 4174 4175 4198 -1 4199 4167 4078 -1 4188 4199 4078 -1 4123 4200 4189 -1 4162 4201 4172 -1 4176 4187 4202 -1 4203 4202 4187 -1 4165 4187 4000 -1 4204 4165 4166 -1 4076 4205 4178 -1 4205 4076 4077 -1 4179 4180 4206 -1 3136 4197 3190 -1 4171 4207 4190 -1 4192 4193 4208 -1 4209 4193 4194 -1 4205 4196 4178 -1 4210 4188 4179 -1 4211 4155 4189 -1 4212 4183 4168 -1 4191 4192 4213 -1 4194 4159 4209 -1 4159 4173 4214 -1 4214 4209 4159 -1 4215 4173 4149 -1 4149 4150 4215 -1 4150 4174 4215 -1 4170 4190 4175 -1 4207 4171 4172 -1 4203 4187 4165 -1 4201 4207 4172 -1 4162 4163 4201 -1 4201 4163 4197 -1 4190 4207 4216 -1 4217 4167 4199 -1 4218 4199 4188 -1 4155 4211 4181 -1 4189 4200 4219 -1 4123 4182 4200 -1 4184 4212 4168 -1 4184 4220 4212 -1 4158 4220 4184 -1 4213 4192 4208 -1 4193 4209 4208 -1 4221 4214 4173 -1 4173 4215 4221 -1 4198 4175 4222 -1 4175 4190 4222 -1 4223 4224 4197 -1 3136 3216 4197 -1 4126 4164 4225 -1 4151 4177 4226 -1 4154 4196 4195 -1 4227 4077 4167 -1 4228 4217 4229 -1 4126 4225 378 -1 4164 4176 4202 -1 4203 4165 4230 -1 4151 4226 4231 -1 4217 4199 4229 -1 4218 4229 4199 -1 4188 4210 4218 -1 4232 4210 4179 -1 4232 4179 4206 -1 4180 4181 4206 -1 4211 4189 4219 -1 4183 4233 4182 -1 4185 4234 4158 -1 4191 4213 4235 -1 4222 4190 4216 -1 4223 4197 3216 -1 399 378 4225 -1 4236 4225 4164 -1 4202 4236 4164 -1 4177 4195 4226 -1 4235 4234 4185 -1 4185 4191 4235 -1 4237 4209 4214 -1 4214 4221 4237 -1 4215 4174 4198 -1 4197 4224 4201 -1 4077 4238 4205 -1 4077 4227 4238 -1 4233 4183 4212 -1 4220 4158 4234 -1 4239 4208 4209 -1 4166 4151 4240 -1 4240 4151 4231 -1 4241 4221 4215 -1 4242 4195 4196 -1 4198 4241 4215 -1 4196 4205 4243 -1 4216 4207 4244 -1 4245 4228 4229 -1 4246 4232 4206 -1 4206 4181 4246 -1 4211 4246 4181 -1 4219 4200 4247 -1 4207 4201 4244 -1 4244 4201 4248 -1 4248 4201 4224 -1 4249 4233 4212 -1 4234 4235 4250 -1 4236 4202 4251 -1 4195 4242 4226 -1 4221 4241 4237 -1 4222 4241 4198 -1 4222 4216 4252 -1 4253 4254 4255 -1 4254 4253 4256 -1 4227 4167 4257 -1 4217 4257 4167 -1 4217 4228 4257 -1 4218 4210 4232 -1 4246 4211 4258 -1 4259 4247 4200 -1 4259 4233 4260 -1 4182 4233 4259 -1 4260 4233 4249 -1 4200 4182 4259 -1 4223 3216 3263 -1 4261 4262 4263 -1 4264 4263 4262 -1 4264 4265 4263 -1 4248 4224 4266 -1 4249 4212 4267 -1 4268 4212 4220 -1 4268 4220 4234 -1 4268 4234 4250 -1 4250 4235 4269 -1 4269 4235 4213 -1 4269 4213 4270 -1 4270 4213 4208 -1 4237 4239 4209 -1 4225 413 399 -1 4202 4203 4251 -1 4230 4271 4203 -1 4230 4165 4204 -1 4243 4272 4196 -1 4273 4274 4275 -1 4273 4276 4274 -1 4274 4276 4277 -1 4255 4278 4279 -1 4276 4280 4277 -1 4224 4223 4281 -1 4281 4223 3263 -1 4282 4253 4255 -1 4253 4282 4283 -1 4278 4254 4284 -1 4256 4253 4283 -1 4274 4277 4285 -1 4286 4287 4288 -1 4287 4286 4289 -1 4290 4288 4287 -1 4288 4290 4291 -1 4291 4292 4288 -1 4290 4293 4291 -1 4277 4278 4284 -1 4294 4295 4285 -1 4296 4295 4294 -1 4254 4297 4284 -1 4297 4254 4256 -1 4290 4296 4298 -1 4290 4298 4299 -1 4300 4299 4298 -1 4293 4290 4299 -1 4243 4238 4301 -1 4205 4238 4243 -1 4238 4227 4257 -1 4228 4245 4302 -1 4303 4304 4260 -1 4305 4304 4303 -1 4259 4260 4304 -1 4306 4303 4260 -1 4306 4260 4249 -1 4304 4307 4247 -1 4304 4247 4259 -1 4308 4309 4306 -1 4249 4308 4306 -1 4308 4249 4310 -1 4310 4249 4267 -1 4311 4312 4313 -1 4314 4264 4262 -1 4265 4315 4263 -1 4316 4315 4265 -1 4264 4317 4265 -1 4266 4224 4281 -1 4274 4289 4318 -1 4316 4265 4317 -1 4319 4297 4320 -1 4321 4322 4323 -1 4323 4320 4321 -1 4324 4325 4326 -1 4327 4328 4329 -1 4275 4274 4330 -1 4318 4330 4274 -1 4261 4263 4331 -1 4316 4317 4332 -1 4267 4212 4268 -1 4333 4250 4269 -1 4334 4270 4208 -1 4208 4335 4334 -1 4335 4208 4239 -1 3332 4336 3309 -1 3309 4336 3311 -1 3311 4336 4337 -1 4338 3311 4337 -1 3311 4338 4339 -1 3311 4339 4340 -1 4339 4341 4340 -1 4339 4342 4341 -1 4340 4341 3375 -1 4325 4324 4343 -1 4251 4203 4271 -1 4341 4343 4344 -1 4240 4204 4166 -1 4226 4242 4345 -1 4345 4242 4346 -1 4272 4242 4196 -1 4318 4289 4286 -1 4278 4347 4279 -1 4348 4280 4276 -1 4280 4347 4277 -1 4277 4347 4278 -1 4283 4282 4349 -1 4286 4350 4351 -1 4286 4288 4350 -1 4350 4288 4292 -1 4291 4352 4292 -1 4353 4296 4294 -1 4284 4297 4319 -1 4298 4296 4354 -1 4237 4241 4355 -1 4241 4222 4252 -1 4354 4300 4298 -1 4252 4216 4356 -1 4291 4357 4352 -1 4357 4291 4293 -1 4357 4293 4327 -1 4327 4358 4357 -1 4293 4299 4327 -1 4300 4359 4299 -1 4327 4299 4359 -1 4359 4300 4360 -1 4359 4328 4327 -1 4328 4359 4360 -1 4326 4328 4324 -1 4238 4257 4301 -1 4257 4228 4302 -1 4245 4229 4361 -1 4229 4218 4361 -1 4362 4363 4262 -1 4303 4364 4305 -1 4307 4304 4305 -1 4308 4365 4309 -1 4308 4310 4366 -1 4254 4278 4255 -1 4289 4274 4295 -1 4274 4285 4295 -1 4289 4295 4287 -1 4296 4290 4287 -1 4285 4277 4284 -1 4284 4294 4285 -1 4287 4295 4296 -1 4340 3312 3311 -1 3312 4340 3374 -1 3374 4340 3375 -1 4344 3375 4341 -1 4321 4320 4297 -1 4367 4368 4311 -1 4256 4321 4297 -1 4312 4311 4369 -1 4336 3332 4370 -1 4306 4371 4303 -1 4315 4372 4263 -1 4306 4309 4371 -1 4322 4321 4373 -1 4369 4374 4312 -1 4358 4327 4375 -1 4329 4375 4327 -1 4326 4325 4376 -1 4244 4248 4356 -1 4377 4248 4266 -1 4252 4355 4241 -1 4216 4244 4356 -1 4266 4281 4378 -1 413 4225 462 -1 4225 4236 4379 -1 4231 4226 4345 -1 4273 4275 4380 -1 4318 4286 4351 -1 4276 4273 4380 -1 4282 4255 4381 -1 4350 4292 4382 -1 4294 4284 4353 -1 4284 4319 4353 -1 4256 4283 4383 -1 4384 4319 4320 -1 4296 4353 4354 -1 4352 4357 4385 -1 4386 4328 4360 -1 4328 4326 4329 -1 4387 4328 4386 -1 4361 4218 4388 -1 4232 4388 4218 -1 4246 4389 4232 -1 4262 4261 4362 -1 4314 4262 4363 -1 4305 4364 4390 -1 4258 4211 4391 -1 4307 4392 4247 -1 4392 4393 4247 -1 4365 4366 4394 -1 4308 4366 4365 -1 4310 4395 4366 -1 4267 4395 4310 -1 4268 4250 4396 -1 3332 3301 4370 -1 4397 4337 4336 -1 4338 4337 4397 -1 4398 4399 4342 -1 4399 4325 4342 -1 4338 4398 4339 -1 4398 4342 4339 -1 4328 4387 4324 -1 4343 4342 4325 -1 4387 4343 4324 -1 4343 4387 4400 -1 4400 4344 4343 -1 4344 4400 4401 -1 4401 3447 4344 -1 3375 4344 3379 -1 3379 4344 3447 -1 4402 4312 4403 -1 4403 4312 4374 -1 4376 4325 4399 -1 4404 4405 4358 -1 4369 4366 4406 -1 4311 4368 4369 -1 4261 4407 4362 -1 4331 4263 4372 -1 4252 4356 4408 -1 4377 4356 4248 -1 462 4225 4379 -1 4378 4377 4266 -1 4251 4379 4236 -1 4378 4409 4410 -1 4409 4378 4281 -1 4411 4230 4204 -1 4410 4409 3549 -1 4409 4281 3263 -1 4272 4412 4242 -1 4272 4243 4413 -1 3549 4409 3415 -1 4409 3263 3415 -1 4348 4276 4380 -1 4414 4279 4347 -1 4415 4255 4279 -1 4349 4282 4416 -1 4383 4283 4349 -1 4292 4352 4382 -1 4353 4319 4384 -1 4321 4256 4373 -1 4357 4358 4405 -1 4360 4300 4417 -1 4376 4329 4326 -1 4301 4257 4418 -1 4302 4418 4257 -1 4302 4245 4419 -1 4361 4419 4245 -1 4388 4232 4389 -1 4305 4420 4307 -1 4371 4364 4303 -1 4211 4219 4391 -1 4247 4393 4219 -1 4219 4393 4391 -1 4406 4366 4395 -1 4267 4268 4421 -1 4422 4269 4270 -1 4239 4237 4335 -1 4370 3301 3441 -1 4423 4397 4336 -1 4398 4338 4397 -1 4343 4341 4342 -1 4424 4425 4426 -1 4261 4331 4407 -1 4399 4398 4427 -1 4384 4320 4323 -1 4323 4322 4428 -1 4322 4429 4428 -1 4322 4373 4429 -1 4366 4369 4394 -1 4430 4368 4402 -1 4431 4362 4407 -1 4369 4368 4430 -1 4412 4346 4242 -1 4432 4330 4318 -1 4275 4330 4380 -1 4318 4433 4432 -1 4351 4433 4318 -1 4415 4381 4255 -1 4381 4416 4282 -1 4415 4279 4414 -1 4382 4352 4434 -1 4435 4353 4384 -1 4354 4417 4300 -1 4375 4329 4436 -1 4360 4437 4386 -1 4426 4329 4376 -1 4413 4243 4438 -1 4243 4301 4438 -1 4431 4363 4362 -1 4364 4371 4439 -1 4389 4246 4258 -1 4317 4264 4440 -1 4268 4396 4421 -1 4250 4333 4396 -1 4334 4335 4441 -1 4397 4442 4398 -1 4427 4398 4443 -1 4377 4378 4444 -1 4369 4445 4394 -1 4358 4375 4446 -1 4332 4447 4448 -1 4410 3549 3579 -1 4428 4384 4323 -1 4404 4358 4446 -1 4317 4440 4332 -1 4447 4449 4450 -1 4451 4391 4393 -1 4430 4445 4369 -1 4345 4346 4452 -1 4412 4452 4346 -1 4272 4413 4453 -1 4454 4414 4347 -1 4454 4280 4455 -1 4280 4454 4347 -1 4456 4457 4349 -1 4457 4383 4349 -1 4350 4458 4351 -1 4352 4385 4434 -1 4459 4256 4383 -1 4373 4256 4459 -1 4353 4460 4354 -1 4460 4461 4354 -1 4435 4384 4428 -1 4385 4357 4405 -1 4417 4437 4360 -1 4436 4329 4426 -1 4301 4418 4462 -1 4418 4302 4462 -1 4302 4419 4462 -1 4390 4420 4305 -1 4363 4431 4463 -1 4390 4364 4464 -1 4465 4390 4464 -1 4463 4314 4363 -1 4314 4463 4466 -1 4464 4364 4466 -1 4439 4466 4364 -1 4467 4314 4466 -1 4258 4468 4389 -1 4258 4391 4451 -1 4420 4392 4307 -1 4331 4372 4469 -1 4440 4264 4314 -1 4439 4371 4467 -1 4372 4470 4469 -1 4369 4471 4374 -1 4421 4395 4267 -1 4422 4270 4334 -1 3541 4472 3330 -1 3441 3330 4472 -1 4423 4336 4370 -1 4442 4443 4398 -1 4400 4387 4473 -1 4401 4400 4474 -1 4475 4237 4355 -1 4356 4377 4476 -1 4379 4251 4477 -1 4240 4411 4204 -1 4478 4447 4332 -1 4471 4403 4374 -1 4426 4479 4424 -1 4450 4449 4480 -1 4393 4392 4481 -1 4449 4447 4478 -1 4451 4393 4481 -1 4376 4399 4482 -1 462 4379 4483 -1 4483 490 462 -1 4240 4231 4484 -1 4345 4484 4231 -1 4280 4348 4455 -1 4381 4415 4485 -1 4414 4486 4415 -1 4407 4457 4456 -1 4457 4407 4331 -1 4382 4458 4350 -1 4469 4457 4331 -1 4353 4435 4460 -1 4417 4354 4461 -1 4426 4376 4487 -1 4488 4387 4386 -1 4438 4453 4413 -1 4361 4388 4468 -1 4464 4466 4463 -1 4388 4389 4468 -1 4439 4467 4466 -1 4440 4314 4467 -1 4421 4406 4395 -1 4489 4471 4406 -1 4406 4421 4489 -1 4369 4406 4471 -1 4421 4396 4489 -1 4403 4490 4402 -1 4269 4422 4333 -1 4370 3441 4491 -1 4423 4492 4397 -1 4442 4397 4493 -1 4399 4427 4494 -1 4494 4482 4399 -1 4488 4473 4387 -1 3447 4401 4474 -1 4408 4356 4495 -1 4496 4356 4476 -1 4378 4410 4497 -1 4497 4410 3579 -1 4447 4450 4448 -1 4481 4392 4498 -1 4445 4467 4365 -1 4428 4429 4499 -1 4429 4500 4499 -1 4501 4467 4445 -1 4477 4251 4271 -1 4230 4411 4271 -1 4411 4240 4502 -1 4240 4484 4502 -1 4348 4380 4455 -1 4380 4330 4503 -1 4503 4455 4380 -1 4484 4345 4452 -1 4452 4412 4504 -1 4505 4412 4272 -1 4504 4412 4505 -1 4453 4505 4272 -1 4349 4416 4456 -1 4407 4456 4506 -1 4507 4433 4351 -1 4458 4382 4508 -1 4383 4457 4469 -1 4500 4373 4459 -1 4428 4460 4435 -1 4500 4429 4373 -1 4405 4509 4385 -1 4446 4375 4436 -1 4462 4438 4301 -1 4438 4462 4510 -1 4510 4462 4511 -1 4511 4419 4512 -1 4462 4419 4511 -1 4361 4512 4419 -1 4513 4361 4468 -1 4512 4361 4513 -1 4465 4420 4390 -1 4407 4514 4431 -1 4463 4515 4464 -1 4515 4465 4464 -1 4513 4468 4451 -1 4451 4468 4258 -1 4392 4420 4498 -1 4516 4403 4471 -1 4517 4518 4335 -1 4517 4335 4475 -1 4237 4475 4335 -1 4474 4400 4473 -1 4519 3447 4474 -1 4252 4408 4495 -1 4520 4356 4496 -1 4495 4356 4520 -1 4444 4476 4377 -1 4379 4521 4483 -1 4522 4523 4449 -1 4470 4524 4525 -1 4480 4524 4450 -1 4426 4487 4479 -1 4481 4498 4451 -1 4526 4271 4411 -1 4355 4252 4527 -1 4252 4495 4527 -1 4379 4477 4521 -1 4433 4528 4432 -1 4330 4432 4503 -1 4484 4452 4529 -1 4486 4530 4415 -1 4530 4485 4415 -1 4504 4505 4531 -1 4532 4531 4505 -1 4485 4504 4381 -1 4381 4504 4416 -1 4486 4414 4454 -1 4382 4434 4508 -1 4383 4469 4459 -1 4500 4459 4533 -1 4385 4509 4434 -1 4509 4405 4534 -1 4437 4417 4461 -1 4437 4535 4386 -1 4488 4386 4535 -1 4510 4536 4438 -1 4536 4510 4537 -1 4431 4538 4463 -1 4539 4510 4511 -1 4539 4511 4540 -1 4511 4512 4540 -1 4498 4540 4512 -1 4420 4465 4540 -1 4540 4498 4420 -1 4538 4431 4514 -1 4407 4506 4514 -1 4498 4512 4513 -1 4513 4451 4498 -1 4469 4470 4525 -1 4440 4467 4501 -1 4478 4332 4440 -1 4480 4449 4541 -1 4449 4478 4542 -1 4489 4516 4471 -1 4490 4403 4543 -1 4544 4403 4516 -1 4489 4396 4516 -1 4422 4396 4333 -1 4441 4422 4334 -1 4472 3541 4545 -1 4397 4492 4493 -1 4443 4494 4427 -1 4546 4446 4436 -1 3604 3447 4519 -1 4355 4527 4475 -1 4527 4495 4520 -1 4547 4444 4378 -1 4497 4547 4378 -1 4497 4548 4547 -1 4549 4477 4271 -1 4271 4526 4549 -1 4411 4550 4526 -1 4411 4502 4550 -1 4550 4502 4551 -1 4552 4553 4554 -1 4552 4554 4555 -1 4555 4554 4556 -1 4556 4454 4455 -1 4529 4502 4484 -1 4529 4452 4485 -1 4557 4554 4558 -1 4557 4556 4554 -1 4556 4557 4486 -1 4486 4557 4530 -1 4529 4485 4558 -1 4557 4558 4530 -1 4530 4558 4485 -1 4504 4485 4452 -1 4505 4453 4532 -1 4504 4531 4416 -1 4416 4531 4456 -1 4531 4532 4456 -1 4532 4506 4456 -1 4532 4514 4506 -1 4458 4507 4351 -1 4533 4459 4469 -1 4460 4559 4461 -1 4460 4428 4559 -1 4499 4559 4428 -1 4500 4560 4499 -1 4453 4438 4532 -1 4532 4438 4536 -1 4538 4532 4536 -1 4536 4537 4561 -1 4562 4463 4538 -1 4515 4563 4465 -1 4539 4465 4563 -1 4539 4540 4465 -1 4501 4445 4564 -1 4522 4449 4542 -1 4543 4403 4544 -1 4541 4449 4523 -1 4396 4422 4565 -1 4422 4566 4565 -1 4566 4422 4441 -1 4518 4566 4441 -1 4441 4335 4518 -1 4491 3441 4567 -1 4567 4472 4545 -1 4567 3441 4472 -1 4492 4423 4370 -1 4568 4442 4493 -1 4551 4502 4529 -1 4424 4479 4569 -1 4522 4570 4523 -1 4569 4436 4426 -1 4571 4572 4552 -1 4501 4478 4440 -1 4490 4564 4445 -1 4490 4543 4564 -1 4573 4541 4523 -1 4544 4574 4575 -1 4544 4516 4574 -1 4565 4516 4396 -1 4576 4517 4475 -1 3541 3527 4545 -1 4491 4577 4370 -1 4443 4442 4568 -1 490 4483 540 -1 4487 4376 4578 -1 4376 4482 4578 -1 4521 540 4483 -1 4579 519 4580 -1 4581 4579 4580 -1 4579 541 519 -1 4582 4521 4477 -1 4477 4549 4582 -1 4526 4582 4549 -1 4526 4572 4582 -1 4572 4553 4552 -1 4583 4476 4444 -1 4444 4547 4583 -1 4553 4551 4554 -1 4432 4528 4503 -1 4528 4433 4507 -1 4584 4555 4556 -1 4584 4556 4455 -1 4503 4584 4455 -1 4551 4558 4554 -1 4556 4486 4454 -1 4458 4585 4507 -1 4508 4585 4458 -1 4469 4525 4533 -1 4533 4560 4500 -1 4586 4499 4560 -1 4534 4405 4404 -1 4437 4461 4587 -1 4586 4559 4499 -1 4562 4538 4536 -1 4538 4514 4532 -1 4562 4536 4515 -1 4537 4510 4561 -1 4561 4510 4539 -1 4561 4539 4563 -1 4562 4515 4463 -1 4561 4563 4515 -1 4569 4588 4436 -1 4523 4570 4589 -1 4590 4523 4589 -1 4501 4564 4478 -1 4524 4480 4541 -1 4570 4522 4542 -1 4574 4516 4591 -1 4545 3527 3647 -1 4482 4494 4578 -1 4592 4488 4535 -1 3653 4519 4593 -1 3604 4519 3653 -1 4521 4580 540 -1 571 4580 519 -1 4581 4580 4594 -1 4580 4595 4594 -1 4576 4475 4596 -1 4475 4527 4596 -1 4496 4527 4520 -1 3579 4548 4497 -1 4594 4571 4597 -1 4595 4571 4594 -1 4571 4595 4572 -1 4533 4525 4524 -1 4546 4534 4404 -1 4479 4487 4598 -1 4586 4599 4559 -1 4536 4561 4515 -1 4521 4582 4595 -1 4582 4572 4595 -1 4526 4550 4572 -1 4553 4572 4550 -1 4550 4551 4553 -1 4529 4558 4551 -1 4599 4461 4559 -1 4587 4461 4599 -1 4488 4592 4473 -1 4600 4519 4474 -1 4573 4523 4601 -1 4590 4601 4523 -1 4590 4589 4602 -1 4546 4436 4588 -1 4603 4434 4509 -1 4599 4586 4604 -1 4605 4586 4560 -1 4535 4437 4587 -1 4542 4478 4606 -1 4542 4606 4570 -1 4606 4589 4570 -1 4543 4544 4575 -1 4591 4516 4565 -1 4566 4607 4565 -1 4566 4518 4608 -1 4518 4517 4608 -1 4568 4494 4443 -1 572 540 4580 -1 4580 571 572 -1 4595 4580 4521 -1 4496 4476 4609 -1 4579 4581 4610 -1 4581 4594 4611 -1 4548 3579 4612 -1 4612 3579 3662 -1 4584 4613 4555 -1 4614 4528 4615 -1 4528 4613 4503 -1 4503 4613 4584 -1 4528 4507 4615 -1 4507 4616 4615 -1 4585 4508 4617 -1 4434 4617 4508 -1 4617 4434 4603 -1 4560 4533 4541 -1 4588 4569 4479 -1 4524 4541 4533 -1 4588 4534 4546 -1 4605 4604 4586 -1 4618 4599 4604 -1 4618 4587 4599 -1 4606 4564 4543 -1 4478 4564 4606 -1 4543 4619 4606 -1 4607 4591 4565 -1 4620 4602 4621 -1 4517 4576 4608 -1 4545 4622 4567 -1 4491 4567 4622 -1 4622 4623 4491 -1 4577 4491 4623 -1 4370 4577 4492 -1 4487 4578 4598 -1 4579 4610 4624 -1 4597 4611 4594 -1 4552 4597 4571 -1 4597 4552 4555 -1 4583 4609 4476 -1 3647 480 616 -1 4507 4585 4616 -1 541 4579 640 -1 640 4579 4624 -1 4592 4600 4473 -1 4600 4593 4519 -1 4590 4602 4620 -1 4602 4589 4619 -1 4621 4602 4619 -1 4607 4625 4574 -1 4566 4608 4607 -1 4568 4493 4626 -1 4494 4568 4627 -1 4611 4610 4581 -1 4610 4611 4624 -1 4614 4615 4628 -1 4608 4576 4629 -1 4527 4496 4596 -1 616 553 4630 -1 4615 4616 4631 -1 4617 4632 4585 -1 4509 4633 4603 -1 4560 4541 4605 -1 4618 4604 4634 -1 4604 4605 4635 -1 4589 4606 4619 -1 4543 4575 4619 -1 4574 4591 4607 -1 4574 4636 4575 -1 4636 4574 4625 -1 640 4624 681 -1 4624 4611 4637 -1 4638 4624 4639 -1 4637 4640 4624 -1 4493 4492 4626 -1 4568 4626 4627 -1 4597 4555 4613 -1 4597 4613 4614 -1 4614 4613 4528 -1 4641 4593 4600 -1 3647 616 4642 -1 4615 4631 4628 -1 4616 4585 4632 -1 4596 4496 4609 -1 4603 4632 4617 -1 4583 4643 4609 -1 4633 4509 4644 -1 4547 4643 4583 -1 4509 4534 4644 -1 4645 4479 4646 -1 4598 4646 4479 -1 4605 4541 4635 -1 4635 4541 4573 -1 4634 4604 4635 -1 4647 4587 4618 -1 4592 4535 4648 -1 4600 4592 4648 -1 3686 3653 4593 -1 4597 4637 4611 -1 4535 4587 4647 -1 3647 4642 4649 -1 4545 3647 4649 -1 4622 4545 4649 -1 4598 4578 4650 -1 4494 4627 4650 -1 4494 4650 4578 -1 4624 4638 681 -1 4600 4648 4641 -1 4639 4624 4640 -1 4651 3670 4652 -1 4637 4597 4614 -1 4614 4628 4637 -1 3639 3670 4651 -1 4653 4629 4576 -1 4576 4596 4653 -1 4654 4655 614 -1 614 4655 552 -1 464 4630 553 -1 4616 4656 4631 -1 4547 4657 4643 -1 4657 4547 4548 -1 4616 4632 4656 -1 4658 4548 4612 -1 4612 4659 4658 -1 4603 4660 4632 -1 4661 4588 4645 -1 4479 4645 4588 -1 4635 4573 4662 -1 4663 4634 4635 -1 4618 4634 4663 -1 4618 4664 4647 -1 4601 4662 4573 -1 4590 4620 4601 -1 4621 4665 4620 -1 4625 4621 4636 -1 4607 4608 4666 -1 4608 4629 4666 -1 4492 4577 4626 -1 4646 4598 4667 -1 4598 4650 4667 -1 4647 4668 4648 -1 3639 4651 3712 -1 4629 4669 4666 -1 4596 4670 4653 -1 4670 4596 4609 -1 4670 4609 4671 -1 4643 4671 4609 -1 4671 4643 4657 -1 4657 4548 4658 -1 552 4630 464 -1 4659 4612 3717 -1 3662 3717 4612 -1 4660 4656 4632 -1 4603 4633 4672 -1 4644 4534 4673 -1 4635 4662 4663 -1 4664 4618 4663 -1 4663 4674 4664 -1 4662 4674 4663 -1 4620 4662 4601 -1 4674 4662 4620 -1 4674 4620 4665 -1 4621 4625 4675 -1 4665 4621 4675 -1 4625 4607 4666 -1 4575 4636 4619 -1 4621 4619 4636 -1 3686 4593 4641 -1 3670 3686 4652 -1 4676 4640 4637 -1 4676 4677 4640 -1 615 4654 614 -1 4637 4628 4676 -1 4676 4628 4631 -1 4622 4649 4623 -1 4647 4664 4678 -1 4640 4677 4639 -1 4639 4677 4679 -1 4679 4677 4680 -1 4677 4676 4681 -1 615 4682 4654 -1 4675 4666 4669 -1 4629 4653 4669 -1 4654 4682 4655 -1 4683 4669 4653 -1 4670 4683 4653 -1 4684 4671 4657 -1 4681 4676 4631 -1 3723 4651 4685 -1 4681 4631 4656 -1 4686 4660 4603 -1 4686 4603 4672 -1 4687 4633 4644 -1 4673 4687 4644 -1 4673 4534 4588 -1 4588 4661 4673 -1 4664 4674 4688 -1 4674 4665 4688 -1 4688 4665 4689 -1 4689 4665 4675 -1 4650 4627 4667 -1 4627 4626 4690 -1 4685 4691 3723 -1 3723 4691 4658 -1 4651 3723 3712 -1 3723 4659 3724 -1 4658 4659 3723 -1 731 4679 4680 -1 4692 708 4681 -1 708 4692 4682 -1 4692 4660 4686 -1 4645 4646 4693 -1 4646 4667 4693 -1 4666 4675 4625 -1 4688 4678 4664 -1 4678 4668 4647 -1 4648 4668 4641 -1 4694 4641 4668 -1 3686 4641 4694 -1 4694 4668 4695 -1 3686 4694 4652 -1 4685 4652 4694 -1 4652 4685 4651 -1 4688 4689 4696 -1 4689 4675 4697 -1 4697 4675 4683 -1 4689 4697 4696 -1 4675 4669 4683 -1 681 4638 713 -1 717 713 4638 -1 717 4638 4679 -1 4697 4683 4671 -1 4683 4670 4671 -1 4638 4639 4679 -1 4697 4671 4684 -1 731 717 4679 -1 4681 4680 4677 -1 4691 4685 4698 -1 731 4680 707 -1 4680 708 707 -1 4691 4684 4657 -1 4657 4658 4691 -1 4681 708 4680 -1 4682 615 708 -1 4660 4681 4656 -1 4660 4692 4681 -1 4577 4623 4699 -1 4700 4577 4699 -1 4626 4577 4700 -1 4693 4667 4701 -1 4667 4627 4702 -1 4690 4702 4627 -1 3724 4659 3748 -1 3717 3735 4659 -1 4655 4682 4703 -1 616 4630 4704 -1 4642 616 4705 -1 4672 4633 4706 -1 4661 4645 4707 -1 4693 4707 4645 -1 4649 4708 4623 -1 4690 4626 4700 -1 3735 3748 4659 -1 4682 4692 4703 -1 616 4704 4705 -1 4661 4707 4673 -1 4678 4695 4668 -1 4698 4694 4695 -1 4688 4696 4678 -1 4678 4696 4695 -1 4695 4697 4709 -1 4696 4697 4695 -1 4709 4698 4695 -1 4691 4709 4684 -1 4684 4709 4697 -1 4694 4698 4685 -1 4691 4698 4709 -1 4708 4649 4710 -1 4701 4667 4702 -1 4630 552 4711 -1 4703 4711 4655 -1 552 4655 4711 -1 4642 4705 4710 -1 4649 4642 4710 -1 4686 4672 4712 -1 4633 4687 4706 -1 4713 4707 4714 -1 4714 4693 4715 -1 4714 4707 4693 -1 4707 4713 4673 -1 4701 4715 4693 -1 4623 4708 4716 -1 4711 4703 4717 -1 4630 4711 4704 -1 4703 4692 4718 -1 4686 4718 4692 -1 4706 4712 4672 -1 4623 4716 4699 -1 4719 4702 4690 -1 4690 4700 4719 -1 4687 4673 4713 -1 4710 4705 4720 -1 4699 4719 4700 -1 4716 4719 4699 -1 4717 4703 4718 -1 4711 4721 4704 -1 4718 4686 4712 -1 4687 4713 4706 -1 4713 4714 4722 -1 4714 4715 4723 -1 4708 4710 4720 -1 4705 4704 4724 -1 4721 4711 4717 -1 4704 4721 4724 -1 4725 4718 4712 -1 4725 4712 4706 -1 4713 4726 4706 -1 4722 4726 4713 -1 4718 4727 4717 -1 4721 4717 4728 -1 4717 4727 4728 -1 4720 4705 4729 -1 4725 4727 4718 -1 4722 4728 4725 -1 4725 4726 4722 -1 4725 4706 4726 -1 4714 4730 4722 -1 4730 4714 4731 -1 4715 4701 4732 -1 4729 4705 4724 -1 4727 4725 4728 -1 4728 4722 4733 -1 4734 4733 4722 -1 4734 4722 4730 -1 4731 4714 4723 -1 4723 4715 4732 -1 4716 4708 4735 -1 4719 4716 4735 -1 4702 4719 4736 -1 4701 4702 4736 -1 4736 4737 4701 -1 4732 4701 4737 -1 4728 4738 4721 -1 4724 4721 4738 -1 4708 4720 4739 -1 4735 4708 4739 -1 4735 4740 4719 -1 4739 4720 4729 -1 4719 4740 4736 -1 4728 4733 4738 -1 4741 4742 4723 -1 4741 4723 4732 -1 4733 4734 4743 -1 4744 4732 4737 -1 4736 4744 4737 -1 4738 4733 4745 -1 4745 4733 4743 -1 4742 4731 4723 -1 4741 4732 4744 -1 4739 4729 4746 -1 4746 4735 4739 -1 4724 4738 4747 -1 4724 4746 4729 -1 4745 4747 4738 -1 4734 4730 4748 -1 4748 4743 4734 -1 4748 4730 4731 -1 4744 4736 4749 -1 4735 4750 4740 -1 4724 4747 4751 -1 4746 4724 4751 -1 4740 4750 4752 -1 4736 4740 4749 -1 4741 4744 4749 -1 4750 4735 4746 -1 4742 4741 4753 -1 4752 4749 4740 -1 4754 4747 4745 -1 4743 4754 4745 -1 4751 4747 4755 -1 4756 4746 4751 -1 4750 4746 4757 -1 4748 4731 4742 -1 4741 4749 4758 -1 4752 4750 4759 -1 4749 4752 4760 -1 4747 4754 4755 -1 4743 4748 4761 -1 4758 4749 4760 -1 4758 4753 4741 -1 4752 4759 4760 -1 4754 4743 4761 -1 4748 4742 4761 -1 4756 4751 4755 -1 4757 4759 4750 -1 4754 4761 4762 -1 4763 4761 4742 -1 4755 4764 4756 -1 4757 4746 4756 -1 4764 4757 4756 -1 4762 4755 4754 -1 4757 4764 4759 -1 4762 4761 4763 -1 4742 4753 4763 -1 4764 4760 4759 -1 4758 4760 4753 -1 4764 4755 4762 -1 4762 4763 4760 -1 4763 4753 4760 -1 4760 4764 4762 -1 4473 4600 4474 -1 4648 4535 4647 -1 4371 4309 4365 -1 4467 4371 4365 -1 4367 4311 4313 -1 4402 4368 4367 -1 4313 4312 4402 -1 4365 4394 4445 -1 4490 4445 4430 -1 4490 4430 4402 -1 4313 4402 4367 -1 4765 4766 4767 -1 4768 4766 4765 -1 4769 4770 4771 -1 4767 4772 4773 -1 4773 4772 4770 -1 4767 4773 4774 -1 4775 4765 4776 -1 4768 4765 4775 -1 4777 4778 4772 -1 4777 4779 4780 -1 4772 4779 4777 -1 4779 4772 4767 -1 4779 4767 4766 -1 4781 820 4782 -1 4770 4772 4778 -1 4783 4780 4779 -1 4784 4780 4783 -1 4783 4779 4766 -1 821 820 4781 -1 821 4781 4785 -1 4784 4785 4781 -1 823 821 4785 -1 4784 4783 4766 -1 4784 4766 4768 -1 4784 4768 4785 -1 823 4785 4786 -1 4787 829 4788 -1 4787 4788 4789 -1 4771 4790 4791 -1 4771 4791 4769 -1 4792 4777 4780 -1 4793 4794 4795 -1 4796 4793 4795 -1 4793 4796 4797 -1 4796 4798 4797 -1 4799 4797 4800 -1 4769 4799 4800 -1 4800 4801 4769 -1 4770 4769 4801 -1 4774 4802 4767 -1 4765 4767 4802 -1 4794 4803 4804 -1 4804 4805 4806 -1 4804 4803 4805 -1 4806 4807 4804 -1 4795 4794 4804 -1 4795 4804 4807 -1 4808 898 4809 -1 4808 4809 4810 -1 830 829 4787 -1 4811 4812 4813 -1 4810 4814 4815 -1 4815 4788 951 -1 4788 4815 4816 -1 4816 4815 4814 -1 4789 4788 4816 -1 4817 4794 4818 -1 4819 4817 4818 -1 4791 4817 4819 -1 4819 4818 4797 -1 4816 4814 4790 -1 4799 4791 4819 -1 4793 4818 4794 -1 4818 4793 4797 -1 4799 4819 4797 -1 4791 4799 4769 -1 4798 4800 4797 -1 4773 4770 4820 -1 4765 4802 4776 -1 4776 4821 4775 -1 4822 4823 4824 -1 4825 4803 4794 -1 4825 4826 4827 -1 4794 4826 4825 -1 4805 4811 4813 -1 4811 4805 4828 -1 4806 4805 4813 -1 4795 4807 4829 -1 4815 4808 4810 -1 4808 4815 951 -1 937 4830 4831 -1 895 937 4831 -1 4831 4823 4822 -1 4823 4831 4832 -1 4805 4803 4828 -1 4822 895 4831 -1 4822 898 895 -1 4809 898 4822 -1 4822 4810 4809 -1 4808 951 898 -1 4822 4824 4810 -1 4824 4814 4810 -1 4788 829 951 -1 4789 4816 4790 -1 4814 4827 4817 -1 4817 4827 4826 -1 4817 4791 4814 -1 4814 4791 4790 -1 4817 4826 4794 -1 4787 4782 830 -1 4792 4782 4787 -1 4787 4789 4792 -1 820 830 4782 -1 4782 4792 4780 -1 4781 4782 4780 -1 4777 4789 4778 -1 4790 4778 4789 -1 4778 4790 4771 -1 4792 4789 4777 -1 4770 4778 4771 -1 4780 4784 4781 -1 4833 4834 1051 -1 4833 4835 4834 -1 4834 1128 1051 -1 4836 936 4837 -1 4836 4830 936 -1 4823 4838 4824 -1 4828 4839 4811 -1 4827 4840 4825 -1 4825 4828 4803 -1 4811 4839 4841 -1 4811 4841 4812 -1 4774 4773 4842 -1 1051 1052 4833 -1 4843 4844 4835 -1 4845 4846 4847 -1 4848 4846 4845 -1 4849 4846 4848 -1 4850 4832 4849 -1 4851 4852 4853 -1 4854 4853 4852 -1 4853 4854 4855 -1 4856 4853 4855 -1 4857 4855 4854 -1 4858 4856 4855 -1 4856 4858 4839 -1 4850 4849 4859 -1 4860 4853 4861 -1 4859 4860 4862 -1 4861 4853 4856 -1 4856 4828 4861 -1 4861 4862 4863 -1 4861 4828 4862 -1 4828 4856 4839 -1 4828 4825 4840 -1 4807 4806 4864 -1 4796 4865 4798 -1 4801 4820 4770 -1 4842 4773 4820 -1 4866 4802 4774 -1 4776 4802 4866 -1 1130 1128 4834 -1 1130 4834 4837 -1 4837 4834 4835 -1 4835 4836 4837 -1 936 1130 4837 -1 4836 4835 4844 -1 4844 4845 4836 -1 4836 4845 4847 -1 4830 4836 4847 -1 4830 937 936 -1 4846 4832 4847 -1 4830 4847 4832 -1 4830 4832 4831 -1 4832 4846 4849 -1 4850 4823 4832 -1 4851 4853 4860 -1 4859 4862 4838 -1 4838 4862 4840 -1 4850 4859 4823 -1 4859 4838 4823 -1 4827 4838 4840 -1 4827 4824 4838 -1 4840 4862 4828 -1 4814 4824 4827 -1 4858 4855 4867 -1 4868 4839 4858 -1 4835 4833 4869 -1 4843 4835 4869 -1 4843 4870 4844 -1 4870 4871 4844 -1 4844 4871 4845 -1 4845 4871 4872 -1 4852 4848 4873 -1 4874 4848 4852 -1 4849 4848 4874 -1 4851 4874 4852 -1 4854 4852 4875 -1 4867 4855 4857 -1 4851 4849 4874 -1 4851 4859 4849 -1 4859 4851 4860 -1 4861 4863 4860 -1 4860 4863 4862 -1 4812 4841 4868 -1 4868 4841 4839 -1 4813 4812 4876 -1 4864 4806 4877 -1 4807 4864 4829 -1 4796 4795 4829 -1 4800 4798 4865 -1 4865 4878 4800 -1 4878 4801 4800 -1 4820 4801 4879 -1 4868 4858 4867 -1 1052 4880 4833 -1 4872 4873 4848 -1 4848 4845 4872 -1 4852 4873 4875 -1 4867 4857 4881 -1 4882 4812 4868 -1 4883 4813 4876 -1 4806 4813 4883 -1 4820 4884 4842 -1 4885 4833 4880 -1 4812 4882 4876 -1 4886 4873 4872 -1 4854 4887 4857 -1 4879 4801 4878 -1 4880 1052 4888 -1 4869 4833 4885 -1 4870 4843 4869 -1 4872 4871 4886 -1 4889 4885 4880 -1 4875 4873 4890 -1 4854 4875 4891 -1 4881 4857 4887 -1 4877 4806 4883 -1 4882 4892 4876 -1 4893 4829 4864 -1 4776 4866 4894 -1 4895 4871 4870 -1 4886 4871 4895 -1 1144 4888 1052 -1 4896 4870 4869 -1 4854 4891 4897 -1 4887 4898 4881 -1 4867 4881 4898 -1 4899 4867 4898 -1 4868 4867 4899 -1 4796 4829 4865 -1 4865 4900 4878 -1 4879 4878 4900 -1 4820 4879 4884 -1 4842 4866 4774 -1 4889 4901 4885 -1 4888 1144 4902 -1 4903 4895 4870 -1 4873 4886 4904 -1 4882 4868 4905 -1 4906 4877 4883 -1 4901 4907 4885 -1 4889 4880 4888 -1 4896 4869 4885 -1 4895 4908 4886 -1 4904 4890 4873 -1 4891 4875 4909 -1 4897 4887 4854 -1 4883 4876 4892 -1 4893 4864 4910 -1 4829 4893 4911 -1 4865 4829 4911 -1 4776 4912 4821 -1 4896 4903 4870 -1 4909 4875 4890 -1 4868 4899 4905 -1 4882 4905 4892 -1 4864 4877 4913 -1 4910 4864 4913 -1 4900 4865 4914 -1 4879 4900 4915 -1 4915 4884 4879 -1 4842 4884 4916 -1 4889 4888 4902 -1 4901 4889 4917 -1 4895 4903 4908 -1 4911 4893 4910 -1 4866 4842 4916 -1 4776 4894 4912 -1 4902 1144 1164 -1 4902 4917 4889 -1 4918 4885 4907 -1 4896 4885 4918 -1 4919 4886 4908 -1 4890 4904 4920 -1 4921 4922 4899 -1 4905 4899 4922 -1 4883 4892 4923 -1 4877 4906 4913 -1 4865 4911 4924 -1 4884 4925 4916 -1 4884 4915 4925 -1 4907 4917 4926 -1 4901 4917 4907 -1 4927 4896 4918 -1 4903 4896 4927 -1 4904 4886 4919 -1 4898 4887 4897 -1 4928 4892 4905 -1 4923 4892 4928 -1 4914 4865 4924 -1 4900 4914 4929 -1 4894 4866 4916 -1 4917 4902 4930 -1 4931 4909 4890 -1 4928 4905 4922 -1 4923 4932 4883 -1 4906 4883 4932 -1 4933 4900 4929 -1 4915 4900 4933 -1 4902 1164 4930 -1 4926 4918 4907 -1 4927 4918 4934 -1 4898 4897 4935 -1 4936 4898 4935 -1 4899 4898 4936 -1 4894 4916 4937 -1 4912 4894 4937 -1 4938 4912 4937 -1 4821 4912 4938 -1 4926 4917 4930 -1 4939 4919 4908 -1 4904 4919 4939 -1 4890 4920 4940 -1 4931 4890 4940 -1 4941 4909 4931 -1 4897 4909 4942 -1 4891 4909 4897 -1 4899 4943 4921 -1 4932 4923 4944 -1 4913 4906 4945 -1 4910 4913 4946 -1 4946 4947 4910 -1 4911 4910 4947 -1 4933 4948 4915 -1 4903 4927 4949 -1 4950 4908 4903 -1 4942 4909 4941 -1 4936 4943 4899 -1 4921 4951 4922 -1 4928 4922 4952 -1 4923 4928 4944 -1 4945 4906 4932 -1 4913 4945 4946 -1 4925 4915 4953 -1 4916 4925 4954 -1 4937 4916 4955 -1 4939 4908 4950 -1 1178 4956 1164 -1 4918 4926 4957 -1 4934 4918 4957 -1 4949 4927 4934 -1 4904 4939 4920 -1 4935 4897 4958 -1 4921 4943 4951 -1 4924 4911 4947 -1 4953 4915 4948 -1 4955 4916 4954 -1 4959 4960 4939 -1 4930 1164 4956 -1 4926 4930 4961 -1 4949 4950 4903 -1 4922 4951 4952 -1 4962 4944 4928 -1 4929 4914 4963 -1 4938 4937 4964 -1 4965 4959 4950 -1 4950 4959 4939 -1 4937 4955 4966 -1 4937 4966 4964 -1 4964 4967 4938 -1 4961 4930 4956 -1 4957 4926 4961 -1 4958 4897 4942 -1 4928 4952 4962 -1 4924 4947 4968 -1 4924 4963 4914 -1 4933 4929 4963 -1 4954 4925 4969 -1 4965 4950 4970 -1 4970 4971 4959 -1 4960 4959 4971 -1 4920 4939 4960 -1 4966 4955 4972 -1 4964 4966 4973 -1 4949 4934 4974 -1 4959 4965 4970 -1 4920 4975 4940 -1 4941 4931 4940 -1 4942 4941 4976 -1 4976 4958 4942 -1 4977 4958 4978 -1 4958 4977 4935 -1 4935 4977 4936 -1 4943 4977 4951 -1 4952 4951 4979 -1 4980 4944 4962 -1 4932 4944 4980 -1 4950 4949 4970 -1 4954 4969 4972 -1 4955 4954 4972 -1 4974 4970 4949 -1 4946 4968 4947 -1 4963 4924 4968 -1 4963 4948 4933 -1 4981 4969 4953 -1 4925 4953 4969 -1 4973 4966 4972 -1 4956 1178 1193 -1 4961 4982 4957 -1 4934 4957 4982 -1 4941 4940 4975 -1 4936 4977 4943 -1 4979 4951 4977 -1 4983 4956 1193 -1 4983 4984 4961 -1 4956 4983 4961 -1 4984 4982 4961 -1 4982 4985 4934 -1 4985 4974 4934 -1 4975 4960 4971 -1 4920 4960 4975 -1 4962 4952 4986 -1 4987 4980 4962 -1 4945 4932 4988 -1 4989 4968 4946 -1 4953 4948 4981 -1 4988 4932 4980 -1 4945 4990 4946 -1 4989 4946 4990 -1 4963 4968 4989 -1 4948 4963 4991 -1 4969 4981 4992 -1 4964 4973 4993 -1 4967 4964 4993 -1 4994 4967 4993 -1 2213 2235 4995 -1 4995 2297 2213 -1 4996 2236 4997 -1 4996 2235 2236 -1 4998 4999 5000 -1 4996 5001 5002 -1 5002 5001 5003 -1 5004 5003 5001 -1 4984 4983 5005 -1 5005 4982 4984 -1 5005 4985 4982 -1 5006 4974 4985 -1 4970 4974 5006 -1 4971 4970 5007 -1 4976 4941 4975 -1 4958 4976 4978 -1 4977 4978 5008 -1 4979 4977 5009 -1 5010 4945 4988 -1 5011 5012 5013 -1 5012 5011 5014 -1 5015 5014 5011 -1 5016 5012 5017 -1 5017 5012 5014 -1 4981 4948 4991 -1 4969 5018 4972 -1 4972 5018 5019 -1 4972 5019 4973 -1 4973 5019 5020 -1 5020 4993 4973 -1 4993 5021 4994 -1 1190 5022 1193 -1 5022 5023 1193 -1 1222 1208 5024 -1 4997 2236 5025 -1 5026 5002 5003 -1 5026 5003 5027 -1 4983 1193 5023 -1 5007 4970 5006 -1 4975 4971 5007 -1 5008 5009 4977 -1 4987 4962 4986 -1 4987 4988 4980 -1 4945 5010 4990 -1 5028 5029 5030 -1 5031 5032 5033 -1 5033 5034 5031 -1 5034 5033 5012 -1 5012 5035 5013 -1 5032 5035 5033 -1 5033 5035 5012 -1 5014 5015 5036 -1 5016 5037 5038 -1 5014 5036 5039 -1 5040 5041 5037 -1 5036 5015 5042 -1 5036 5042 5039 -1 4989 5043 4963 -1 4991 4963 5043 -1 5044 4981 4991 -1 4981 5044 4992 -1 4969 4992 5018 -1 5019 5045 5020 -1 5021 5020 5045 -1 4993 5020 5021 -1 5021 5045 5046 -1 5046 4994 5021 -1 5047 1222 5024 -1 1204 2297 1209 -1 5048 1208 1209 -1 2297 4995 5000 -1 5000 4995 5002 -1 4995 2235 4996 -1 4996 5002 4995 -1 5001 4996 4997 -1 5024 1208 5048 -1 1209 4999 5048 -1 5048 4999 4998 -1 4998 5024 5048 -1 1209 2297 4999 -1 5000 4999 2297 -1 4998 5000 5026 -1 4998 5049 5024 -1 5050 4998 5026 -1 5050 5049 4998 -1 5051 5050 5026 -1 5050 5051 5030 -1 5000 5002 5026 -1 5051 5026 5027 -1 5049 5050 5052 -1 5029 5052 5050 -1 5029 5050 5030 -1 5012 5016 5034 -1 5038 5037 5053 -1 5017 5014 5054 -1 5014 5039 5054 -1 5017 5037 5016 -1 5053 5037 5041 -1 5041 5055 5053 -1 5056 5055 5041 -1 5041 5040 5056 -1 5017 5054 5037 -1 5054 5040 5037 -1 5040 5057 5056 -1 5058 5056 5057 -1 5059 5058 5057 -1 5057 5040 5054 -1 5060 5056 5058 -1 5060 5058 5061 -1 5062 5061 5058 -1 5058 5059 5062 -1 5045 5062 5059 -1 5063 5061 5062 -1 5063 5019 5018 -1 5063 5062 5019 -1 5045 5019 5062 -1 5059 5064 5045 -1 4997 5025 5065 -1 4997 5066 5001 -1 5067 5001 5066 -1 5051 5068 5030 -1 5068 5069 5030 -1 5013 5070 5071 -1 5005 4983 5072 -1 4975 5073 4976 -1 5008 4978 5074 -1 4952 4979 5075 -1 4986 4952 5075 -1 5076 5077 5052 -1 5052 5077 5049 -1 5028 5030 5078 -1 5079 5038 5080 -1 5069 5078 5030 -1 5069 5031 5078 -1 5031 5069 5068 -1 5032 5031 5068 -1 5034 5078 5031 -1 5081 5013 5082 -1 5013 5035 5082 -1 5078 5034 5016 -1 5083 5084 5085 -1 5086 5087 5061 -1 4989 4990 5088 -1 5044 4991 5089 -1 4992 5089 5063 -1 4992 5044 5089 -1 5018 4992 5063 -1 4997 5065 5066 -1 5090 5004 5001 -1 5004 5091 5003 -1 5004 5090 5091 -1 5027 5003 5092 -1 5093 5027 5092 -1 5051 5027 5093 -1 5068 5051 5093 -1 5068 5093 5094 -1 5070 5013 5081 -1 5072 4983 5023 -1 5005 5095 4985 -1 5006 4985 5095 -1 5095 5096 5006 -1 4976 5073 5097 -1 4978 4976 5097 -1 5097 5074 4978 -1 5075 4979 5009 -1 5098 4988 4987 -1 5010 4988 5098 -1 5010 5088 4990 -1 5099 5049 5077 -1 5100 5077 5076 -1 5101 5080 5085 -1 5068 5094 5032 -1 5032 5082 5035 -1 5102 5101 5103 -1 5084 5104 5103 -1 4989 5088 5043 -1 5105 5106 5088 -1 5088 5106 5043 -1 5089 5106 5086 -1 5043 5106 4991 -1 5106 5089 4991 -1 5107 5047 5024 -1 5099 5047 5107 -1 5024 5049 5107 -1 5049 5099 5107 -1 5108 5099 5109 -1 5109 5099 5100 -1 5110 5109 5100 -1 5110 5111 5109 -1 5111 5112 5109 -1 5112 5111 5113 -1 5113 5101 5102 -1 5100 5099 5077 -1 5076 5110 5100 -1 5114 5111 5110 -1 5110 5076 5114 -1 5076 5052 5029 -1 5029 5114 5076 -1 5079 5114 5029 -1 5028 5079 5029 -1 5114 5113 5111 -1 5114 5079 5113 -1 5113 5079 5080 -1 5113 5080 5101 -1 5079 5028 5038 -1 1219 1222 5108 -1 5080 5053 5085 -1 5053 5080 5038 -1 5047 5108 1222 -1 5078 5016 5028 -1 5016 5038 5028 -1 5103 5101 5084 -1 5108 5047 5099 -1 5101 5085 5084 -1 5053 5083 5085 -1 5083 5053 5055 -1 5083 5104 5084 -1 5083 5055 5115 -1 5060 5055 5056 -1 5116 5104 5115 -1 5116 5115 5087 -1 5087 5117 5116 -1 5117 5087 5118 -1 5104 5083 5115 -1 5060 5115 5055 -1 5060 5087 5115 -1 5087 5060 5119 -1 5119 5060 5061 -1 5087 5119 5061 -1 5117 5118 5105 -1 5105 5118 5086 -1 5118 5087 5086 -1 5105 5086 5106 -1 5061 5063 5086 -1 5063 5089 5086 -1 5088 5120 5105 -1 1218 5022 1190 -1 1224 5022 1218 -1 5022 1224 5121 -1 5090 5001 5067 -1 5092 5003 5091 -1 5094 5093 5122 -1 5123 5032 5094 -1 5071 5070 5124 -1 5022 5121 5023 -1 5121 5072 5023 -1 5072 5125 5005 -1 5095 5005 5125 -1 5126 5095 5125 -1 5096 5127 5006 -1 5007 5128 4975 -1 5129 5130 5131 -1 5130 5132 5133 -1 5134 5135 5129 -1 5128 5073 4975 -1 5008 5136 5009 -1 5009 5137 5075 -1 5138 5139 5140 -1 5141 5138 5136 -1 5140 5142 5138 -1 5143 5142 5098 -1 5075 4987 4986 -1 5010 5098 5142 -1 5142 5144 5010 -1 5144 5120 5010 -1 5088 5010 5120 -1 5123 5082 5032 -1 1224 5145 5146 -1 1224 5146 5121 -1 5122 5123 5094 -1 5121 5147 5072 -1 5121 5146 5147 -1 5072 5147 5125 -1 5125 5147 5148 -1 5126 5125 5148 -1 5149 5096 5126 -1 5096 5095 5126 -1 5096 5130 5127 -1 5127 5007 5006 -1 5127 5133 5007 -1 5133 5128 5007 -1 5128 5150 5073 -1 5073 5150 5097 -1 5097 5150 5074 -1 5141 5074 5150 -1 5141 5136 5074 -1 5074 5136 5008 -1 5138 5137 5136 -1 5137 5009 5136 -1 5150 5132 5135 -1 5150 5135 5141 -1 5135 5138 5141 -1 5137 5143 5075 -1 5075 5143 4987 -1 5143 5098 4987 -1 5123 5081 5082 -1 5147 5146 5109 -1 5112 5148 5147 -1 5112 5147 5109 -1 5112 5149 5148 -1 5126 5148 5149 -1 5131 5149 5112 -1 5112 5113 5131 -1 5133 5150 5128 -1 5130 5149 5131 -1 5130 5096 5149 -1 5130 5133 5127 -1 5131 5113 5102 -1 5102 5129 5131 -1 5103 5129 5102 -1 5130 5129 5132 -1 5129 5135 5132 -1 5133 5132 5150 -1 5129 5103 5104 -1 5104 5134 5129 -1 5116 5151 5134 -1 5139 5138 5135 -1 5151 5139 5135 -1 5152 5139 5151 -1 5140 5139 5152 -1 5134 5151 5135 -1 5152 5151 5116 -1 5152 5116 5117 -1 5137 5138 5142 -1 5144 5142 5140 -1 5137 5142 5143 -1 5145 1224 1219 -1 5140 5152 5144 -1 5120 5144 5152 -1 5145 5108 5146 -1 5108 5145 1219 -1 5109 5146 5108 -1 5116 5134 5104 -1 5120 5152 5105 -1 5152 5117 5105 -1 5153 5124 5154 -1 5092 5091 5122 -1 5091 5155 5122 -1 5093 5092 5122 -1 5070 5155 5124 -1 5155 5123 5122 -1 5123 5155 5070 -1 5081 5123 5070 -1 5090 5155 5091 -1 5065 5154 5066 -1 5154 5067 5066 -1 5067 5154 5090 -1 5090 5154 5124 -1 5124 5155 5090 -1 5156 5157 5158 -1 5159 5160 4768 -1 5161 5162 5163 -1 5162 5164 5158 -1 5165 5162 5161 -1 5164 5162 5165 -1 5164 5166 5158 -1 5156 5158 5166 -1 5156 5167 5168 -1 5167 5156 5166 -1 5167 5169 5168 -1 5170 5171 4786 -1 5172 817 825 -1 5172 825 5173 -1 819 5172 5174 -1 5174 5172 5173 -1 5174 5175 5176 -1 5177 5176 5175 -1 825 5178 5173 -1 5173 5179 5174 -1 5180 5178 5170 -1 5163 5179 5178 -1 5181 5179 5163 -1 5159 4768 4775 -1 5160 5182 4786 -1 5160 5159 5183 -1 5182 5160 5183 -1 4786 5182 5170 -1 5170 5182 5180 -1 5161 5163 5184 -1 5163 5185 5184 -1 863 861 5186 -1 5186 861 5187 -1 5187 860 5188 -1 5189 5188 5190 -1 5190 5176 5177 -1 5189 5190 5177 -1 5191 5189 5177 -1 5189 5191 5187 -1 5186 5187 5191 -1 5191 5192 5186 -1 5191 5193 5192 -1 5175 5194 5177 -1 5191 5177 5195 -1 5194 5195 5177 -1 5194 5196 5197 -1 5198 5168 5169 -1 5166 5199 5167 -1 5199 5200 5167 -1 5169 5167 5200 -1 5201 5169 5200 -1 818 819 5176 -1 817 826 825 -1 4785 5160 4786 -1 5160 4785 4768 -1 823 5171 825 -1 4786 5171 823 -1 5171 5178 825 -1 5172 819 817 -1 5174 5176 819 -1 5175 5174 5202 -1 5194 5175 5196 -1 5178 5179 5173 -1 5181 5202 5179 -1 5178 5180 5185 -1 5185 5163 5178 -1 5202 5174 5179 -1 5175 5202 5157 -1 5196 5175 5157 -1 5157 5202 5181 -1 5163 5162 5181 -1 5157 5181 5162 -1 5162 5158 5157 -1 860 5187 861 -1 5188 818 5176 -1 5189 5187 5188 -1 5190 5188 5176 -1 5157 5156 5196 -1 5196 5203 5197 -1 5203 5196 5156 -1 5156 5168 5203 -1 5170 5178 5171 -1 5180 5182 5183 -1 5180 5204 5185 -1 923 851 5205 -1 851 863 5206 -1 863 5186 5206 -1 5193 5207 5192 -1 5191 5208 5193 -1 5195 5194 5197 -1 5195 5208 5191 -1 5197 5203 5198 -1 5209 5198 5169 -1 5201 5209 5169 -1 5184 5185 5204 -1 5161 5210 5165 -1 5211 923 5205 -1 851 5206 5205 -1 5207 5206 5186 -1 5207 5186 5192 -1 5197 5208 5195 -1 5197 5198 5208 -1 5208 5198 5212 -1 5213 5199 5166 -1 5214 5209 5201 -1 5188 860 818 -1 5168 5198 5203 -1 5164 5165 5210 -1 923 5211 924 -1 5215 924 5211 -1 5216 5206 5207 -1 5211 5205 5206 -1 5211 5206 5216 -1 5207 5193 5217 -1 5193 5208 5218 -1 5219 5198 5209 -1 5217 5193 5218 -1 5183 5204 5180 -1 5216 5207 5217 -1 5218 5208 5212 -1 5219 5212 5198 -1 5220 5212 5219 -1 5220 5218 5212 -1 5213 5166 5164 -1 5201 5200 5221 -1 5221 5214 5201 -1 2904 924 5215 -1 2904 5222 5223 -1 2904 5215 5222 -1 5211 5224 5215 -1 5222 5215 5224 -1 5224 5225 5222 -1 5211 5216 5224 -1 5216 5217 5226 -1 2904 5223 2905 -1 2923 2905 5223 -1 5159 4775 4821 -1 5210 5184 5227 -1 5225 5224 5228 -1 5229 5230 5231 -1 5232 5233 5229 -1 5220 5219 5234 -1 5219 5209 5214 -1 5226 5217 5218 -1 5235 5218 5220 -1 5236 5237 5238 -1 5239 5240 5236 -1 5240 5237 5236 -1 5183 5159 5241 -1 5204 5183 5242 -1 5161 5184 5210 -1 5164 5210 5243 -1 5244 5233 5232 -1 5245 5234 5219 -1 5246 5247 5234 -1 5246 5234 5248 -1 5249 5246 5250 -1 5237 5249 5250 -1 5251 5237 5252 -1 5250 5246 5253 -1 5253 5254 5250 -1 5254 5237 5250 -1 5254 5238 5237 -1 5237 5240 5252 -1 5239 5255 5240 -1 5256 5257 5258 -1 5257 5239 5258 -1 5259 5256 5258 -1 5259 5258 5260 -1 5228 5224 5261 -1 5261 5224 5216 -1 5216 5226 5261 -1 5262 5228 5261 -1 5231 5228 5262 -1 5225 5228 5231 -1 5261 5226 5263 -1 5263 5264 5261 -1 5261 5264 5262 -1 5229 5231 5232 -1 5232 5231 5262 -1 5226 5218 5235 -1 5263 5226 5235 -1 5263 5265 5264 -1 5265 5263 5235 -1 5234 5235 5220 -1 5247 5235 5234 -1 5249 5237 5251 -1 5262 5264 5244 -1 5232 5262 5244 -1 5233 5244 5266 -1 5257 5256 5267 -1 4821 5241 5159 -1 5184 5204 5227 -1 5248 5234 5245 -1 5247 5265 5235 -1 5199 5213 5268 -1 5200 5199 5268 -1 5221 5200 5268 -1 5253 5246 5248 -1 5244 5265 5269 -1 5270 5269 5265 -1 5266 5269 5271 -1 5257 5271 5255 -1 5270 5251 5252 -1 5240 5272 5252 -1 5240 5255 5272 -1 5257 5255 5239 -1 5271 5257 5267 -1 5258 5239 5273 -1 5242 5183 5241 -1 5245 5219 5214 -1 5213 5164 5243 -1 5270 5252 5272 -1 5274 5269 5270 -1 5274 5271 5269 -1 5270 5272 5274 -1 5274 5272 5255 -1 5238 5254 5275 -1 5273 5239 5236 -1 5258 5273 5276 -1 5260 5258 5276 -1 5249 5265 5247 -1 5251 5265 5249 -1 5247 5246 5249 -1 5264 5265 5244 -1 5269 5266 5244 -1 5267 5266 5271 -1 5265 5251 5270 -1 5274 5255 5271 -1 5236 5238 5275 -1 5236 5277 5273 -1 5227 5204 5278 -1 5243 5279 5213 -1 5213 5280 5268 -1 5281 5268 5280 -1 5281 5221 5268 -1 5221 5282 5214 -1 5245 5214 5282 -1 5283 5248 5245 -1 5284 5248 5283 -1 5253 5248 5284 -1 5285 5253 5284 -1 5254 5253 5285 -1 5276 5273 5286 -1 5210 5227 5287 -1 5279 5280 5213 -1 5275 5254 5288 -1 5242 5278 5204 -1 5221 5281 5289 -1 5283 5245 5290 -1 5275 5277 5236 -1 5277 5286 5273 -1 5243 5291 5279 -1 5282 5221 5292 -1 5290 5245 5282 -1 5285 5288 5254 -1 5210 5293 5243 -1 5293 5291 5243 -1 5294 5295 5296 -1 5297 5281 5280 -1 5241 4821 5298 -1 5221 5289 5292 -1 5299 5278 5242 -1 5227 5278 5299 -1 5227 5300 5287 -1 5210 5287 5293 -1 5279 5291 5280 -1 5275 5301 5277 -1 5302 5242 5241 -1 5295 5303 5296 -1 5294 5296 5304 -1 5296 5305 5306 -1 5296 5303 5305 -1 5297 5280 5307 -1 5289 5281 5308 -1 5292 5289 5308 -1 5309 5280 5291 -1 5305 5310 5306 -1 5296 5306 5304 -1 5308 5281 5297 -1 5284 5283 5311 -1 5285 5284 5311 -1 5312 5285 5311 -1 5241 5298 5313 -1 5302 5241 5313 -1 5314 5242 5302 -1 5300 5227 5299 -1 5309 5291 5293 -1 5315 5310 5305 -1 5295 5294 5316 -1 5304 5317 5294 -1 5305 5303 5318 -1 5319 5305 5318 -1 5280 5320 5307 -1 5282 5292 5321 -1 5322 5282 5321 -1 5322 5290 5282 -1 5283 5290 5311 -1 5323 5288 5324 -1 5298 4821 4938 -1 5323 5275 5288 -1 5301 5275 5323 -1 5299 5242 5314 -1 5292 5308 5325 -1 5321 5292 5325 -1 5304 5326 5317 -1 5317 5316 5294 -1 5327 5304 5306 -1 5319 5315 5305 -1 5297 5307 5328 -1 5324 5285 5312 -1 5288 5285 5324 -1 5329 5330 5301 -1 5277 5301 5330 -1 5331 5277 5330 -1 5331 5286 5277 -1 5309 5293 5287 -1 5320 5280 5309 -1 5326 5304 5332 -1 5304 5327 5332 -1 5333 5319 5318 -1 5310 5334 5306 -1 5310 5315 5335 -1 5335 5334 5310 -1 5336 5307 5320 -1 5328 5337 5297 -1 5308 5297 5337 -1 5322 5321 5338 -1 5311 5290 5322 -1 5308 5337 5339 -1 5325 5308 5340 -1 5341 5332 5342 -1 5326 5332 5341 -1 5295 5316 5343 -1 5344 5295 5343 -1 5303 5295 5344 -1 5327 5342 5332 -1 5345 5327 5306 -1 5315 5319 5333 -1 5315 5346 5335 -1 5337 5328 5347 -1 5328 5307 5336 -1 5313 5298 5348 -1 5299 5314 5349 -1 5300 5299 5349 -1 5301 5323 5329 -1 5350 5316 5317 -1 5287 5300 5351 -1 5339 5340 5308 -1 5352 5353 5312 -1 5325 5338 5321 -1 5352 5312 5311 -1 5298 4938 5348 -1 5354 5313 5348 -1 5302 5313 5354 -1 5314 5302 5354 -1 5355 5309 5287 -1 5350 5317 5356 -1 5316 5350 5343 -1 5344 5318 5303 -1 5334 5345 5306 -1 5346 5315 5333 -1 5334 5335 5357 -1 5335 5346 5358 -1 5359 5322 5338 -1 5352 5322 5359 -1 5322 5352 5311 -1 5353 5324 5312 -1 5360 5351 5300 -1 5340 5339 5337 -1 5352 5361 5353 -1 5348 4938 4967 -1 5314 5354 5349 -1 5349 5360 5300 -1 5320 5309 5362 -1 5363 5342 5327 -1 5327 5345 5363 -1 5344 5364 5318 -1 5333 5318 5364 -1 5335 5365 5357 -1 5358 5346 5366 -1 5365 5335 5367 -1 5353 5368 5324 -1 5369 5324 5368 -1 5368 5353 5370 -1 5324 5369 5323 -1 5369 5368 5371 -1 5329 5323 5369 -1 5329 5369 5371 -1 5371 5372 5329 -1 5330 5372 5373 -1 5286 5331 5374 -1 5355 5375 5309 -1 5376 5348 4967 -1 5354 5348 5376 -1 5349 5354 5377 -1 5287 5351 5355 -1 5362 5309 5375 -1 5378 5343 5350 -1 5379 5343 5378 -1 5363 5380 5342 -1 5317 5326 5356 -1 5344 5343 5381 -1 5364 5382 5333 -1 5333 5382 5366 -1 5357 5345 5334 -1 5366 5346 5333 -1 5366 5383 5358 -1 5358 5367 5335 -1 5383 5367 5358 -1 5336 5320 5362 -1 5361 5352 5359 -1 5370 5353 5361 -1 5371 5368 5370 -1 5372 5330 5329 -1 5331 5330 5373 -1 5355 5384 5375 -1 5340 5337 5347 -1 5354 5376 5377 -1 5385 5360 5349 -1 5342 5386 5341 -1 5381 5364 5344 -1 5357 5365 5387 -1 5343 5379 5381 -1 5379 5388 5389 -1 5389 5390 5391 -1 5383 5366 5392 -1 5367 5393 5365 -1 5394 5328 5336 -1 5325 5340 5395 -1 5396 5325 5395 -1 5338 5325 5396 -1 5359 5338 5396 -1 5361 5359 5396 -1 5397 5371 5370 -1 5373 5398 5331 -1 5374 5331 5398 -1 5399 5374 5398 -1 5389 5382 5364 -1 5391 5400 5389 -1 5400 5382 5389 -1 5382 5400 5392 -1 5392 5400 5401 -1 5366 5382 5392 -1 5392 5401 5402 -1 5401 5403 5404 -1 5405 5406 5407 -1 5408 5406 5409 -1 5347 5410 5340 -1 5407 5406 5411 -1 5408 5411 5406 -1 5356 5412 5350 -1 5350 5412 5413 -1 5414 5415 5379 -1 5416 5379 5415 -1 5378 5414 5379 -1 5379 5416 5388 -1 5417 5418 5419 -1 5419 5418 5420 -1 5419 5420 5421 -1 5422 5423 5424 -1 5425 5426 5427 -1 5426 5425 5428 -1 5342 5380 5386 -1 5377 5385 5349 -1 5326 5341 5429 -1 5356 5326 5429 -1 5385 5430 5360 -1 5430 5431 5351 -1 5351 5360 5430 -1 5345 5357 5387 -1 5355 5351 5431 -1 5389 5381 5379 -1 5364 5381 5389 -1 5390 5389 5432 -1 5391 5433 5400 -1 5401 5400 5433 -1 5433 5434 5401 -1 5403 5401 5434 -1 5393 5367 5435 -1 5436 5367 5383 -1 5437 5402 5438 -1 5439 5434 5440 -1 5403 5439 5441 -1 5403 5441 5404 -1 5442 5404 5441 -1 5395 5340 5410 -1 5370 5361 5397 -1 5397 5443 5371 -1 5372 5371 5443 -1 5373 5372 5443 -1 5444 5398 5373 -1 5445 5399 5398 -1 5445 5398 5446 -1 5447 5448 5449 -1 5411 5450 5407 -1 5451 3472 5452 -1 5452 5453 5451 -1 5454 5455 5456 -1 5457 5458 5459 -1 5350 5413 5414 -1 5414 5378 5350 -1 5356 5460 5412 -1 5459 5461 5462 -1 5462 5461 5463 -1 5416 5464 5388 -1 5389 5388 5432 -1 5465 5463 5466 -1 5465 5390 5432 -1 5466 5390 5465 -1 5467 5417 5458 -1 5417 5461 5458 -1 5468 5418 5417 -1 5469 3500 5470 -1 5470 5471 5469 -1 5471 5470 5472 -1 5420 5473 5421 -1 5474 5472 5470 -1 5472 5474 5475 -1 5476 5477 5478 -1 5345 5387 5479 -1 5391 5421 5433 -1 5433 5421 5440 -1 5433 5440 5434 -1 5480 5481 5482 -1 5422 5482 5481 -1 5409 5406 5405 -1 5483 5484 5485 -1 5486 5487 5488 -1 5489 5490 5491 -1 5424 5484 5422 -1 5421 5473 5440 -1 5447 5484 5424 -1 5424 5423 5447 -1 5447 5423 5492 -1 5439 5493 5441 -1 5494 5495 5496 -1 5497 5498 5499 -1 5494 5496 5500 -1 5501 5484 5449 -1 5449 5484 5447 -1 5449 5448 5502 -1 5503 5449 5502 -1 5503 5502 5504 -1 5505 5408 5409 -1 5502 5506 5507 -1 5507 5504 5502 -1 5504 5507 5427 -1 5508 5408 5505 -1 5509 5507 5506 -1 5505 5510 5508 -1 5508 5510 5511 -1 5512 5511 5510 -1 5510 5505 5513 -1 5513 5514 5510 -1 5336 5362 5394 -1 5394 5515 5328 -1 5516 5427 5426 -1 5347 5328 5515 -1 5517 5426 5518 -1 5518 5519 5520 -1 5519 5521 5520 -1 5443 5444 5373 -1 5444 5446 5398 -1 4967 4994 5376 -1 5522 5385 5377 -1 5430 5385 5523 -1 5523 5524 5430 -1 5430 5524 5431 -1 5355 5431 5384 -1 3472 5451 3473 -1 5455 5454 5452 -1 5452 5454 5453 -1 5452 3479 5455 -1 5458 5461 5459 -1 5419 5525 5463 -1 5525 5466 5463 -1 5466 5525 5390 -1 5390 5525 5391 -1 5525 5419 5421 -1 5525 5421 5391 -1 3497 5470 3500 -1 3498 5470 3497 -1 5463 5461 5419 -1 5417 5419 5461 -1 5478 5477 5526 -1 5478 5526 5527 -1 5528 5392 5402 -1 5404 5402 5401 -1 5487 5481 5529 -1 5529 5481 5480 -1 5485 5530 5483 -1 5482 5483 5480 -1 5483 5482 5484 -1 5402 5404 5438 -1 5404 5531 5438 -1 5482 5422 5484 -1 5528 5436 5383 -1 5392 5528 5383 -1 5528 5490 5436 -1 5501 5485 5484 -1 5528 5402 5437 -1 5528 5437 5532 -1 5533 5532 5437 -1 5485 5501 5498 -1 5438 5531 5437 -1 5531 5533 5437 -1 5491 5490 5528 -1 5449 5503 5501 -1 5501 5503 5498 -1 5485 5498 5497 -1 5532 5491 5528 -1 5434 5439 5403 -1 5504 5498 5503 -1 5499 5498 5504 -1 5499 5504 5427 -1 5500 5496 5534 -1 5534 5535 5500 -1 5404 5442 5531 -1 5531 5442 5536 -1 5537 5536 5442 -1 5531 5536 5533 -1 5499 5064 5497 -1 5516 5499 5427 -1 5538 5064 5499 -1 5499 5516 5538 -1 5516 5426 5517 -1 5538 5516 5517 -1 5517 5520 5538 -1 3477 5452 3472 -1 3479 5452 3477 -1 5426 5428 5539 -1 5405 5407 5450 -1 5411 5408 5540 -1 5509 5427 5507 -1 5427 5509 5425 -1 5539 5518 5426 -1 5489 5541 5542 -1 5362 5543 5394 -1 5451 5453 5544 -1 5545 5544 5453 -1 5453 5546 5545 -1 3479 5547 5455 -1 5454 5546 5453 -1 5547 3479 3478 -1 5546 5454 5548 -1 5454 5456 5548 -1 5456 5549 5550 -1 5455 5549 5456 -1 5549 5455 5547 -1 5548 5456 5550 -1 5457 5467 5458 -1 5551 5414 5413 -1 5460 5356 5429 -1 5459 5462 5552 -1 5416 5415 5464 -1 5415 5553 5464 -1 5432 5388 5464 -1 5465 5462 5463 -1 5417 5467 5554 -1 2177 5555 2175 -1 5554 5468 5417 -1 2175 5555 5556 -1 5025 2175 5556 -1 5557 5420 5418 -1 5473 5420 5558 -1 2236 2175 5025 -1 5559 5476 5478 -1 5559 5478 5527 -1 5071 5559 5527 -1 5071 5527 5560 -1 5476 5561 5477 -1 5477 5561 5562 -1 5563 5526 5477 -1 5564 5526 5565 -1 5363 5345 5479 -1 5365 5393 5435 -1 5436 5490 5566 -1 5567 5541 5489 -1 5491 5567 5489 -1 5405 5541 5567 -1 5409 5405 5567 -1 5473 5558 5440 -1 5558 5439 5440 -1 5439 5558 5493 -1 5568 5496 5493 -1 5568 5569 5496 -1 5570 5571 5572 -1 5572 5571 5534 -1 5441 5493 5495 -1 5493 5496 5495 -1 5494 5573 5495 -1 5441 5495 5442 -1 5573 5442 5495 -1 5537 5442 5573 -1 5534 5571 5535 -1 5500 5535 5574 -1 5575 5508 5511 -1 5408 5508 5575 -1 5512 5510 5576 -1 5576 5510 5514 -1 5577 5514 5347 -1 5576 5514 5577 -1 5410 5347 5514 -1 5513 5410 5514 -1 5577 5347 5515 -1 5395 5410 5513 -1 5513 5578 5395 -1 5395 5578 5396 -1 5578 5579 5396 -1 5361 5396 5579 -1 5579 5580 5361 -1 5361 5580 5397 -1 5443 5397 5580 -1 5581 5443 5580 -1 5015 5582 5583 -1 5480 5583 5564 -1 5529 5584 5487 -1 5585 5483 5530 -1 5488 5487 5584 -1 5487 5486 5481 -1 5586 5481 5486 -1 5422 5481 5586 -1 5586 5587 5422 -1 5423 5422 5587 -1 5448 5588 5502 -1 5506 5502 5588 -1 5517 5518 5520 -1 5521 5519 5589 -1 5524 5521 5590 -1 4994 5046 5376 -1 5591 5522 5046 -1 5376 5522 5377 -1 5046 5522 5376 -1 5522 5591 5523 -1 5522 5523 5385 -1 5524 5590 5431 -1 5592 5375 5384 -1 5451 5593 3473 -1 5593 5451 5544 -1 3473 5593 3556 -1 5428 5425 5509 -1 5362 5375 5543 -1 5540 5450 5411 -1 5542 5541 5594 -1 5540 5408 5595 -1 5546 5548 5596 -1 5549 5547 5597 -1 5457 5459 5598 -1 5467 5457 5599 -1 5600 5414 5551 -1 5459 5601 5598 -1 5601 5459 5552 -1 5552 5602 5603 -1 5415 5414 5600 -1 5603 5602 5553 -1 5602 5464 5553 -1 5432 5464 5602 -1 5432 5602 5465 -1 5418 5468 5604 -1 5604 5557 5418 -1 5605 5469 5471 -1 5557 5606 5420 -1 2232 5555 2177 -1 5558 5420 5606 -1 5472 5607 5608 -1 5607 5472 5475 -1 5609 5607 5610 -1 5607 5475 5611 -1 5612 5611 5475 -1 5562 5563 5477 -1 5565 5526 5563 -1 5584 5564 5565 -1 5564 5584 5529 -1 5341 5386 5613 -1 5613 5386 5614 -1 5387 5365 5615 -1 5367 5616 5435 -1 5367 5436 5616 -1 5436 5566 5616 -1 5405 5617 5541 -1 5617 5405 5450 -1 5566 5490 5489 -1 5568 5558 5618 -1 5493 5558 5568 -1 5610 5569 5568 -1 5619 5570 5610 -1 5570 5619 5571 -1 5569 5572 5534 -1 5500 5573 5494 -1 5574 5573 5500 -1 5573 5574 5537 -1 5574 5535 5620 -1 5537 5574 5621 -1 5622 5574 5620 -1 5621 5574 5622 -1 5619 5612 5623 -1 5623 5624 5619 -1 5585 5042 5583 -1 5042 5585 5530 -1 5483 5585 5583 -1 5624 5571 5619 -1 5488 5625 5486 -1 5624 5535 5571 -1 5626 5447 5492 -1 5620 5535 5624 -1 5626 5448 5447 -1 5627 5448 5626 -1 5588 5448 5627 -1 5509 5506 5628 -1 5595 5408 5575 -1 5629 5630 5631 -1 5519 5518 5632 -1 5629 5631 5633 -1 5629 5633 5579 -1 5579 5633 5634 -1 5634 5580 5579 -1 5581 5580 5634 -1 5581 5444 5443 -1 5445 5446 5635 -1 5552 5462 5602 -1 5602 5462 5465 -1 5610 5607 5611 -1 5470 3498 5636 -1 5474 5470 5636 -1 5560 5013 5071 -1 5013 5560 5011 -1 5526 5582 5527 -1 5582 5526 5564 -1 5491 5637 5567 -1 5491 5532 5637 -1 5533 5637 5532 -1 5572 5569 5610 -1 5610 5570 5572 -1 5496 5569 5534 -1 5638 5536 5537 -1 5560 5527 5582 -1 5560 5582 5015 -1 5583 5582 5564 -1 5621 5638 5537 -1 5560 5015 5011 -1 5529 5480 5564 -1 5639 5638 5640 -1 5583 5480 5483 -1 5641 5536 5638 -1 5015 5583 5042 -1 5530 5039 5042 -1 5641 5533 5536 -1 5054 5039 5530 -1 5533 5641 5642 -1 5641 5638 5639 -1 5054 5530 5485 -1 5639 5640 5643 -1 5485 5057 5054 -1 5643 5641 5639 -1 5644 5641 5643 -1 5497 5057 5485 -1 5621 5622 5638 -1 5497 5059 5057 -1 5638 5622 5640 -1 5505 5409 5630 -1 5505 5630 5513 -1 5578 5513 5629 -1 5567 5630 5409 -1 5567 5637 5631 -1 5645 5631 5637 -1 5533 5645 5637 -1 5646 5645 5533 -1 5059 5497 5064 -1 5629 5513 5630 -1 5631 5630 5567 -1 5629 5579 5578 -1 5064 5538 5591 -1 5591 5045 5064 -1 5591 5046 5045 -1 5646 5533 5642 -1 5591 5538 5523 -1 5642 5641 5644 -1 5538 5520 5523 -1 5524 5523 5520 -1 5521 5524 5520 -1 5543 5375 5592 -1 5489 5542 5566 -1 5428 5509 5647 -1 5593 5544 5648 -1 5597 5547 5649 -1 5548 5550 5650 -1 5550 5549 5597 -1 5599 5457 5651 -1 5652 5653 5598 -1 5457 5598 5651 -1 5413 5412 5654 -1 5551 5413 5654 -1 5655 5601 5552 -1 5552 5603 5655 -1 5600 5656 5415 -1 5468 5554 5604 -1 3500 5469 5657 -1 5472 5608 5471 -1 5618 5558 5606 -1 5658 5618 5606 -1 5659 5608 5607 -1 2313 5660 5661 -1 2313 5661 2315 -1 2314 5662 5663 -1 5663 5662 5664 -1 5665 5664 5662 -1 5559 5153 5476 -1 5071 5124 5559 -1 5666 5667 5668 -1 5669 5668 5667 -1 5670 5562 5561 -1 5386 5380 5671 -1 5460 5429 5672 -1 5668 5669 5673 -1 5380 5363 5479 -1 5674 5675 5665 -1 5435 5676 5365 -1 5675 5674 5669 -1 5435 5616 5677 -1 5669 5674 5678 -1 5678 5673 5669 -1 5562 5679 5680 -1 5680 5563 5562 -1 5618 5609 5610 -1 5658 5609 5618 -1 5618 5610 5568 -1 5681 5563 5680 -1 5611 5619 5610 -1 5563 5681 5682 -1 5563 5682 5565 -1 5565 5682 5683 -1 5565 5683 5584 -1 5620 5624 5684 -1 5685 5584 5683 -1 5620 5684 5622 -1 5511 5512 5686 -1 5512 5576 5687 -1 5576 5577 5688 -1 5633 5689 5634 -1 5690 5634 5689 -1 5581 5634 5690 -1 5581 5691 5444 -1 5691 5446 5444 -1 5584 5685 5488 -1 5625 5488 5685 -1 5586 5486 5692 -1 5693 5423 5694 -1 5492 5423 5693 -1 5588 5695 5506 -1 5695 5628 5506 -1 5632 5518 5539 -1 5696 5521 5589 -1 5431 5590 5697 -1 5384 5431 5697 -1 5539 5428 5647 -1 3556 5593 3632 -1 5698 5544 5545 -1 5698 5545 5699 -1 5545 5546 5699 -1 5547 3478 3592 -1 5596 5548 5700 -1 5548 5650 5700 -1 5651 5598 5653 -1 5600 5551 5654 -1 5553 5415 5701 -1 5554 5467 5702 -1 5554 5702 5703 -1 5703 5604 5554 -1 3500 5657 5704 -1 5657 5469 5605 -1 5471 5608 5705 -1 5606 5557 5706 -1 5606 5706 5658 -1 5666 5707 5661 -1 2314 2337 5708 -1 2314 5708 5662 -1 5665 5662 5709 -1 5556 5555 5710 -1 5025 5556 5710 -1 5153 5711 5476 -1 5666 5668 5707 -1 5712 5707 5668 -1 5670 5713 5562 -1 5562 5713 5679 -1 5712 5668 5714 -1 5673 5714 5668 -1 5674 5715 5678 -1 5673 5678 5716 -1 5716 5678 5715 -1 5683 5682 5717 -1 5683 5717 5685 -1 5614 5386 5671 -1 5672 5341 5613 -1 5429 5341 5672 -1 5479 5387 5718 -1 5718 5387 5615 -1 5365 5676 5615 -1 5566 5542 5719 -1 5594 5541 5617 -1 5540 5595 5720 -1 5686 5512 5687 -1 5687 5576 5721 -1 5690 5722 5691 -1 5690 5691 5581 -1 5625 5685 5723 -1 5586 5694 5587 -1 5423 5587 5694 -1 5628 5724 5509 -1 5725 5509 5724 -1 5590 5521 5696 -1 5592 5384 5697 -1 5609 5658 5659 -1 5659 5607 5609 -1 2312 5660 2313 -1 5663 2312 2314 -1 5663 5660 2312 -1 5660 5663 5667 -1 5666 5661 5660 -1 5667 5666 5660 -1 5667 5663 5675 -1 5664 5675 5663 -1 5667 5675 5669 -1 5664 5665 5675 -1 5612 5619 5611 -1 5689 5631 5645 -1 5631 5689 5633 -1 5642 5644 5726 -1 5646 5642 5726 -1 5645 5646 5689 -1 5690 5689 5646 -1 5646 5726 5722 -1 5690 5646 5722 -1 5539 5647 5725 -1 5695 5588 5727 -1 5725 5647 5509 -1 5593 5648 3632 -1 5699 5546 5728 -1 5550 5597 5729 -1 5651 5653 5730 -1 5654 5412 5731 -1 5731 5412 5460 -1 5656 5600 5732 -1 5603 5553 5733 -1 5704 3535 3500 -1 5734 5557 5604 -1 5705 5605 5471 -1 5557 5734 5706 -1 5706 5705 5659 -1 5705 5608 5659 -1 5735 2315 5661 -1 5658 5706 5659 -1 5736 5613 5614 -1 5710 5555 2378 -1 5671 5380 5737 -1 5380 5479 5737 -1 5065 5025 5710 -1 5566 5677 5616 -1 5617 5450 5738 -1 5476 5711 5739 -1 5738 5450 5540 -1 5153 5559 5124 -1 5686 5740 5511 -1 5575 5511 5740 -1 5688 5721 5576 -1 5515 5394 5741 -1 5577 5515 5741 -1 5665 5742 5674 -1 5742 5743 5674 -1 5715 5674 5743 -1 5673 5716 5714 -1 5486 5625 5723 -1 5692 5486 5744 -1 5626 5492 5745 -1 5727 5746 5695 -1 5747 5628 5695 -1 5589 5519 5748 -1 5592 5749 5543 -1 5698 5648 5544 -1 5596 5728 5546 -1 5650 5550 5729 -1 5651 5730 5599 -1 5654 5750 5600 -1 5460 5672 5751 -1 5652 5601 5752 -1 5655 5752 5601 -1 5603 5733 5655 -1 5701 5415 5656 -1 5733 5553 5701 -1 5599 5702 5467 -1 5735 5661 5753 -1 5708 5754 5662 -1 5734 5604 5755 -1 5662 5756 5709 -1 5665 5709 5756 -1 5704 5657 5605 -1 5705 5755 5605 -1 5755 5705 5734 -1 5706 5734 5705 -1 5672 5613 5757 -1 5736 5614 5758 -1 5758 5614 5759 -1 5614 5671 5759 -1 5671 5737 5759 -1 5479 5718 5760 -1 5677 5566 5761 -1 5762 5594 5617 -1 5617 5738 5763 -1 5740 5686 5764 -1 5765 5670 5739 -1 5688 5577 5766 -1 5767 5723 5685 -1 3592 5649 5547 -1 5555 2232 2378 -1 5561 5739 5670 -1 5476 5739 5561 -1 5486 5723 5744 -1 5586 5692 5768 -1 5768 5694 5586 -1 5492 5693 5745 -1 5727 5588 5627 -1 5590 5696 5769 -1 5697 5590 5769 -1 5596 5700 5770 -1 5729 5597 5771 -1 5772 5600 5750 -1 5750 5654 5731 -1 5731 5460 5751 -1 5773 5701 5656 -1 5599 5774 5702 -1 3609 3535 5775 -1 5704 5776 3535 -1 5777 5703 5778 -1 5703 5702 5778 -1 5776 5704 5777 -1 5777 5604 5703 -1 5604 5777 5755 -1 5605 5777 5704 -1 5777 5605 5755 -1 5613 5736 5757 -1 5737 5479 5760 -1 5779 5435 5677 -1 5735 5780 2315 -1 5661 5707 5753 -1 5617 5763 5762 -1 2377 5781 2337 -1 5708 2337 5781 -1 5782 5540 5720 -1 5756 5783 5665 -1 5065 5710 5784 -1 5687 5785 5686 -1 5786 5595 5575 -1 5785 5687 5787 -1 5687 5721 5787 -1 5741 5543 5749 -1 5394 5543 5741 -1 5766 5721 5688 -1 5766 5577 5741 -1 5788 5712 5714 -1 5713 5670 5765 -1 5679 5713 5789 -1 5680 5679 5789 -1 5788 5714 5790 -1 5682 5791 5717 -1 5792 5717 5791 -1 5793 5744 5723 -1 5692 5744 5794 -1 5795 5736 5796 -1 5627 5626 5797 -1 5798 5797 5626 -1 5799 5798 5800 -1 5724 5628 5747 -1 5725 5724 5801 -1 5632 5539 5802 -1 5519 5632 5748 -1 5589 5748 5803 -1 5696 5589 5803 -1 5696 5803 5769 -1 5804 5697 5769 -1 5592 5697 5805 -1 5806 5648 5698 -1 5698 5699 5807 -1 5807 5699 5728 -1 5649 3649 5771 -1 5597 5649 5771 -1 3592 3649 5649 -1 5774 5599 5808 -1 5772 5732 5600 -1 5809 5656 5732 -1 5733 5810 5655 -1 5811 5733 5701 -1 5812 3609 5775 -1 3535 5776 5775 -1 5778 5702 5774 -1 5776 5777 5778 -1 5796 5736 5758 -1 5813 5757 5736 -1 5676 5435 5779 -1 5761 5566 5719 -1 5594 5762 5542 -1 5754 5708 5781 -1 5764 5686 5785 -1 5575 5814 5786 -1 5065 5784 5815 -1 5065 5815 5154 -1 5154 5815 5711 -1 5815 5816 5711 -1 5711 5816 5739 -1 5154 5711 5153 -1 5713 5817 5789 -1 5714 5716 5818 -1 5819 5716 5715 -1 5818 5716 5819 -1 5682 5820 5791 -1 5685 5717 5792 -1 5767 5685 5792 -1 2378 2315 5780 -1 5821 5710 2378 -1 5821 5784 5710 -1 5707 5712 5753 -1 5753 5712 5822 -1 5665 5783 5742 -1 5789 5681 5680 -1 5816 5823 5765 -1 5816 5765 5739 -1 5822 5712 5788 -1 5817 5713 5824 -1 5714 5818 5825 -1 5723 5767 5793 -1 5826 5744 5827 -1 5768 5692 5794 -1 5828 5829 5830 -1 5828 5795 5796 -1 5831 5829 5828 -1 5626 5745 5798 -1 5798 5745 5832 -1 5627 5833 5727 -1 5833 5627 5797 -1 5797 5798 5799 -1 5802 5539 5725 -1 5748 5632 5834 -1 5805 5697 5804 -1 5749 5592 5805 -1 5728 5596 5770 -1 5835 5771 3649 -1 5771 5835 5729 -1 5729 5836 5650 -1 5599 5730 5808 -1 5652 5837 5653 -1 5752 5837 5652 -1 5757 5813 5838 -1 5751 5672 5839 -1 5795 5840 5736 -1 5736 5840 5813 -1 5758 5841 5796 -1 5758 5759 5842 -1 5759 5737 5842 -1 5779 5843 5676 -1 5677 5761 5844 -1 5738 5540 5782 -1 5720 5595 5786 -1 5814 5575 5740 -1 5756 5662 5754 -1 5784 5845 5815 -1 5801 5724 5846 -1 2378 5847 5821 -1 5845 5821 5847 -1 5848 5753 5822 -1 5823 5824 5765 -1 5765 5824 5713 -1 5783 5849 5742 -1 5715 5743 5850 -1 5767 5792 5851 -1 5767 5851 5793 -1 5826 5827 5852 -1 5853 5829 5826 -1 5830 5829 5853 -1 5828 5796 5841 -1 5745 5693 5832 -1 5693 5854 5832 -1 5800 5798 5832 -1 5799 5855 5797 -1 5746 5747 5695 -1 5632 5802 5834 -1 5856 5749 5805 -1 5856 5741 5749 -1 3632 5648 5806 -1 5857 3649 3637 -1 5857 3637 3638 -1 5835 3649 5858 -1 5859 5653 5837 -1 5700 5650 5836 -1 5729 5835 5859 -1 5653 5860 5730 -1 5837 5752 5861 -1 5731 5862 5750 -1 5839 5672 5757 -1 5810 5733 5863 -1 5733 5811 5863 -1 5752 5655 5861 -1 5655 5810 5861 -1 5809 5773 5656 -1 5864 5812 5775 -1 5775 5776 5774 -1 5774 5776 5778 -1 5841 5758 5865 -1 5842 5865 5758 -1 5843 5615 5676 -1 5779 5677 5844 -1 5542 5866 5719 -1 5764 5785 5867 -1 5867 5785 5868 -1 5740 5764 5869 -1 5870 5787 5721 -1 5871 5721 5766 -1 5756 5754 5872 -1 5784 5821 5845 -1 5816 5815 5873 -1 5816 5873 5823 -1 2378 5780 5847 -1 5848 5735 5753 -1 5790 5714 5825 -1 5819 5715 5850 -1 5681 5789 5874 -1 5874 5820 5681 -1 5681 5820 5682 -1 5813 5840 5875 -1 5849 5783 5876 -1 5791 5820 5792 -1 5827 5744 5793 -1 5852 5853 5826 -1 5877 5794 5744 -1 5826 5877 5744 -1 5840 5795 5878 -1 5879 5694 5768 -1 5693 5694 5879 -1 5880 5727 5833 -1 5797 5855 5833 -1 5881 5769 5803 -1 5882 5769 5881 -1 5882 5883 5871 -1 5856 5804 5769 -1 5769 5882 5856 -1 5804 5856 5805 -1 5882 5871 5856 -1 3632 5806 3665 -1 5806 5698 5884 -1 3649 5857 5858 -1 5808 5730 5885 -1 5653 5859 5835 -1 5836 5770 5700 -1 5729 5859 5886 -1 5859 5837 5861 -1 5653 5835 5860 -1 5732 5772 5809 -1 5875 5838 5813 -1 5839 5887 5751 -1 5731 5751 5862 -1 5773 5809 5888 -1 5811 5701 5888 -1 5811 5888 5863 -1 5701 5773 5888 -1 5812 5864 3635 -1 5864 5775 5774 -1 5842 5737 5889 -1 5889 5737 5760 -1 5789 5817 5874 -1 5844 5761 5890 -1 5763 5738 5891 -1 5762 5763 5892 -1 5542 5762 5893 -1 5764 5867 5894 -1 5787 5870 5895 -1 5785 5787 5868 -1 5871 5870 5721 -1 5883 5870 5871 -1 5766 5856 5871 -1 5856 5766 5741 -1 5875 5840 5896 -1 5878 5896 5840 -1 5897 5818 5819 -1 5794 5877 5879 -1 5794 5879 5768 -1 5898 5826 5829 -1 5830 5899 5828 -1 5795 5828 5899 -1 5878 5795 5899 -1 5831 5828 5900 -1 5829 5831 5898 -1 5901 5898 5831 -1 5693 5879 5854 -1 5832 5854 5902 -1 5727 5880 5746 -1 5903 5724 5747 -1 5846 5724 5903 -1 5802 5725 5801 -1 5834 5802 5904 -1 5881 5883 5882 -1 3678 5857 3638 -1 3678 5885 5857 -1 5858 5860 5835 -1 5860 5858 5730 -1 5858 5857 5885 -1 5885 3678 5808 -1 5885 5730 5858 -1 5808 3678 5864 -1 5836 5729 5886 -1 5774 5808 5864 -1 5757 5838 5905 -1 5906 5862 5751 -1 5861 5810 5863 -1 5907 5841 5865 -1 5889 5760 5908 -1 2377 5909 5781 -1 5891 5738 5782 -1 5893 5762 5892 -1 5894 5867 5910 -1 5867 5868 5910 -1 5869 5764 5894 -1 5780 5911 5847 -1 5868 5787 5912 -1 5913 5780 5735 -1 5780 5913 5911 -1 5848 5822 5914 -1 5915 5914 5822 -1 5788 5915 5822 -1 5788 5790 5915 -1 5873 5824 5823 -1 5817 5824 5916 -1 5874 5817 5916 -1 5743 5849 5850 -1 5743 5742 5849 -1 5909 5754 5781 -1 5896 5917 5875 -1 5820 5874 5918 -1 5820 5918 5792 -1 5919 5818 5897 -1 5920 5793 5851 -1 5827 5793 5921 -1 5877 5826 5898 -1 5922 5828 5841 -1 5923 5898 5901 -1 5879 5923 5854 -1 5923 5901 5854 -1 5854 5901 5902 -1 5855 5799 5924 -1 5924 5799 5925 -1 5834 5926 5748 -1 5803 5748 5926 -1 3665 5806 5927 -1 5927 5806 5884 -1 5884 5698 5928 -1 5807 5728 5929 -1 5770 5929 5728 -1 5861 5886 5859 -1 5875 5905 5838 -1 5757 5905 5839 -1 5772 5750 5930 -1 5750 5862 5930 -1 5931 5836 5886 -1 5861 5932 5886 -1 5861 5863 5932 -1 5886 5932 5931 -1 3635 5864 3678 -1 5909 2377 5933 -1 5909 5872 5754 -1 5892 5763 5891 -1 5913 5873 5911 -1 5913 5735 5848 -1 5786 5934 5720 -1 5847 5873 5845 -1 5720 5934 5782 -1 5873 5847 5911 -1 5873 5815 5845 -1 5912 5787 5895 -1 5873 5913 5824 -1 5913 5848 5914 -1 5824 5913 5916 -1 5916 5935 5874 -1 5790 5825 5936 -1 5937 5819 5850 -1 5918 5874 5935 -1 5918 5938 5792 -1 5792 5938 5851 -1 5818 5919 5825 -1 5827 5921 5852 -1 5877 5923 5879 -1 5923 5877 5898 -1 5853 5852 5939 -1 5830 5853 5939 -1 5900 5828 5922 -1 5940 5831 5900 -1 5901 5831 5940 -1 5800 5925 5799 -1 5941 5846 5903 -1 5801 5846 5941 -1 5834 5904 5942 -1 5926 5834 5942 -1 5770 5836 5943 -1 5943 5944 5770 -1 5809 5772 5930 -1 5905 5875 5917 -1 5945 5839 5905 -1 5887 5906 5751 -1 5836 5931 5943 -1 5888 5932 5863 -1 5841 5907 5922 -1 5865 5842 5946 -1 5842 5889 5946 -1 5615 5843 5947 -1 5779 5844 5948 -1 5844 5890 5949 -1 5890 5761 5950 -1 5719 5950 5761 -1 5542 5893 5866 -1 5740 5869 5814 -1 5935 5916 5951 -1 5951 5952 5935 -1 5870 5883 5953 -1 5783 5954 5876 -1 5718 5908 5760 -1 5615 5947 5718 -1 5783 5756 5954 -1 5913 5914 5951 -1 5916 5913 5951 -1 5951 5914 5955 -1 5914 5915 5955 -1 5918 5935 5956 -1 5938 5918 5956 -1 5899 5830 5939 -1 5957 5833 5958 -1 5880 5833 5957 -1 5924 5925 5959 -1 5832 5960 5800 -1 5747 5746 5880 -1 5801 5941 5961 -1 5801 5904 5802 -1 5962 5803 5926 -1 5881 5803 5962 -1 5883 5881 5953 -1 5698 5807 5928 -1 5887 5839 5945 -1 5930 5862 5963 -1 5862 5906 5963 -1 5964 5931 5932 -1 5964 5932 5888 -1 5809 5964 5888 -1 5948 5844 5949 -1 5910 5868 5912 -1 5934 5965 5782 -1 5912 5895 5966 -1 5895 5870 5967 -1 5870 5953 5967 -1 5968 5756 5872 -1 5954 5756 5968 -1 5955 5952 5951 -1 5897 5819 5969 -1 5956 5935 5952 -1 5919 5936 5825 -1 5970 5851 5938 -1 5851 5970 5920 -1 5793 5920 5921 -1 5901 5940 5971 -1 5902 5901 5971 -1 5833 5855 5958 -1 5800 5972 5925 -1 5903 5747 5973 -1 5904 5801 5961 -1 5962 5974 5881 -1 5927 5975 3665 -1 5928 5807 5929 -1 5945 5905 5917 -1 5943 5931 5976 -1 5976 5964 5977 -1 5931 5964 5976 -1 5809 5977 5964 -1 5907 5865 5978 -1 5946 5978 5865 -1 5933 2377 2516 -1 5933 5979 5909 -1 5979 5872 5909 -1 5850 5849 5980 -1 5894 5910 5981 -1 5937 5850 5980 -1 5819 5937 5969 -1 5910 5912 5982 -1 5981 5869 5894 -1 5869 5786 5814 -1 5982 5912 5966 -1 5915 5790 5936 -1 5936 5955 5915 -1 5952 5955 5983 -1 5936 5983 5955 -1 5902 5960 5832 -1 5947 5984 5718 -1 5852 5921 5985 -1 5899 5986 5878 -1 5986 5987 5878 -1 5987 5896 5878 -1 5988 5940 5900 -1 5974 5953 5881 -1 5927 5884 5989 -1 5944 5929 5770 -1 5990 5944 5943 -1 5809 5930 5977 -1 5977 5930 5963 -1 5887 5991 5906 -1 5992 5943 5976 -1 5946 5889 5978 -1 5843 5779 5948 -1 5782 5993 5891 -1 5872 5994 5968 -1 5782 5965 5993 -1 5950 5719 5866 -1 5919 5983 5936 -1 5967 5966 5895 -1 5897 5995 5919 -1 5983 5919 5995 -1 5939 5852 5985 -1 5986 5899 5996 -1 5899 5939 5996 -1 5855 5924 5997 -1 5998 5747 5880 -1 5903 5973 5999 -1 5903 5999 5941 -1 6000 5926 5942 -1 5962 5926 6001 -1 5974 5962 6001 -1 5975 5927 5989 -1 5884 5928 6002 -1 5928 5929 6003 -1 5887 5945 6004 -1 5906 5991 5963 -1 5948 5949 6005 -1 6005 5949 5890 -1 5890 5950 6005 -1 5893 5892 5993 -1 5892 5891 5993 -1 5866 5893 6006 -1 5968 6007 5954 -1 6008 5937 5980 -1 6009 5934 5786 -1 5969 5937 6008 -1 5982 5966 6010 -1 5995 5952 5983 -1 5952 5995 6011 -1 6011 5956 5952 -1 5995 5897 5969 -1 5938 6011 5970 -1 5876 5954 6012 -1 6013 5876 6012 -1 5980 5849 5876 -1 6011 5938 5956 -1 5960 5902 5971 -1 5960 5972 5800 -1 5908 5718 5984 -1 6014 5933 2516 -1 5979 5933 6014 -1 5994 5872 5979 -1 5986 6015 5987 -1 5988 5900 5922 -1 6016 5880 5957 -1 5880 6016 5998 -1 6017 5904 5961 -1 6000 5942 6018 -1 6001 5926 6000 -1 5884 6002 5989 -1 5943 5992 6019 -1 5896 5987 6020 -1 6020 5917 5896 -1 5917 6004 5945 -1 5976 5977 6021 -1 5922 5907 6022 -1 5907 5978 6022 -1 5978 5889 6023 -1 6024 5984 5947 -1 5947 5843 6024 -1 5843 5948 6025 -1 6007 5968 5994 -1 5981 5910 5982 -1 5981 6026 5869 -1 5967 6010 5966 -1 5995 6027 6011 -1 6011 6027 6028 -1 6028 5970 6011 -1 6029 5934 6030 -1 6030 5934 6009 -1 5997 5958 5855 -1 5998 5973 5747 -1 6018 5904 6017 -1 5942 5904 6018 -1 5928 6003 6002 -1 5990 5943 6019 -1 5977 6031 6021 -1 6020 6004 5917 -1 5887 6004 6032 -1 6031 5963 5991 -1 5963 6031 5977 -1 6014 6033 5979 -1 6033 5994 5979 -1 6034 6025 5948 -1 6034 5948 6005 -1 5893 5993 6006 -1 5993 5965 6035 -1 5970 6028 6036 -1 5920 5970 6036 -1 5921 5920 6036 -1 6009 5786 5869 -1 5975 3750 3665 -1 5975 5989 6037 -1 6013 6012 6038 -1 5980 5876 6013 -1 5934 6029 5965 -1 6039 5972 5960 -1 5972 5959 5925 -1 5989 6002 6040 -1 6003 6041 6002 -1 5887 6042 5991 -1 5992 5976 6021 -1 6023 5889 6043 -1 5889 5908 6043 -1 6044 6008 5980 -1 6044 5980 6045 -1 5965 6029 6030 -1 5999 5973 5998 -1 5924 5959 5997 -1 6046 5961 5941 -1 6047 6017 5961 -1 5953 5974 6048 -1 6049 6010 5967 -1 5989 6040 6050 -1 6040 6002 6051 -1 6051 6002 6041 -1 6003 5929 5944 -1 5987 6052 6020 -1 6020 6053 6004 -1 6038 6007 6054 -1 6031 5991 6055 -1 6056 5992 6021 -1 5985 6057 5939 -1 5843 6025 6024 -1 6058 5986 5996 -1 5939 6057 5996 -1 5950 5866 6059 -1 5988 5922 6022 -1 5993 6035 6060 -1 5866 6006 6059 -1 5982 6010 6061 -1 5981 5982 6062 -1 6026 5981 6062 -1 5869 6026 6063 -1 6061 6010 6049 -1 6064 5940 5988 -1 2588 6065 6014 -1 6014 2516 2588 -1 6004 6053 6032 -1 6033 6014 6065 -1 6066 6033 6065 -1 5994 6033 6066 -1 5908 5984 6043 -1 6066 6007 5994 -1 6054 6007 6066 -1 5980 6013 6045 -1 5969 6027 5995 -1 6067 5990 6019 -1 6021 6031 6068 -1 6053 6020 6052 -1 6042 5887 6032 -1 6036 6028 6069 -1 6055 5991 6070 -1 6022 5978 6071 -1 6064 5988 6022 -1 6005 5950 6072 -1 6061 6062 5982 -1 6046 5941 5999 -1 5961 6046 6047 -1 5965 6030 6035 -1 6009 5869 6063 -1 6001 6000 6073 -1 6048 5974 6001 -1 6074 6075 6076 -1 6074 6076 6077 -1 6041 6078 6051 -1 6003 5944 6079 -1 6038 6080 6013 -1 6080 6038 6081 -1 5969 6008 6082 -1 6056 6021 6068 -1 6083 6027 5969 -1 6069 6028 6027 -1 6036 5985 5921 -1 6053 6084 6032 -1 6015 5986 6058 -1 5987 6015 6052 -1 6067 5992 6056 -1 5958 6085 5957 -1 5972 6039 6086 -1 6071 5978 6023 -1 5959 5972 6087 -1 5957 6085 6016 -1 6046 5999 6088 -1 6006 5993 6060 -1 6035 6089 6060 -1 6049 5953 6048 -1 5967 5953 6049 -1 3802 2588 2587 -1 2588 3802 6090 -1 3802 3798 6090 -1 6065 2588 6090 -1 6091 6065 6090 -1 3808 3749 6037 -1 3808 6037 6076 -1 6091 6092 6065 -1 6074 6077 6093 -1 3808 6076 6075 -1 6066 6065 6092 -1 6092 6094 6066 -1 6054 6066 6094 -1 6050 6077 6076 -1 6037 6050 6076 -1 6095 6077 6050 -1 6081 6054 6094 -1 6081 6038 6054 -1 6051 6095 6040 -1 6040 6095 6050 -1 5971 5940 6096 -1 5971 6039 5960 -1 6024 6097 5984 -1 5944 5990 6079 -1 6067 6019 5992 -1 6056 6068 6098 -1 6052 6084 6053 -1 6096 5940 6064 -1 6032 6099 6042 -1 5958 5997 6085 -1 5997 5959 6100 -1 5991 6042 6070 -1 5999 5998 6088 -1 6073 6000 6018 -1 6045 6013 6080 -1 6024 6025 6097 -1 6081 6101 6080 -1 6025 6034 6102 -1 6103 6025 6102 -1 6104 6075 6074 -1 6008 6044 6082 -1 6072 5950 6059 -1 6105 6083 5969 -1 6027 6083 6069 -1 6106 6095 6051 -1 6061 6107 6062 -1 6003 6079 6041 -1 6035 6030 6108 -1 6107 6061 6049 -1 6015 6058 6109 -1 6052 6015 6110 -1 6036 6069 6111 -1 6111 5985 6036 -1 6067 6056 6098 -1 6032 6084 6112 -1 6099 6032 6112 -1 6098 6068 6113 -1 6022 6071 6064 -1 6044 6045 6080 -1 6097 6025 6114 -1 6114 6025 6103 -1 6018 6017 6115 -1 6034 6005 6116 -1 6048 6001 6073 -1 6116 6005 6072 -1 6117 6116 6072 -1 6060 6059 6006 -1 6089 6035 6108 -1 6051 6078 6106 -1 6030 6009 6063 -1 3815 3794 6075 -1 3815 6091 6090 -1 6104 3815 6075 -1 3798 3806 6090 -1 6090 3806 3815 -1 6075 3794 3808 -1 6091 3815 6104 -1 6091 6104 6092 -1 6077 6118 6093 -1 6119 6094 6092 -1 6092 6104 6119 -1 6074 6119 6104 -1 6119 6074 6093 -1 6094 6119 6093 -1 6118 6077 6120 -1 6081 6093 6118 -1 6094 6093 6081 -1 6095 6120 6077 -1 6118 6120 6106 -1 6106 6121 6118 -1 6095 6106 6120 -1 6101 6118 6121 -1 6081 6118 6101 -1 5971 6096 6039 -1 6023 6043 6097 -1 6097 6043 5984 -1 6086 6122 5972 -1 6087 5972 6122 -1 6016 6123 5998 -1 6113 6068 6124 -1 6112 6125 6099 -1 6099 6126 6042 -1 6070 6042 6126 -1 6127 6047 6046 -1 6047 6128 6115 -1 6017 6047 6115 -1 6071 6129 6064 -1 6130 6071 6023 -1 5969 6082 6105 -1 6023 6097 6131 -1 6078 6041 6132 -1 6034 6116 6102 -1 6110 6015 6109 -1 6059 6060 6089 -1 6063 6133 6030 -1 6086 6039 6134 -1 6086 6135 6122 -1 6087 6136 5959 -1 6113 6112 6084 -1 6137 6122 6138 -1 6112 6113 6124 -1 6085 6123 6016 -1 6139 5998 6123 -1 6085 5997 6140 -1 6088 5998 6139 -1 6055 6068 6031 -1 6141 6100 5959 -1 6080 6142 6044 -1 6130 6129 6071 -1 6131 6130 6023 -1 6073 6018 6143 -1 6083 6144 6069 -1 6106 6078 6145 -1 6132 6041 6079 -1 6146 6058 5996 -1 6147 6079 5990 -1 6148 5985 6111 -1 6148 6057 5985 -1 6084 6149 6150 -1 5996 6057 6146 -1 6064 6129 6096 -1 6107 6151 6062 -1 6134 6135 6086 -1 6106 6152 6121 -1 6152 6106 6145 -1 6134 6039 6096 -1 6084 6110 6149 -1 6084 6052 6110 -1 5997 6100 6140 -1 6101 6142 6080 -1 6127 6046 6088 -1 6055 6070 6153 -1 6153 6070 6126 -1 6100 6141 6154 -1 6136 6141 5959 -1 6128 6047 6127 -1 6155 6115 6128 -1 6115 6155 6018 -1 6083 6105 6144 -1 6048 6073 6156 -1 6111 6069 6157 -1 6131 6097 6158 -1 6049 6048 6156 -1 6159 6049 6156 -1 6158 6097 6114 -1 6114 6103 6158 -1 6160 6109 6058 -1 6161 6145 6078 -1 6132 6079 6147 -1 6149 6109 6162 -1 6109 6149 6110 -1 6026 6062 6151 -1 6138 6122 6135 -1 6063 6026 6163 -1 6108 6030 6133 -1 6107 6049 6159 -1 6122 6137 6164 -1 6136 6087 6164 -1 6165 6113 6084 -1 6165 6098 6113 -1 6140 6123 6085 -1 6112 6124 6125 -1 6140 6100 6154 -1 6124 6068 6153 -1 6166 6082 6044 -1 6105 6082 6166 -1 6154 6141 6167 -1 6142 6101 6168 -1 6068 6055 6153 -1 6126 6099 6125 -1 6143 6018 6155 -1 6069 6144 6157 -1 6169 6130 6131 -1 6170 6145 6161 -1 6171 6170 6161 -1 6170 6171 6150 -1 6111 6157 6148 -1 6146 6057 6148 -1 6172 6158 6103 -1 6129 6173 6096 -1 6174 6172 6175 -1 6172 6103 6175 -1 6103 6102 6175 -1 6067 6147 5990 -1 6116 6176 6102 -1 6177 6135 6178 -1 6135 6177 6138 -1 6179 6089 6180 -1 6164 6087 6122 -1 6108 6180 6089 -1 6089 6179 6059 -1 6124 6153 6125 -1 6152 6145 6181 -1 6181 6145 6170 -1 6149 6162 6181 -1 6149 6181 6170 -1 6152 6182 6121 -1 6121 6182 6168 -1 6149 6170 6150 -1 6132 6161 6078 -1 6084 6150 6171 -1 6084 6171 6165 -1 6130 6183 6129 -1 6141 6136 6184 -1 6185 6140 6154 -1 6044 6142 6166 -1 6088 6186 6127 -1 6158 6169 6131 -1 6182 6181 6187 -1 6188 6189 6172 -1 6073 6143 6190 -1 6172 6169 6158 -1 6156 6073 6190 -1 6172 6174 6188 -1 6191 6144 6192 -1 6144 6191 6157 -1 6176 6175 6102 -1 6176 6116 6117 -1 6146 6160 6058 -1 6179 6072 6059 -1 6129 6183 6173 -1 6096 6173 6134 -1 6134 6173 6178 -1 6134 6178 6135 -1 6137 6138 6164 -1 6153 6126 6125 -1 6186 6088 6139 -1 6168 6166 6142 -1 6185 6154 6167 -1 6130 6169 6183 -1 6167 6141 6184 -1 6166 6193 6105 -1 6194 6169 6189 -1 6172 6189 6169 -1 6105 6193 6144 -1 6192 6144 6193 -1 6190 6143 6155 -1 6161 6132 6171 -1 6165 6171 6195 -1 6192 6160 6191 -1 6117 6072 6179 -1 6132 6195 6171 -1 6160 6157 6191 -1 6196 6180 6197 -1 6147 6195 6132 -1 6157 6160 6146 -1 6196 6179 6180 -1 6146 6148 6157 -1 6180 6108 6198 -1 6195 6147 6067 -1 6108 6133 6198 -1 6195 6067 6098 -1 6063 6199 6133 -1 6173 6183 6178 -1 6164 6184 6136 -1 6200 6164 6138 -1 6188 6200 6138 -1 6139 6123 6140 -1 6181 6182 6152 -1 6187 6181 6162 -1 6162 6160 6192 -1 6160 6162 6109 -1 6177 6189 6138 -1 6189 6188 6138 -1 6186 6201 6127 -1 6127 6201 6128 -1 6156 6190 6202 -1 6165 6195 6098 -1 6063 6163 6199 -1 6026 6151 6163 -1 6178 6183 6194 -1 6151 6107 6202 -1 6159 6202 6107 -1 6159 6156 6202 -1 6178 6189 6177 -1 6185 6139 6140 -1 6176 6174 6175 -1 6186 6203 6201 -1 6166 6168 6187 -1 6193 6166 6187 -1 6155 6128 6204 -1 6168 6182 6187 -1 6117 6179 6196 -1 6190 6155 6204 -1 6169 6194 6183 -1 6189 6178 6194 -1 6180 6198 6197 -1 6117 6196 6176 -1 6205 6151 6204 -1 6205 6206 6151 -1 6163 6151 6206 -1 6192 6187 6162 -1 6164 6200 6184 -1 6184 6200 6207 -1 6184 6207 6167 -1 6174 6176 6208 -1 6208 6176 6196 -1 6186 6139 6209 -1 6203 6186 6209 -1 6210 6197 6211 -1 6208 6196 6210 -1 6196 6197 6210 -1 6192 6193 6187 -1 6202 6190 6204 -1 6198 6211 6197 -1 6207 6200 6208 -1 6200 6174 6208 -1 6206 6205 6212 -1 6188 6174 6200 -1 6202 6204 6151 -1 6167 6213 6185 -1 6208 6214 6207 -1 6214 6208 6210 -1 6211 6215 6210 -1 6205 6204 6212 -1 6128 6201 6216 -1 6211 6198 6217 -1 6198 6199 6217 -1 6133 6199 6198 -1 6139 6185 6209 -1 6206 6199 6163 -1 6204 6128 6216 -1 6215 6214 6210 -1 6213 6209 6185 -1 6212 6215 6211 -1 6212 6211 6206 -1 6209 6213 6203 -1 6201 6203 6218 -1 6218 6216 6201 -1 6206 6217 6199 -1 6215 6212 6219 -1 6219 6212 6216 -1 6207 6213 6167 -1 6212 6204 6216 -1 6213 6207 6220 -1 6206 6211 6217 -1 6213 6218 6203 -1 6218 6219 6216 -1 6220 6214 6215 -1 6220 6215 6219 -1 6214 6220 6207 -1 6220 6218 6213 -1 6219 6218 6220 -1 5652 5598 5601 -1 5812 3635 3609 -1 6038 6012 5954 -1 6038 5954 6007 -1 5975 6037 3750 -1 6037 3749 3750 -1 6037 5989 6050 -1 6121 6168 6101 -1 5222 6221 5223 -1 6222 6223 6224 -1 6222 6224 6225 -1 6226 2998 6227 -1 6225 6224 6228 -1 6222 6229 6223 -1 6229 6222 6230 -1 6230 6222 6225 -1 6223 6229 6231 -1 6226 6232 2978 -1 2978 2976 6226 -1 2978 6232 6233 -1 6227 6234 6226 -1 6226 6234 6232 -1 6235 6236 2998 -1 6237 6238 6236 -1 6239 6240 6241 -1 6242 6243 6238 -1 2975 2998 6226 -1 2976 2975 6226 -1 5223 3000 2923 -1 3000 5223 6221 -1 3000 6221 6240 -1 6244 3000 6240 -1 3000 6245 2999 -1 2999 6245 6235 -1 2998 2999 6235 -1 2998 6236 6227 -1 3000 6244 6245 -1 6235 6245 6244 -1 6244 6236 6235 -1 6244 6237 6236 -1 6244 6240 6237 -1 6240 6239 6237 -1 6242 6238 6237 -1 6221 5222 5225 -1 5225 5231 6221 -1 5231 5230 6221 -1 5230 6240 6221 -1 5230 5229 6240 -1 6241 6240 5229 -1 5229 5233 6241 -1 6246 6241 5233 -1 6239 6242 6237 -1 6239 6241 6246 -1 5266 6247 5233 -1 6224 6223 6248 -1 6249 2978 6233 -1 3021 2978 6249 -1 6249 6233 6250 -1 6227 6251 6252 -1 6236 6253 6251 -1 6239 6254 6255 -1 6255 6243 6242 -1 6256 6243 6257 -1 6243 6255 6257 -1 6257 6255 6258 -1 6255 6254 6259 -1 6257 6258 6260 -1 6261 6257 6262 -1 6257 6260 6262 -1 6263 5259 5260 -1 6264 5267 6265 -1 6266 6267 6268 -1 6263 5260 6269 -1 6269 6270 6263 -1 6267 6263 6270 -1 6271 6267 6270 -1 6268 6267 6271 -1 6233 6232 6234 -1 6234 6272 6233 -1 6234 6252 6273 -1 6250 6233 6272 -1 6250 6272 6274 -1 6234 6273 6272 -1 6275 6276 6277 -1 6277 6278 6275 -1 6230 6275 6278 -1 6229 6230 6278 -1 6279 6280 6281 -1 6282 6225 6228 -1 6282 6279 6281 -1 6283 6282 6228 -1 6279 6282 6283 -1 6284 6279 6283 -1 6285 6228 6224 -1 6231 6229 6278 -1 3059 3021 6249 -1 6250 3059 6249 -1 6286 3059 6250 -1 6250 6274 6286 -1 6287 6286 6274 -1 6252 6251 6253 -1 6260 6258 6259 -1 6262 6260 6288 -1 6260 6259 6289 -1 6264 6290 6289 -1 6290 6264 6265 -1 6260 6291 6288 -1 6268 6292 6266 -1 6293 6276 6294 -1 6276 6293 6295 -1 6269 5260 5276 -1 6268 6296 6292 -1 6274 6272 6297 -1 6274 6297 6298 -1 6273 6252 6299 -1 6299 6252 6253 -1 6287 6274 6298 -1 6298 6300 6287 -1 6301 6275 6302 -1 6275 6303 6304 -1 6303 6275 6230 -1 6275 6301 6276 -1 6305 6306 6303 -1 6307 6303 6230 -1 6307 6305 6303 -1 6282 6307 6225 -1 6307 6230 6225 -1 6281 6308 6309 -1 6310 6280 6279 -1 6283 6228 6285 -1 6284 6310 6279 -1 6311 6280 6310 -1 6312 6276 6295 -1 6277 6276 6312 -1 6277 6231 6278 -1 6223 6231 6313 -1 6248 6223 6313 -1 6251 6227 6236 -1 6236 6238 6253 -1 6243 6253 6238 -1 5233 6247 6254 -1 6242 6239 6255 -1 6254 6239 6246 -1 6243 6256 6253 -1 6246 5233 6254 -1 6258 6255 6259 -1 6247 6259 6254 -1 6314 6261 6262 -1 6314 6262 6315 -1 5266 5267 6247 -1 6264 6247 5267 -1 6289 6259 6247 -1 6264 6289 6247 -1 6260 6289 6291 -1 6288 6315 6262 -1 6288 6291 6316 -1 6265 5267 5256 -1 5256 5259 6265 -1 6266 6290 6265 -1 6267 6265 5259 -1 6263 6267 5259 -1 6267 6266 6265 -1 6266 6291 6290 -1 6293 6291 6266 -1 6316 6291 6293 -1 6293 6294 6316 -1 6293 6266 6292 -1 6227 6252 6234 -1 6297 6272 6273 -1 6273 6299 6317 -1 6318 6273 6317 -1 6297 6273 6318 -1 6317 6319 6318 -1 6299 6253 6256 -1 6257 6261 6256 -1 6256 6261 6314 -1 6320 6314 6315 -1 6315 6321 6320 -1 6322 6314 6320 -1 6320 6323 6322 -1 6321 6315 6288 -1 6323 6320 6321 -1 6321 6304 6323 -1 6302 6288 6316 -1 6304 6321 6288 -1 6302 6304 6288 -1 6304 6303 6306 -1 6301 6302 6316 -1 6294 6301 6316 -1 6304 6302 6275 -1 6301 6294 6276 -1 6324 6281 6280 -1 6295 6325 6312 -1 6295 6292 6296 -1 6326 6327 6300 -1 6281 6324 6308 -1 6311 6324 6280 -1 6248 6285 6224 -1 3059 6286 3098 -1 6328 3098 6286 -1 6329 6328 6286 -1 6329 6286 6287 -1 5276 6330 6269 -1 6270 6269 6330 -1 6271 6270 6331 -1 6292 6295 6293 -1 6332 6298 6318 -1 6319 6332 6318 -1 6300 6327 6329 -1 6329 6287 6300 -1 6300 6298 6332 -1 6333 6334 6335 -1 6333 6336 6334 -1 6323 6304 6306 -1 6323 6306 6337 -1 6307 6338 6305 -1 6338 6307 6309 -1 6309 6308 6339 -1 6324 6339 6308 -1 6282 6309 6307 -1 6309 6282 6281 -1 6277 6340 6231 -1 6341 6328 6329 -1 6329 6327 6341 -1 6295 6296 6342 -1 6343 6339 6344 -1 6344 6324 6311 -1 6268 6271 6331 -1 6331 6296 6268 -1 6332 6345 6300 -1 6300 6346 6326 -1 6300 6345 6346 -1 6346 6345 6347 -1 6348 6346 6347 -1 6349 6335 6347 -1 6348 6347 6350 -1 6350 6347 6335 -1 6350 6334 6351 -1 6349 6352 6353 -1 6354 6355 6356 -1 6322 6337 6354 -1 6353 6335 6349 -1 6350 6335 6334 -1 6353 6356 6335 -1 6335 6356 6333 -1 6351 6334 6357 -1 6334 6336 6357 -1 6356 6355 6333 -1 6355 6358 6333 -1 6358 6336 6333 -1 6336 6358 6359 -1 6360 6336 6359 -1 6336 6361 6357 -1 6361 6336 6360 -1 6362 6361 6360 -1 6337 6306 6363 -1 6305 6363 6306 -1 6305 6338 6363 -1 6359 6364 6360 -1 6338 6364 6365 -1 6365 6364 6359 -1 6360 6364 6362 -1 6364 6339 6362 -1 6339 6343 6362 -1 6338 6309 6364 -1 6339 6364 6309 -1 6344 6339 6324 -1 6343 6361 6362 -1 6366 6284 6283 -1 6277 6312 6340 -1 6248 6313 6285 -1 6290 6291 6289 -1 6297 6318 6298 -1 6317 6299 6352 -1 6367 6352 6299 -1 6319 6317 6352 -1 6352 6349 6319 -1 6332 6319 6347 -1 6345 6332 6347 -1 6347 6319 6349 -1 6367 6299 6256 -1 6314 6367 6256 -1 6352 6367 6368 -1 6353 6352 6368 -1 6368 6367 6314 -1 6353 6368 6369 -1 6322 6368 6314 -1 6369 6368 6322 -1 6356 6353 6369 -1 6356 6369 6354 -1 6322 6354 6369 -1 6323 6337 6322 -1 6328 6341 6370 -1 6348 6350 6371 -1 6361 6343 6372 -1 6372 6343 6344 -1 6327 6326 6373 -1 6331 6270 6330 -1 6326 6346 6374 -1 6346 6348 6371 -1 6371 6350 6351 -1 6375 6355 6354 -1 6337 6375 6354 -1 6355 6375 6365 -1 6351 6357 6376 -1 6377 6376 6357 -1 6358 6355 6359 -1 6359 6355 6365 -1 6337 6363 6375 -1 6365 6375 6363 -1 6363 6338 6365 -1 6372 6344 6311 -1 6285 6378 6283 -1 6310 6284 6379 -1 6311 6310 6380 -1 6340 6312 6381 -1 6341 6327 6373 -1 6382 6313 6231 -1 3099 3098 6383 -1 6342 6296 6384 -1 6325 6295 6342 -1 6385 6373 6326 -1 6386 6351 6376 -1 6387 6357 6361 -1 6361 6372 6387 -1 6283 6378 6366 -1 6388 6284 6366 -1 6388 6379 6284 -1 6381 6312 6325 -1 6231 6340 6389 -1 6370 6341 6390 -1 6383 3098 6328 -1 6384 6296 6391 -1 6296 6331 6391 -1 6385 6326 6374 -1 6374 6346 6392 -1 6372 6311 6393 -1 6394 6389 6340 -1 6328 6395 6383 -1 6395 6328 6370 -1 6396 6382 6231 -1 6390 6341 6373 -1 5276 5286 6330 -1 6346 6371 6397 -1 6351 6398 6371 -1 6386 6376 6399 -1 6376 6377 6399 -1 6357 6387 6377 -1 6372 6400 6387 -1 6380 6310 6379 -1 6340 6381 6394 -1 6395 6370 6401 -1 6383 3192 3099 -1 6370 6390 6401 -1 6331 6330 6402 -1 6342 6403 6325 -1 6392 6346 6397 -1 6400 6372 6393 -1 6366 6378 6404 -1 6285 6313 6378 -1 6390 6373 6405 -1 6385 6374 6406 -1 6406 6374 6392 -1 6407 6325 6403 -1 6408 6325 6407 -1 6381 6325 6408 -1 6396 6231 6389 -1 6313 6382 6378 -1 6397 6371 6398 -1 6351 6386 6398 -1 6393 6311 6380 -1 3192 6383 6409 -1 6391 6331 6402 -1 6391 6342 6384 -1 6385 6405 6373 -1 6388 6366 6410 -1 6394 6411 6389 -1 6394 6381 6408 -1 6396 6389 6412 -1 6408 6413 6394 -1 6404 6378 6414 -1 6395 6409 6383 -1 6415 6330 5286 -1 6406 6392 6416 -1 6392 6397 6416 -1 6378 6382 6417 -1 6414 6378 6417 -1 6386 6418 6398 -1 6377 6387 6419 -1 6419 6387 6400 -1 6404 6410 6366 -1 6389 6411 6412 -1 6420 6388 6421 -1 3192 6409 6422 -1 6405 6401 6390 -1 6391 6403 6342 -1 6405 6385 6423 -1 6416 6397 6398 -1 6380 6379 6424 -1 6424 6379 6420 -1 6388 6410 6421 -1 6388 6420 6379 -1 6395 6401 6425 -1 6411 6394 6413 -1 6410 6404 6414 -1 6406 6416 6426 -1 6427 6417 6382 -1 6386 6399 6428 -1 6429 6399 6377 -1 6411 6413 6412 -1 6415 5286 5374 -1 6402 6330 6430 -1 6423 6385 6431 -1 6385 6406 6431 -1 6432 6406 6426 -1 6418 6433 6398 -1 6393 6380 6424 -1 6396 6412 6427 -1 6382 6396 6427 -1 6403 6434 6407 -1 6407 6435 6408 -1 3231 3192 6422 -1 6395 6425 6409 -1 6401 6405 6436 -1 6437 6391 6438 -1 6391 6437 6403 -1 6423 6436 6405 -1 6433 6426 6416 -1 6424 6439 6393 -1 6417 6440 6414 -1 6386 6428 6418 -1 6428 6399 6429 -1 6419 6429 6377 -1 6400 6393 6439 -1 6402 6430 6438 -1 6441 6434 6403 -1 6413 6408 6435 -1 6442 6409 6425 -1 6415 5374 5399 -1 6330 6415 6430 -1 6391 6402 6438 -1 6437 6441 6403 -1 6431 6406 6432 -1 6416 6398 6433 -1 6418 6428 6443 -1 6439 6424 6444 -1 6422 6409 6442 -1 6420 6421 6445 -1 6412 6413 6446 -1 6417 6427 6447 -1 6447 6440 6417 -1 6400 6439 6448 -1 3348 3231 6422 -1 6442 6425 6449 -1 6401 6450 6425 -1 5399 5445 6415 -1 6451 6430 6415 -1 6451 6452 6430 -1 6451 6415 5445 -1 6438 6430 6452 -1 6437 6438 6453 -1 6441 6437 6453 -1 6426 6433 6454 -1 6454 6432 6426 -1 6419 6400 6455 -1 6410 6414 6440 -1 6421 6410 6445 -1 6407 6434 6435 -1 6435 6446 6413 -1 6446 6427 6412 -1 6450 6401 6436 -1 6452 6451 5635 -1 6438 6452 6453 -1 6456 6433 6418 -1 6456 6418 6443 -1 6440 6447 6457 -1 6400 6448 6455 -1 5475 6458 6459 -1 6442 3611 6422 -1 6449 6425 6450 -1 6450 6436 6460 -1 5623 6461 6462 -1 6453 6463 6441 -1 6452 6464 6453 -1 6434 6441 6463 -1 6460 6436 6423 -1 6423 6431 6465 -1 6431 6432 6466 -1 6432 6454 6466 -1 6429 6443 6428 -1 6429 6419 6467 -1 6419 6455 6468 -1 6410 6440 6445 -1 6420 6445 6444 -1 6424 6420 6444 -1 6427 6446 6469 -1 6447 6427 6470 -1 6471 5636 3540 -1 5475 6459 5612 -1 6459 6461 5612 -1 6472 6473 6459 -1 6461 6459 6473 -1 3611 3348 6422 -1 6461 5623 5612 -1 6462 5624 5623 -1 6461 6473 6474 -1 6462 5684 5624 -1 5684 6462 5622 -1 6451 5445 5635 -1 6464 6452 5635 -1 6463 6453 6464 -1 6463 6475 6434 -1 6423 6465 6460 -1 6465 6431 6466 -1 6466 6454 6476 -1 6456 6476 6454 -1 6456 6454 6433 -1 6467 6419 6468 -1 6457 6477 6440 -1 6439 6444 6448 -1 6477 6445 6440 -1 6444 6445 6478 -1 6434 6475 6435 -1 6446 6435 6479 -1 6427 6469 6470 -1 6457 6447 6480 -1 6480 6447 6470 -1 3498 3540 5636 -1 6471 3540 3588 -1 6471 3588 6481 -1 3618 6481 3588 -1 6458 5474 5636 -1 5636 6471 6458 -1 6458 5475 5474 -1 6458 6471 6472 -1 6481 6472 6471 -1 6472 6459 6458 -1 6473 6472 6482 -1 6481 3619 6482 -1 6482 6472 6481 -1 6462 6461 6483 -1 6461 6474 6484 -1 6482 6474 6473 -1 6474 6482 6485 -1 6484 6483 6461 -1 6485 6484 6474 -1 6462 6483 6486 -1 6486 5622 6462 -1 6483 6484 6487 -1 6483 6487 6486 -1 6488 6487 6484 -1 6486 6489 5622 -1 6490 6489 6486 -1 5640 5622 6489 -1 6489 6490 6491 -1 6490 6486 6487 -1 6449 3611 6442 -1 6492 6450 6460 -1 5635 5446 6493 -1 6494 6466 6495 -1 6495 6466 6476 -1 6496 6497 6498 -1 6496 6498 6499 -1 6497 6500 6501 -1 6500 6502 6501 -1 6429 6503 6443 -1 6467 6468 6504 -1 6468 6505 6504 -1 6468 6455 6505 -1 6448 6506 6455 -1 6478 6445 6477 -1 6435 6475 6479 -1 6479 6469 6446 -1 6507 6470 6469 -1 6457 6508 6477 -1 6508 6457 6480 -1 3602 3611 6509 -1 6509 3611 6449 -1 6492 6449 6450 -1 6449 6492 6510 -1 6492 6460 6510 -1 5691 6493 5446 -1 6493 6511 5635 -1 6511 6464 5635 -1 6463 6464 6512 -1 6475 6463 6512 -1 6502 6495 6513 -1 6465 6510 6460 -1 6465 6494 6510 -1 6466 6494 6465 -1 6495 6476 6513 -1 6456 6513 6476 -1 6501 6502 6513 -1 6499 6498 6514 -1 6498 6501 6513 -1 6498 6515 6514 -1 6498 6513 6515 -1 6456 6516 6513 -1 6503 6516 6443 -1 6516 6456 6443 -1 6467 6503 6429 -1 6455 6517 6505 -1 6506 6517 6455 -1 6448 6518 6506 -1 6448 6444 6518 -1 6518 6444 6478 -1 6519 6475 6512 -1 6475 6519 6479 -1 6507 6469 6479 -1 6480 6470 6507 -1 3618 3619 6481 -1 3619 3602 6520 -1 6509 6520 3602 -1 6482 3619 6521 -1 3619 6520 6521 -1 6521 6520 6522 -1 6520 6509 6522 -1 6522 6509 6523 -1 6509 6449 6523 -1 6523 6449 6510 -1 6487 6488 6490 -1 6491 6490 6496 -1 6491 6496 6524 -1 5640 6489 5643 -1 6491 5643 6489 -1 6491 6524 6525 -1 5691 5722 6493 -1 6526 5644 5643 -1 6526 5726 5644 -1 5643 6491 6527 -1 5643 6527 6526 -1 6491 6525 6527 -1 6527 6525 6526 -1 6526 6525 6528 -1 5726 6526 6529 -1 6528 6529 6526 -1 6485 6482 6521 -1 6521 6522 6485 -1 6485 6522 6488 -1 6500 6488 6522 -1 6522 6523 6495 -1 6495 6500 6522 -1 6523 6494 6495 -1 6485 6488 6484 -1 6488 6497 6496 -1 6488 6500 6497 -1 6500 6495 6502 -1 6494 6523 6510 -1 6488 6496 6490 -1 6498 6497 6501 -1 6499 6524 6496 -1 6524 6499 6514 -1 6524 6514 6530 -1 6530 6531 6524 -1 6531 6525 6524 -1 6513 6503 6515 -1 6493 6529 6511 -1 6511 6532 6464 -1 6512 6464 6532 -1 6514 6515 6530 -1 6530 6515 6533 -1 6513 6516 6503 -1 6515 6503 6467 -1 6515 6504 6533 -1 6515 6467 6504 -1 6533 6505 6517 -1 6530 6534 6531 -1 6535 6517 6506 -1 6506 6518 6535 -1 6536 6535 6518 -1 6537 6518 6478 -1 6537 6477 6538 -1 6477 6537 6478 -1 6480 6538 6508 -1 6477 6508 6538 -1 6519 6532 6528 -1 6511 6529 6532 -1 6533 6539 6534 -1 6540 6541 6534 -1 6542 6543 6519 -1 6480 6544 6545 -1 6480 6545 6538 -1 6533 6517 6539 -1 6517 6535 6539 -1 6539 6535 6536 -1 6539 6536 6540 -1 6534 6539 6540 -1 6537 6540 6536 -1 6518 6537 6536 -1 6545 6540 6537 -1 6545 6537 6538 -1 6532 6519 6512 -1 6479 6519 6544 -1 6479 6544 6507 -1 6544 6480 6507 -1 5726 6493 5722 -1 6525 6531 6542 -1 5726 6529 6493 -1 6528 6525 6542 -1 6531 6543 6542 -1 6529 6528 6532 -1 6542 6519 6528 -1 6533 6504 6505 -1 6534 6543 6531 -1 6543 6534 6541 -1 6533 6534 6530 -1 6519 6543 6541 -1 6545 6541 6540 -1 6541 6545 6544 -1 6541 6544 6519 -1" texCoordIndex="0 1 2 -1 3 1 0 -1 4 1 3 -1 5 6 7 -1 6 5 8 -1 9 10 5 -1 10 9 11 -1 10 12 8 -1 11 12 10 -1 8 5 10 -1 13 14 15 -1 16 13 17 -1 18 13 16 -1 19 20 21 -1 22 23 24 -1 25 22 24 -1 26 22 25 -1 27 24 23 -1 28 26 25 -1 25 29 28 -1 25 30 29 -1 29 30 31 -1 32 33 34 -1 34 33 30 -1 33 31 30 -1 31 33 35 -1 33 32 36 -1 0 2 37 -1 3 38 4 -1 4 38 39 -1 15 39 38 -1 40 39 15 -1 41 42 26 -1 43 26 28 -1 41 26 43 -1 31 43 29 -1 31 44 43 -1 43 45 41 -1 45 43 9 -1 3 0 38 -1 46 0 41 -1 38 0 46 -1 38 46 7 -1 38 13 15 -1 13 38 47 -1 46 41 45 -1 7 46 45 -1 38 7 47 -1 17 47 7 -1 44 31 35 -1 9 43 44 -1 35 48 44 -1 9 44 48 -1 21 9 48 -1 45 9 5 -1 5 7 45 -1 37 2 49 -1 50 51 52 -1 1 4 53 -1 54 15 55 -1 56 24 27 -1 56 25 24 -1 30 25 56 -1 53 4 39 -1 57 50 52 -1 27 30 56 -1 58 54 55 -1 59 52 51 -1 60 7 6 -1 50 61 51 -1 55 15 14 -1 51 61 62 -1 63 52 59 -1 64 62 65 -1 61 65 62 -1 64 66 67 -1 68 18 16 -1 64 67 62 -1 66 69 55 -1 51 62 70 -1 70 62 67 -1 71 66 18 -1 72 66 71 -1 70 67 73 -1 72 73 67 -1 74 70 73 -1 17 60 16 -1 60 17 7 -1 68 75 18 -1 76 73 72 -1 77 73 76 -1 78 77 76 -1 71 18 75 -1 77 79 73 -1 77 78 80 -1 74 73 79 -1 81 74 79 -1 82 79 77 -1 81 79 82 -1 81 82 83 -1 84 85 86 -1 87 88 89 -1 88 87 90 -1 84 86 89 -1 91 87 89 -1 91 89 92 -1 93 90 87 -1 87 94 93 -1 95 93 96 -1 97 96 98 -1 99 94 100 -1 96 93 98 -1 94 99 98 -1 97 98 99 -1 19 96 97 -1 101 102 103 -1 96 19 21 -1 102 23 104 -1 105 104 23 -1 22 105 23 -1 23 102 34 -1 106 19 97 -1 107 34 101 -1 32 34 107 -1 19 106 108 -1 11 21 20 -1 12 11 20 -1 109 22 26 -1 42 109 26 -1 27 23 34 -1 34 30 27 -1 110 8 12 -1 29 43 28 -1 85 32 107 -1 111 20 19 -1 111 12 20 -1 32 85 88 -1 110 12 111 -1 111 19 108 -1 88 85 84 -1 32 88 90 -1 106 97 99 -1 32 90 36 -1 33 95 35 -1 95 33 36 -1 36 93 95 -1 93 36 90 -1 48 35 95 -1 112 113 114 -1 112 114 115 -1 69 58 55 -1 41 37 42 -1 0 37 41 -1 13 47 17 -1 48 95 96 -1 48 96 21 -1 11 9 21 -1 64 65 69 -1 80 82 77 -1 34 102 101 -1 18 14 13 -1 66 14 18 -1 55 14 66 -1 64 69 66 -1 67 66 72 -1 68 16 60 -1 116 52 63 -1 70 117 51 -1 15 54 118 -1 119 57 52 -1 120 119 116 -1 117 59 51 -1 65 61 121 -1 121 61 50 -1 52 116 119 -1 122 123 113 -1 123 122 124 -1 125 120 116 -1 126 124 122 -1 127 124 126 -1 127 128 124 -1 129 116 63 -1 116 129 130 -1 123 124 114 -1 74 117 70 -1 129 117 81 -1 81 117 74 -1 130 129 81 -1 131 130 81 -1 114 124 128 -1 78 76 132 -1 133 78 132 -1 134 82 135 -1 82 134 83 -1 130 136 116 -1 136 130 131 -1 137 136 131 -1 131 138 137 -1 131 81 138 -1 78 133 139 -1 78 140 80 -1 141 142 112 -1 143 141 112 -1 143 112 144 -1 144 112 115 -1 145 143 144 -1 144 115 146 -1 105 147 104 -1 105 22 148 -1 22 109 148 -1 149 148 109 -1 109 42 149 -1 58 69 150 -1 6 151 60 -1 68 60 151 -1 110 6 8 -1 152 6 110 -1 152 151 6 -1 68 151 75 -1 153 71 75 -1 71 153 72 -1 75 154 153 -1 76 153 154 -1 154 132 76 -1 155 92 156 -1 92 155 157 -1 157 158 92 -1 157 155 159 -1 88 84 89 -1 87 91 160 -1 94 87 160 -1 94 98 93 -1 91 92 158 -1 161 91 158 -1 91 161 160 -1 94 160 100 -1 99 100 162 -1 163 99 162 -1 164 99 163 -1 106 99 164 -1 108 106 165 -1 165 106 166 -1 166 106 164 -1 166 167 165 -1 167 166 168 -1 169 108 165 -1 169 165 170 -1 169 171 111 -1 111 108 169 -1 170 165 167 -1 172 169 173 -1 173 169 170 -1 110 174 175 -1 110 175 152 -1 111 176 110 -1 171 176 111 -1 174 110 176 -1 176 171 174 -1 132 154 133 -1 139 133 177 -1 172 178 171 -1 171 169 172 -1 179 172 173 -1 180 181 182 -1 168 180 182 -1 167 168 183 -1 170 167 183 -1 168 182 183 -1 184 183 182 -1 179 113 185 -1 113 179 122 -1 185 113 142 -1 114 113 123 -1 113 112 142 -1 186 119 120 -1 2 1 49 -1 54 58 187 -1 188 120 125 -1 65 121 189 -1 189 69 65 -1 50 190 121 -1 191 192 104 -1 50 57 190 -1 57 119 186 -1 193 37 49 -1 49 1 194 -1 58 150 187 -1 191 104 147 -1 174 195 175 -1 122 196 126 -1 126 197 127 -1 128 127 198 -1 199 200 128 -1 200 114 128 -1 188 125 201 -1 114 200 115 -1 117 129 59 -1 63 59 129 -1 136 125 116 -1 202 125 203 -1 136 204 125 -1 203 125 204 -1 138 81 83 -1 78 139 140 -1 135 80 140 -1 177 205 206 -1 140 139 206 -1 139 177 206 -1 207 135 140 -1 140 206 208 -1 135 207 134 -1 147 105 209 -1 210 134 211 -1 83 134 210 -1 211 134 207 -1 105 148 209 -1 207 140 208 -1 212 207 208 -1 212 208 213 -1 211 207 212 -1 206 205 214 -1 206 215 208 -1 213 208 215 -1 215 206 214 -1 214 216 215 -1 217 215 216 -1 40 218 39 -1 15 118 40 -1 219 213 215 -1 143 214 141 -1 220 151 152 -1 75 151 220 -1 216 214 143 -1 143 221 216 -1 220 154 75 -1 221 222 216 -1 223 160 161 -1 222 221 145 -1 221 143 145 -1 224 158 157 -1 223 161 158 -1 115 200 146 -1 225 158 224 -1 158 225 223 -1 160 162 100 -1 145 144 226 -1 227 145 226 -1 226 144 146 -1 162 160 223 -1 228 162 223 -1 226 229 227 -1 163 162 228 -1 230 163 228 -1 226 146 231 -1 232 231 146 -1 233 234 235 -1 159 236 235 -1 229 226 237 -1 235 157 159 -1 238 235 234 -1 239 235 238 -1 238 234 240 -1 240 241 238 -1 240 242 241 -1 243 242 240 -1 224 157 235 -1 235 239 224 -1 225 224 239 -1 239 244 225 -1 244 239 245 -1 246 225 244 -1 245 247 244 -1 248 223 225 -1 248 225 246 -1 228 223 248 -1 230 228 248 -1 163 230 249 -1 230 248 246 -1 246 244 247 -1 250 246 247 -1 230 246 251 -1 249 230 181 -1 181 230 251 -1 246 250 251 -1 252 242 253 -1 247 245 252 -1 254 242 243 -1 253 242 254 -1 247 255 256 -1 251 250 247 -1 164 163 249 -1 249 180 164 -1 166 164 180 -1 180 168 166 -1 152 175 257 -1 175 195 257 -1 258 174 171 -1 195 174 258 -1 195 258 259 -1 220 152 257 -1 154 220 133 -1 133 220 260 -1 260 220 257 -1 133 260 177 -1 260 257 259 -1 205 177 260 -1 205 260 259 -1 178 258 171 -1 258 178 259 -1 261 178 172 -1 259 178 261 -1 262 259 261 -1 185 262 261 -1 263 214 205 -1 263 141 214 -1 262 141 263 -1 262 142 141 -1 180 249 181 -1 264 181 251 -1 183 265 170 -1 173 170 266 -1 170 265 266 -1 184 266 265 -1 265 183 184 -1 184 196 266 -1 267 181 264 -1 267 264 268 -1 181 267 182 -1 269 267 268 -1 268 256 270 -1 271 184 182 -1 184 271 272 -1 196 184 272 -1 179 261 172 -1 179 185 261 -1 179 173 266 -1 266 122 179 -1 266 196 122 -1 273 274 254 -1 254 274 253 -1 273 275 274 -1 275 273 276 -1 72 153 76 -1 80 135 82 -1 185 142 262 -1 277 120 188 -1 42 37 193 -1 197 272 278 -1 279 277 188 -1 192 191 280 -1 191 147 280 -1 212 213 219 -1 281 282 212 -1 219 215 217 -1 219 283 212 -1 283 219 284 -1 285 83 210 -1 286 285 210 -1 286 210 282 -1 282 211 212 -1 287 282 281 -1 217 216 222 -1 284 219 217 -1 283 284 217 -1 149 42 288 -1 289 53 39 -1 290 217 222 -1 118 218 40 -1 283 217 290 -1 290 291 283 -1 54 187 118 -1 290 222 145 -1 290 145 292 -1 292 145 227 -1 229 292 227 -1 292 293 290 -1 293 291 290 -1 236 233 235 -1 293 292 229 -1 238 241 239 -1 294 283 295 -1 239 241 245 -1 252 241 242 -1 245 241 252 -1 255 247 252 -1 255 252 253 -1 253 296 255 -1 231 237 226 -1 297 298 231 -1 251 247 256 -1 296 299 255 -1 256 255 299 -1 231 300 237 -1 229 301 293 -1 264 251 256 -1 301 229 237 -1 195 259 257 -1 301 237 302 -1 300 231 298 -1 263 259 262 -1 270 256 303 -1 268 264 256 -1 304 305 306 -1 302 237 300 -1 302 300 307 -1 304 308 309 -1 270 305 268 -1 302 307 310 -1 268 305 269 -1 304 269 305 -1 304 311 308 -1 267 271 182 -1 309 308 312 -1 313 309 312 -1 271 267 269 -1 309 271 269 -1 311 304 306 -1 314 308 311 -1 304 309 269 -1 315 311 306 -1 272 271 278 -1 271 309 278 -1 196 272 197 -1 196 197 126 -1 313 127 197 -1 314 311 315 -1 127 313 312 -1 312 308 314 -1 312 314 198 -1 127 312 198 -1 316 198 314 -1 199 128 198 -1 199 317 297 -1 146 200 199 -1 146 199 232 -1 232 199 297 -1 199 198 317 -1 317 318 297 -1 231 232 297 -1 319 297 318 -1 319 298 297 -1 274 296 253 -1 296 274 275 -1 320 296 275 -1 321 189 121 -1 190 321 121 -1 190 322 321 -1 190 57 323 -1 277 186 120 -1 188 201 279 -1 201 324 279 -1 125 202 201 -1 202 324 201 -1 204 137 325 -1 136 137 204 -1 137 326 325 -1 326 137 138 -1 83 285 138 -1 327 138 285 -1 282 210 211 -1 197 278 313 -1 328 277 279 -1 329 209 148 -1 288 42 193 -1 278 309 313 -1 330 285 286 -1 286 282 287 -1 331 286 287 -1 295 283 291 -1 332 329 148 -1 149 332 148 -1 333 149 288 -1 334 291 293 -1 193 49 194 -1 1 53 194 -1 335 293 301 -1 336 218 118 -1 337 150 69 -1 189 337 69 -1 338 294 295 -1 338 295 339 -1 295 334 339 -1 295 291 334 -1 306 305 270 -1 340 338 339 -1 334 293 335 -1 341 334 335 -1 270 303 342 -1 270 342 306 -1 342 343 306 -1 315 306 343 -1 315 316 314 -1 198 316 317 -1 317 316 344 -1 318 317 344 -1 301 345 335 -1 302 345 301 -1 341 335 345 -1 302 346 345 -1 299 296 320 -1 299 303 256 -1 299 320 347 -1 303 299 347 -1 57 186 323 -1 186 277 348 -1 327 326 138 -1 349 326 327 -1 285 330 327 -1 349 325 326 -1 287 281 350 -1 212 283 281 -1 281 283 294 -1 350 281 294 -1 294 351 352 -1 294 338 351 -1 205 259 263 -1 353 346 354 -1 346 302 310 -1 310 354 346 -1 147 209 355 -1 333 332 149 -1 218 289 39 -1 336 118 187 -1 187 150 356 -1 150 337 356 -1 357 330 358 -1 358 330 286 -1 358 286 331 -1 287 359 331 -1 358 331 360 -1 360 331 359 -1 352 359 350 -1 340 351 338 -1 339 361 340 -1 339 334 361 -1 362 351 340 -1 362 340 361 -1 341 363 334 -1 334 363 361 -1 363 364 361 -1 341 345 346 -1 363 341 346 -1 346 353 363 -1 322 365 321 -1 328 279 366 -1 349 327 330 -1 280 147 367 -1 367 147 355 -1 355 209 368 -1 329 368 209 -1 194 53 289 -1 330 357 349 -1 337 189 369 -1 189 321 370 -1 370 321 365 -1 323 322 190 -1 323 186 371 -1 186 348 372 -1 372 371 186 -1 350 359 287 -1 352 350 294 -1 373 280 367 -1 368 329 332 -1 288 374 375 -1 288 193 374 -1 369 189 370 -1 348 277 376 -1 356 337 369 -1 370 365 377 -1 365 322 377 -1 328 366 378 -1 194 374 193 -1 277 328 376 -1 376 328 378 -1 368 379 355 -1 194 289 380 -1 218 381 289 -1 336 381 218 -1 367 382 383 -1 373 367 383 -1 375 333 288 -1 187 356 384 -1 355 382 367 -1 379 368 385 -1 368 332 385 -1 380 374 194 -1 384 356 386 -1 377 322 387 -1 322 323 387 -1 371 387 323 -1 386 356 369 -1 388 369 370 -1 375 389 333 -1 390 380 289 -1 381 390 289 -1 336 187 381 -1 384 381 187 -1 377 387 391 -1 383 382 392 -1 389 375 374 -1 388 370 377 -1 382 355 379 -1 393 385 332 -1 393 333 389 -1 390 394 380 -1 381 395 390 -1 381 384 395 -1 388 386 369 -1 372 387 371 -1 396 348 376 -1 376 378 396 -1 393 332 333 -1 389 374 397 -1 374 380 394 -1 388 377 391 -1 387 372 398 -1 396 372 348 -1 399 396 378 -1 391 387 400 -1 401 394 390 -1 390 395 402 -1 396 398 372 -1 382 379 392 -1 385 392 379 -1 397 374 394 -1 402 401 390 -1 403 402 395 -1 395 384 403 -1 404 405 406 -1 407 408 409 -1 410 411 412 -1 396 399 413 -1 384 386 403 -1 414 408 415 -1 408 414 416 -1 408 416 409 -1 416 414 417 -1 417 418 416 -1 419 416 418 -1 420 419 418 -1 420 421 419 -1 406 422 412 -1 412 422 423 -1 412 423 410 -1 424 406 405 -1 415 425 414 -1 406 424 426 -1 421 420 427 -1 409 428 407 -1 429 385 393 -1 393 389 430 -1 389 397 431 -1 386 388 432 -1 388 391 433 -1 434 415 408 -1 434 408 407 -1 406 426 422 -1 425 417 414 -1 422 435 423 -1 420 418 436 -1 416 419 409 -1 404 406 412 -1 427 420 436 -1 425 415 437 -1 438 421 427 -1 437 415 439 -1 440 432 388 -1 440 388 433 -1 387 398 400 -1 441 415 434 -1 393 430 429 -1 397 394 431 -1 403 386 442 -1 443 426 444 -1 426 443 422 -1 422 443 435 -1 445 410 423 -1 443 446 435 -1 435 447 423 -1 427 448 438 -1 426 424 449 -1 436 448 427 -1 391 400 433 -1 450 400 398 -1 396 413 451 -1 439 415 441 -1 452 417 425 -1 402 403 453 -1 453 403 442 -1 442 386 454 -1 445 423 447 -1 392 385 455 -1 385 429 456 -1 424 405 457 -1 434 407 458 -1 456 455 385 -1 431 430 389 -1 394 459 431 -1 454 386 432 -1 407 428 458 -1 446 443 460 -1 461 410 445 -1 398 396 451 -1 462 451 413 -1 435 463 447 -1 448 436 464 -1 441 465 439 -1 441 434 466 -1 434 458 467 -1 468 425 437 -1 469 425 468 -1 470 417 452 -1 418 417 470 -1 436 418 470 -1 431 471 430 -1 401 459 394 -1 472 402 453 -1 473 474 475 -1 428 467 458 -1 426 449 444 -1 440 433 476 -1 436 477 464 -1 478 463 435 -1 439 468 437 -1 434 467 466 -1 438 448 479 -1 480 421 438 -1 481 459 401 -1 401 402 481 -1 442 454 482 -1 483 474 484 -1 484 474 473 -1 485 449 486 -1 444 449 485 -1 405 487 457 -1 446 478 435 -1 447 463 445 -1 433 400 450 -1 398 451 488 -1 487 489 457 -1 451 462 490 -1 452 425 469 -1 436 470 477 -1 429 430 471 -1 453 442 482 -1 454 432 440 -1 475 474 491 -1 475 492 473 -1 484 473 493 -1 494 493 473 -1 492 495 473 -1 495 492 496 -1 473 495 494 -1 495 496 497 -1 449 424 486 -1 424 457 486 -1 450 398 488 -1 446 460 498 -1 433 450 499 -1 499 450 488 -1 500 501 502 -1 500 502 503 -1 456 504 455 -1 504 456 505 -1 506 507 441 -1 466 506 441 -1 479 448 464 -1 479 480 438 -1 471 456 429 -1 471 431 459 -1 472 481 402 -1 492 475 491 -1 494 495 508 -1 496 492 509 -1 510 496 509 -1 497 496 510 -1 497 508 495 -1 443 444 511 -1 478 446 512 -1 513 502 501 -1 513 501 514 -1 500 503 515 -1 516 515 503 -1 502 517 503 -1 451 490 518 -1 519 513 514 -1 520 505 456 -1 504 505 521 -1 456 471 520 -1 522 520 471 -1 471 459 522 -1 481 522 459 -1 472 523 481 -1 472 453 524 -1 453 482 524 -1 491 474 483 -1 468 439 465 -1 494 508 525 -1 507 465 441 -1 506 466 526 -1 467 526 466 -1 469 468 527 -1 452 528 470 -1 444 485 511 -1 529 489 487 -1 460 511 498 -1 511 460 443 -1 446 498 512 -1 445 463 530 -1 531 484 493 -1 457 489 532 -1 476 433 499 -1 533 505 520 -1 501 500 534 -1 521 505 533 -1 516 503 517 -1 535 536 537 -1 538 535 537 -1 488 451 539 -1 518 539 451 -1 518 490 540 -1 519 541 513 -1 542 533 520 -1 520 522 542 -1 523 472 543 -1 524 543 472 -1 533 544 521 -1 545 546 544 -1 544 546 537 -1 483 547 546 -1 483 546 545 -1 491 483 545 -1 548 492 491 -1 509 492 548 -1 547 483 484 -1 549 547 484 -1 550 497 510 -1 550 508 497 -1 526 467 551 -1 528 452 469 -1 477 470 528 -1 464 477 552 -1 479 553 480 -1 486 554 485 -1 486 457 532 -1 555 532 489 -1 489 529 556 -1 440 476 557 -1 476 499 557 -1 558 499 488 -1 558 488 539 -1 500 559 534 -1 537 546 560 -1 561 562 563 -1 500 515 559 -1 562 515 564 -1 564 515 516 -1 523 522 481 -1 565 522 523 -1 562 564 563 -1 541 517 502 -1 543 524 566 -1 482 567 524 -1 482 454 568 -1 501 569 514 -1 570 482 568 -1 514 569 571 -1 519 514 571 -1 542 522 565 -1 518 540 572 -1 536 544 537 -1 548 491 573 -1 548 574 509 -1 546 547 549 -1 549 560 546 -1 549 484 575 -1 493 494 525 -1 566 524 567 -1 576 509 574 -1 509 576 510 -1 577 510 576 -1 578 561 579 -1 579 561 563 -1 580 581 582 -1 511 485 554 -1 486 532 554 -1 553 479 464 -1 583 498 511 -1 512 584 478 -1 585 580 586 -1 580 585 581 -1 584 587 478 -1 587 463 478 -1 513 541 502 -1 535 521 536 -1 521 544 536 -1 533 542 544 -1 545 544 542 -1 575 484 531 -1 531 493 588 -1 589 590 591 -1 592 590 589 -1 591 593 594 -1 523 543 565 -1 570 567 482 -1 440 568 454 -1 545 573 491 -1 592 595 590 -1 565 543 566 -1 593 590 596 -1 591 590 593 -1 557 568 440 -1 548 573 597 -1 499 598 557 -1 594 593 599 -1 558 598 499 -1 597 600 574 -1 601 574 600 -1 597 574 548 -1 598 558 602 -1 603 588 493 -1 602 558 604 -1 603 493 525 -1 558 539 604 -1 604 539 605 -1 576 574 601 -1 534 604 501 -1 516 517 564 -1 539 572 605 -1 518 572 539 -1 569 501 604 -1 604 605 569 -1 605 572 571 -1 571 569 605 -1 554 583 511 -1 606 498 583 -1 607 581 585 -1 463 587 608 -1 586 580 609 -1 582 609 580 -1 592 609 582 -1 468 465 610 -1 507 506 611 -1 611 506 612 -1 582 581 613 -1 592 582 595 -1 614 528 615 -1 614 477 528 -1 477 614 552 -1 616 480 553 -1 555 489 556 -1 512 498 617 -1 618 592 589 -1 618 589 591 -1 594 619 591 -1 620 597 573 -1 566 620 565 -1 600 620 566 -1 620 600 597 -1 621 603 525 -1 508 621 525 -1 622 601 600 -1 600 566 622 -1 595 623 590 -1 601 622 576 -1 576 622 577 -1 622 624 577 -1 577 625 510 -1 593 596 626 -1 627 624 567 -1 567 570 627 -1 557 598 568 -1 627 570 628 -1 570 568 628 -1 568 629 628 -1 534 559 630 -1 631 561 578 -1 604 534 602 -1 561 631 562 -1 559 515 562 -1 564 517 632 -1 632 633 564 -1 634 583 554 -1 532 634 554 -1 581 607 635 -1 613 581 635 -1 468 610 527 -1 608 636 463 -1 582 637 595 -1 638 609 592 -1 612 506 526 -1 639 469 527 -1 629 568 598 -1 630 629 602 -1 598 602 629 -1 534 630 602 -1 517 541 640 -1 545 565 573 -1 542 565 545 -1 560 549 641 -1 575 641 549 -1 641 575 642 -1 531 643 575 -1 531 588 643 -1 622 566 567 -1 567 624 622 -1 639 528 469 -1 615 528 639 -1 551 644 645 -1 626 599 593 -1 636 530 463 -1 596 590 623 -1 592 618 638 -1 573 565 620 -1 508 646 621 -1 624 625 577 -1 647 625 624 -1 629 630 628 -1 625 550 510 -1 559 648 630 -1 579 563 649 -1 650 632 517 -1 632 650 651 -1 652 588 603 -1 653 654 583 -1 527 610 655 -1 555 656 532 -1 613 637 582 -1 617 498 606 -1 612 526 645 -1 526 551 645 -1 585 586 657 -1 658 659 645 -1 658 645 644 -1 627 660 624 -1 647 624 660 -1 660 627 661 -1 627 628 661 -1 550 646 508 -1 662 660 578 -1 578 663 662 -1 578 660 631 -1 648 628 630 -1 663 578 579 -1 562 631 648 -1 664 665 643 -1 664 588 652 -1 666 665 664 -1 666 654 653 -1 655 667 527 -1 606 583 654 -1 607 668 669 -1 635 607 669 -1 670 634 671 -1 672 465 507 -1 671 656 673 -1 611 612 674 -1 587 584 675 -1 659 612 645 -1 674 612 659 -1 607 585 668 -1 637 623 595 -1 676 596 623 -1 619 618 591 -1 665 677 642 -1 642 575 665 -1 643 665 575 -1 640 650 517 -1 640 678 650 -1 588 664 643 -1 632 651 633 -1 633 651 679 -1 665 680 677 -1 681 678 640 -1 666 680 665 -1 680 666 682 -1 682 666 653 -1 670 671 673 -1 670 653 634 -1 653 583 634 -1 656 671 532 -1 634 532 671 -1 667 639 527 -1 586 638 683 -1 609 638 586 -1 659 684 685 -1 628 648 661 -1 648 631 661 -1 648 559 562 -1 647 660 662 -1 631 660 661 -1 651 650 686 -1 663 579 687 -1 686 679 651 -1 621 652 603 -1 652 621 688 -1 664 652 689 -1 667 655 690 -1 666 664 689 -1 654 666 689 -1 606 654 691 -1 672 610 465 -1 613 692 637 -1 693 637 692 -1 694 555 556 -1 693 674 659 -1 512 617 695 -1 685 693 659 -1 637 693 685 -1 675 696 587 -1 586 696 657 -1 608 587 696 -1 696 683 697 -1 663 698 662 -1 699 700 697 -1 579 649 687 -1 701 621 702 -1 654 689 703 -1 617 606 691 -1 584 512 695 -1 657 696 704 -1 705 585 657 -1 668 585 705 -1 639 667 706 -1 615 639 707 -1 708 615 707 -1 635 692 613 -1 709 693 692 -1 693 709 674 -1 710 655 610 -1 637 685 623 -1 623 685 676 -1 697 636 608 -1 685 684 676 -1 684 659 658 -1 699 697 683 -1 699 683 638 -1 638 618 699 -1 596 676 626 -1 619 699 618 -1 676 684 711 -1 684 658 712 -1 676 711 626 -1 711 684 712 -1 680 682 670 -1 653 670 682 -1 683 696 586 -1 608 696 697 -1 650 678 713 -1 713 678 681 -1 649 633 714 -1 646 702 621 -1 715 647 698 -1 716 714 633 -1 655 710 690 -1 689 652 688 -1 686 650 713 -1 686 713 717 -1 718 686 719 -1 654 703 691 -1 686 717 719 -1 706 667 690 -1 610 720 710 -1 672 720 610 -1 611 674 721 -1 507 611 672 -1 675 704 696 -1 662 698 647 -1 722 649 714 -1 688 621 701 -1 723 714 716 -1 689 688 724 -1 724 703 689 -1 716 725 723 -1 679 725 716 -1 722 687 649 -1 690 710 726 -1 727 718 719 -1 584 695 675 -1 728 675 729 -1 706 730 719 -1 719 717 706 -1 731 706 717 -1 704 675 728 -1 730 706 690 -1 706 731 707 -1 669 668 732 -1 709 692 733 -1 709 734 674 -1 674 734 721 -1 672 611 721 -1 550 715 646 -1 647 715 625 -1 679 716 633 -1 727 679 718 -1 718 679 686 -1 707 639 706 -1 725 727 735 -1 702 646 736 -1 698 663 687 -1 722 714 737 -1 691 703 738 -1 739 691 738 -1 617 691 739 -1 740 737 714 -1 723 740 714 -1 675 695 729 -1 727 725 679 -1 704 705 657 -1 727 719 741 -1 726 710 742 -1 742 710 720 -1 741 719 730 -1 730 690 726 -1 732 743 669 -1 635 669 744 -1 692 635 744 -1 733 692 744 -1 725 735 745 -1 723 746 740 -1 741 747 727 -1 695 617 748 -1 668 749 732 -1 743 750 669 -1 749 668 705 -1 669 750 744 -1 733 751 709 -1 751 734 709 -1 734 752 721 -1 721 752 672 -1 672 752 720 -1 646 715 736 -1 727 753 735 -1 754 722 755 -1 737 755 722 -1 748 729 695 -1 756 729 748 -1 753 727 757 -1 729 758 728 -1 757 727 747 -1 704 728 759 -1 760 734 751 -1 752 734 760 -1 761 762 755 -1 736 763 702 -1 763 736 764 -1 715 698 764 -1 698 687 765 -1 687 722 754 -1 765 687 754 -1 755 737 766 -1 724 701 767 -1 768 724 767 -1 766 737 769 -1 703 724 738 -1 740 769 737 -1 769 740 770 -1 617 739 748 -1 771 772 773 -1 756 772 758 -1 732 774 743 -1 757 760 753 -1 760 757 752 -1 756 758 729 -1 742 720 752 -1 775 730 726 -1 758 759 728 -1 749 704 776 -1 777 744 750 -1 776 704 759 -1 751 733 778 -1 777 778 733 -1 777 733 744 -1 704 749 705 -1 736 715 764 -1 688 701 724 -1 761 779 762 -1 755 766 761 -1 770 740 746 -1 746 723 780 -1 773 768 771 -1 723 725 781 -1 771 768 782 -1 781 725 745 -1 741 775 747 -1 773 772 756 -1 772 783 758 -1 753 784 735 -1 785 747 775 -1 786 753 760 -1 742 752 757 -1 758 783 759 -1 750 743 777 -1 776 787 749 -1 751 778 788 -1 761 766 789 -1 790 779 761 -1 698 765 764 -1 768 767 782 -1 791 754 762 -1 762 754 755 -1 766 769 789 -1 792 724 768 -1 738 724 792 -1 792 756 748 -1 745 735 784 -1 756 792 773 -1 772 771 783 -1 793 746 780 -1 793 794 746 -1 794 793 778 -1 790 795 779 -1 795 776 796 -1 776 759 796 -1 787 776 795 -1 794 778 777 -1 778 793 788 -1 757 747 785 -1 786 760 788 -1 788 760 751 -1 757 785 742 -1 741 730 775 -1 702 763 701 -1 763 767 701 -1 797 763 764 -1 767 763 797 -1 791 782 767 -1 780 723 781 -1 765 797 764 -1 754 791 797 -1 754 797 765 -1 774 732 798 -1 777 743 774 -1 784 753 786 -1 773 792 768 -1 783 771 799 -1 739 738 792 -1 748 739 792 -1 785 726 742 -1 779 795 796 -1 789 800 761 -1 790 761 800 -1 795 790 798 -1 796 759 783 -1 787 795 798 -1 798 732 787 -1 749 787 732 -1 801 782 791 -1 781 745 784 -1 777 802 794 -1 771 782 799 -1 746 794 802 -1 762 779 803 -1 793 784 788 -1 784 786 788 -1 800 798 790 -1 797 791 767 -1 791 762 803 -1 789 769 804 -1 799 782 801 -1 799 796 783 -1 803 779 796 -1 800 804 774 -1 798 800 774 -1 770 804 769 -1 802 804 770 -1 770 746 802 -1 774 804 802 -1 802 777 774 -1 780 781 793 -1 784 793 781 -1 775 726 785 -1 803 801 791 -1 803 796 801 -1 800 789 804 -1 801 796 799 -1 564 633 649 -1 564 649 563 -1 550 625 715 -1 805 806 807 -1 808 805 807 -1 807 809 808 -1 810 808 809 -1 811 812 813 -1 814 811 813 -1 814 815 811 -1 814 816 817 -1 815 814 818 -1 814 819 818 -1 819 814 817 -1 806 812 807 -1 812 811 809 -1 811 815 809 -1 812 809 807 -1 816 814 813 -1 820 821 822 -1 821 823 824 -1 823 825 824 -1 826 817 827 -1 828 829 830 -1 828 830 820 -1 831 828 820 -1 832 833 834 -1 835 832 834 -1 836 837 806 -1 838 809 815 -1 838 815 818 -1 839 840 841 -1 840 842 841 -1 843 844 845 -1 843 846 844 -1 847 848 849 -1 828 831 850 -1 834 850 831 -1 847 849 851 -1 852 853 854 -1 848 847 855 -1 856 855 847 -1 857 855 856 -1 858 845 859 -1 810 838 860 -1 861 846 810 -1 861 810 860 -1 862 863 849 -1 863 851 849 -1 864 865 866 -1 867 865 864 -1 864 866 868 -1 868 866 869 -1 870 864 868 -1 870 868 869 -1 870 871 872 -1 873 874 875 -1 874 876 875 -1 877 878 879 -1 880 859 845 -1 881 882 883 -1 882 884 883 -1 885 886 855 -1 855 886 848 -1 880 845 844 -1 887 888 889 -1 890 844 846 -1 891 892 893 -1 855 857 885 -1 894 885 857 -1 895 896 897 -1 895 898 896 -1 876 899 877 -1 899 878 877 -1 899 900 878 -1 899 876 901 -1 899 901 836 -1 854 901 852 -1 852 902 842 -1 836 901 854 -1 816 827 817 -1 903 904 905 -1 903 906 904 -1 907 880 908 -1 909 910 885 -1 910 886 885 -1 865 867 911 -1 912 871 869 -1 871 870 869 -1 871 912 913 -1 914 871 915 -1 908 880 844 -1 870 916 917 -1 890 846 862 -1 872 916 870 -1 916 872 918 -1 919 810 843 -1 843 810 846 -1 916 918 920 -1 872 871 914 -1 862 846 861 -1 921 872 914 -1 918 872 921 -1 862 849 890 -1 922 918 921 -1 856 847 923 -1 856 923 857 -1 923 924 857 -1 923 847 851 -1 873 875 925 -1 838 818 860 -1 861 863 862 -1 873 918 922 -1 922 874 873 -1 926 874 922 -1 927 875 879 -1 879 875 877 -1 876 877 875 -1 878 900 881 -1 927 879 928 -1 879 878 881 -1 881 883 879 -1 929 879 883 -1 930 883 884 -1 884 859 930 -1 930 859 880 -1 887 931 932 -1 933 931 887 -1 934 935 932 -1 935 934 936 -1 888 932 935 -1 888 887 932 -1 935 937 888 -1 937 935 936 -1 887 938 933 -1 913 915 871 -1 915 913 939 -1 939 933 938 -1 915 939 938 -1 938 940 915 -1 938 887 889 -1 889 888 897 -1 897 888 937 -1 938 889 941 -1 941 889 897 -1 897 896 941 -1 891 893 942 -1 914 943 921 -1 915 940 944 -1 914 915 943 -1 943 915 944 -1 921 943 945 -1 926 922 921 -1 926 921 945 -1 926 945 946 -1 946 945 943 -1 902 926 946 -1 943 944 947 -1 947 944 891 -1 947 891 948 -1 949 943 947 -1 947 839 949 -1 946 943 949 -1 946 949 841 -1 902 946 841 -1 841 949 839 -1 902 841 842 -1 897 937 895 -1 896 950 941 -1 893 941 950 -1 942 893 950 -1 950 896 898 -1 942 950 898 -1 942 951 948 -1 898 951 942 -1 948 891 942 -1 948 839 947 -1 948 829 839 -1 829 952 839 -1 840 839 952 -1 952 833 840 -1 833 952 850 -1 842 840 833 -1 951 829 948 -1 829 828 952 -1 850 952 828 -1 926 876 874 -1 901 876 926 -1 901 926 902 -1 836 900 899 -1 836 953 900 -1 902 852 901 -1 836 806 953 -1 881 900 954 -1 881 954 882 -1 955 882 954 -1 900 953 954 -1 955 954 805 -1 884 882 955 -1 858 859 884 -1 858 955 805 -1 884 955 858 -1 805 954 953 -1 805 953 806 -1 858 805 808 -1 919 843 858 -1 845 858 843 -1 919 858 808 -1 919 808 810 -1 853 852 842 -1 832 853 842 -1 832 842 833 -1 833 850 834 -1 832 835 853 -1 837 854 853 -1 836 854 837 -1 837 812 806 -1 835 956 853 -1 853 956 837 -1 835 957 956 -1 812 837 956 -1 812 956 813 -1 957 835 834 -1 831 822 834 -1 834 958 957 -1 822 958 834 -1 957 959 956 -1 813 956 959 -1 958 959 957 -1 827 816 959 -1 809 838 810 -1 813 959 816 -1 822 831 820 -1 958 822 821 -1 824 958 821 -1 958 826 827 -1 826 958 824 -1 826 824 825 -1 960 961 962 -1 963 964 962 -1 965 966 967 -1 968 969 970 -1 971 972 973 -1 970 973 972 -1 968 970 972 -1 974 975 966 -1 967 966 976 -1 977 976 966 -1 972 971 911 -1 968 972 911 -1 976 971 967 -1 971 976 865 -1 969 968 978 -1 968 979 978 -1 978 979 980 -1 981 982 983 -1 867 984 979 -1 976 977 985 -1 866 865 976 -1 913 912 986 -1 864 987 867 -1 984 867 987 -1 987 864 870 -1 917 984 987 -1 917 920 984 -1 988 984 920 -1 961 983 962 -1 989 962 983 -1 990 991 992 -1 993 928 994 -1 995 988 996 -1 925 995 996 -1 997 998 999 -1 996 918 873 -1 1000 1001 974 -1 965 974 966 -1 995 925 992 -1 998 1002 999 -1 1003 999 1002 -1 1004 928 929 -1 1003 1005 1006 -1 1007 1005 1003 -1 1008 1009 1010 -1 1011 1012 1013 -1 1014 932 931 -1 1015 1012 931 -1 932 1014 1016 -1 1017 1018 1019 -1 1018 1017 1015 -1 1015 1017 1012 -1 1014 931 1012 -1 913 986 939 -1 941 892 938 -1 940 938 892 -1 893 892 941 -1 940 892 944 -1 892 891 944 -1 1020 1021 1022 -1 1023 905 1024 -1 903 1023 1025 -1 1026 1027 1028 -1 1029 908 844 -1 890 1029 844 -1 908 1029 1030 -1 848 886 1029 -1 848 1029 849 -1 1031 1032 964 -1 1033 964 963 -1 1034 1033 963 -1 1034 963 1035 -1 1036 963 1037 -1 971 973 967 -1 973 965 967 -1 1038 969 978 -1 1015 1039 1018 -1 1036 1037 1040 -1 1041 1036 1042 -1 1042 1043 1041 -1 1044 1045 1021 -1 1044 1043 1046 -1 1044 1046 1045 -1 928 1004 994 -1 930 1047 1004 -1 1048 1049 1050 -1 1050 1051 1048 -1 1051 1050 1052 -1 1053 1054 1055 -1 1022 1021 1045 -1 1056 1055 1054 -1 1056 1054 1057 -1 1053 1058 1054 -1 1057 1054 1058 -1 1028 1027 1059 -1 1060 1061 1062 -1 1063 1060 1062 -1 1064 1063 1062 -1 1060 1065 1066 -1 1065 1060 1063 -1 1067 1063 1064 -1 1068 1065 1069 -1 1069 1065 1067 -1 1070 1071 1072 -1 1067 1064 1073 -1 1074 1072 1071 -1 1072 1074 1075 -1 1072 1076 1077 -1 997 1077 1076 -1 1078 1070 1079 -1 1079 1070 1077 -1 1080 1070 1078 -1 1078 1081 1080 -1 1008 977 975 -1 966 975 977 -1 1002 1082 1003 -1 1003 1082 1007 -1 1005 1007 1083 -1 1011 1083 1049 -1 1084 1085 1086 -1 1087 1084 1088 -1 1087 1089 1090 -1 1091 1092 1093 -1 970 1091 1093 -1 1094 1095 1032 -1 1096 1032 1095 -1 1097 1098 1096 -1 1098 961 1096 -1 1099 1100 1101 -1 1063 1067 1065 -1 1080 1102 1070 -1 1070 1102 1071 -1 1073 1064 1102 -1 1067 1073 1069 -1 1073 1103 1069 -1 1073 1102 1080 -1 1080 1104 1073 -1 1104 1103 1073 -1 1072 1077 1070 -1 1081 1001 1080 -1 1077 997 1079 -1 1079 997 1078 -1 1080 1000 1104 -1 1080 1001 1000 -1 1001 1081 1105 -1 974 1001 1105 -1 974 965 1000 -1 1078 997 1105 -1 1106 1105 997 -1 1081 1078 1105 -1 1106 997 999 -1 975 1105 1106 -1 975 974 1105 -1 999 1003 1006 -1 1011 1006 1005 -1 1083 1011 1005 -1 999 1006 1106 -1 1006 1013 1106 -1 1106 1013 1009 -1 1011 1013 1006 -1 1106 1009 975 -1 1008 975 1009 -1 1010 985 1008 -1 977 1008 985 -1 1019 985 1010 -1 1013 1012 1009 -1 1012 1017 1009 -1 1009 1017 1010 -1 1017 1019 1010 -1 1014 1012 1011 -1 1045 1024 1022 -1 1024 905 1022 -1 1101 1084 1099 -1 1086 1099 1084 -1 1023 903 905 -1 1107 1024 1045 -1 1088 1101 1068 -1 1101 1088 1084 -1 1023 1024 1025 -1 1084 1087 1085 -1 1086 1085 1108 -1 1085 1109 1110 -1 1025 1024 1059 -1 903 1025 906 -1 1059 1027 1025 -1 1109 1085 1087 -1 906 1025 1027 -1 1111 1109 1087 -1 1027 1112 906 -1 906 1112 904 -1 1059 1024 1107 -1 1047 1059 1107 -1 1094 1113 1114 -1 1059 1047 1115 -1 1059 1115 1116 -1 1117 1113 1094 -1 1116 1028 1059 -1 1116 1115 880 -1 1088 1089 1087 -1 1068 1069 1088 -1 1069 1089 1088 -1 907 1116 880 -1 1069 1092 1089 -1 1116 907 1028 -1 1026 1028 907 -1 1026 907 1030 -1 910 1026 1030 -1 1030 886 910 -1 1112 1027 1026 -1 1087 1090 1118 -1 1026 910 1112 -1 1090 1119 1118 -1 1092 1069 1103 -1 1092 1091 1089 -1 1092 1103 1104 -1 1092 1104 1093 -1 1090 1089 1091 -1 908 1030 907 -1 886 1030 1029 -1 970 969 1091 -1 1111 1118 1120 -1 1087 1118 1111 -1 1114 1118 1119 -1 849 1029 890 -1 1119 1090 1091 -1 1119 1091 969 -1 1038 1119 969 -1 961 1098 981 -1 960 1032 1096 -1 964 1032 960 -1 961 960 1096 -1 960 962 964 -1 1033 1031 964 -1 1037 963 962 -1 1035 1121 1034 -1 1035 963 1036 -1 1035 1122 1121 -1 1036 1041 1035 -1 1122 1035 1041 -1 1021 1020 1122 -1 1093 1104 1000 -1 1000 965 1093 -1 973 1093 965 -1 970 1093 973 -1 911 971 865 -1 968 911 979 -1 1097 1038 981 -1 981 1038 978 -1 981 983 961 -1 978 982 981 -1 982 978 980 -1 979 911 867 -1 980 979 984 -1 980 1123 982 -1 1123 991 982 -1 991 1123 1124 -1 980 984 1123 -1 1124 1123 984 -1 984 988 1124 -1 1019 976 985 -1 976 1019 1125 -1 866 976 1125 -1 1125 869 866 -1 1125 1019 912 -1 912 1019 1018 -1 1039 1015 931 -1 1039 931 933 -1 1039 986 1018 -1 912 1018 986 -1 1125 912 869 -1 917 987 870 -1 920 917 916 -1 996 988 920 -1 920 918 996 -1 983 982 991 -1 989 983 991 -1 1037 962 1040 -1 962 989 1040 -1 991 990 989 -1 988 995 1124 -1 992 991 1124 -1 1124 995 992 -1 1040 989 990 -1 1126 1040 990 -1 992 1127 990 -1 1040 1126 1036 -1 1042 1036 1126 -1 993 1042 1126 -1 1043 1042 993 -1 1021 1122 1041 -1 1021 1041 1044 -1 1044 1041 1043 -1 993 1126 990 -1 1043 993 994 -1 1127 993 990 -1 1127 928 993 -1 1046 1043 994 -1 1045 1046 1107 -1 994 1047 1046 -1 1107 1046 1047 -1 873 925 996 -1 1127 992 925 -1 1127 925 927 -1 927 925 875 -1 1127 927 928 -1 929 928 879 -1 994 1004 1047 -1 930 1004 929 -1 1115 1047 930 -1 930 929 883 -1 1115 930 880 -1 1051 1128 1048 -1 1011 1049 1048 -1 1129 1011 1048 -1 1129 1048 1128 -1 1011 1129 1014 -1 1014 1129 1016 -1 1016 1129 1128 -1 1016 1128 934 -1 932 1016 934 -1 934 1128 1130 -1 934 1130 936 -1 986 1039 933 -1 933 939 986 -1 958 827 959 -1 1062 1131 1064 -1 1132 1056 1057 -1 1064 1132 1102 -1 1102 1132 1071 -1 1076 1072 1075 -1 997 1076 998 -1 1002 998 1133 -1 1134 1083 1007 -1 1110 1086 1108 -1 1108 1085 1110 -1 1096 1095 1097 -1 1134 1049 1083 -1 1060 1135 1136 -1 1101 1100 1137 -1 1138 1055 1056 -1 1139 1138 1056 -1 1057 1058 1140 -1 1132 1057 1140 -1 1071 1132 1140 -1 1071 1140 1074 -1 1136 1139 1061 -1 1136 1061 1060 -1 1056 1141 1139 -1 1141 1056 1132 -1 1141 1132 1131 -1 1132 1064 1131 -1 1131 1062 1061 -1 1142 1082 1002 -1 1007 1082 1143 -1 1050 1049 1144 -1 1135 1137 1100 -1 1137 1135 1060 -1 1066 1137 1060 -1 1139 1141 1061 -1 1061 1141 1131 -1 1068 1101 1137 -1 1066 1065 1137 -1 1137 1065 1068 -1 1111 1120 1113 -1 1113 1120 1114 -1 1114 1120 1118 -1 1095 1094 1114 -1 1095 1114 1097 -1 1119 1097 1114 -1 1038 1097 1119 -1 1098 1097 981 -1 1058 1053 1145 -1 1140 1146 1074 -1 1075 1147 1076 -1 1133 998 1148 -1 1142 1002 1133 -1 1082 1142 1143 -1 1149 1134 1007 -1 1150 1049 1134 -1 1151 1058 1145 -1 1058 1151 1140 -1 998 1076 1147 -1 1149 1007 1143 -1 1144 1052 1050 -1 1144 1049 1150 -1 1075 1074 1152 -1 1148 998 1147 -1 1153 1143 1142 -1 1134 1149 1154 -1 1140 1151 1146 -1 1133 1148 1155 -1 1156 1133 1155 -1 1156 1153 1142 -1 1150 1134 1157 -1 1158 1152 1146 -1 1074 1146 1152 -1 1159 1075 1160 -1 1147 1075 1159 -1 1142 1133 1156 -1 1134 1154 1157 -1 1144 1150 1157 -1 1075 1152 1161 -1 1075 1161 1160 -1 1155 1148 1147 -1 1149 1143 1162 -1 1144 1157 1163 -1 1164 1144 1163 -1 1158 1146 1165 -1 1166 1147 1159 -1 1152 1158 1161 -1 1155 1147 1166 -1 1167 1156 1168 -1 1153 1156 1167 -1 1162 1143 1153 -1 1154 1149 1162 -1 1151 1165 1146 -1 1165 1161 1158 -1 1156 1155 1169 -1 1168 1156 1169 -1 1162 1153 1167 -1 1154 1162 1170 -1 1154 1170 1157 -1 1171 1166 1159 -1 1163 1157 1170 -1 1161 1165 1172 -1 1155 1166 1169 -1 1173 1163 1170 -1 1172 1160 1161 -1 1174 1175 1160 -1 1171 1159 1175 -1 1169 1176 1168 -1 1167 1177 1162 -1 1170 1162 1177 -1 1163 1173 1178 -1 1163 1178 1164 -1 1172 1174 1160 -1 1159 1160 1175 -1 1176 1179 1168 -1 1168 1179 1167 -1 1173 1170 1180 -1 1172 1165 1181 -1 1169 1166 1182 -1 1181 1165 1183 -1 1166 1171 1182 -1 1167 1179 1184 -1 1184 1177 1167 -1 1170 1177 1180 -1 1173 1180 1178 -1 1171 1175 1185 -1 1181 1183 1186 -1 1181 1187 1172 -1 1174 1172 1187 -1 1187 1188 1174 -1 1175 1174 1188 -1 1185 1175 1188 -1 1176 1169 1182 -1 1179 1176 1189 -1 1180 1177 1190 -1 1187 1181 1191 -1 1192 1184 1179 -1 1177 1184 1192 -1 1192 1190 1177 -1 1193 1180 1190 -1 1178 1180 1193 -1 1188 1187 1194 -1 1185 1188 1194 -1 1191 1181 1186 -1 1187 1191 1195 -1 1195 1194 1187 -1 1171 1185 1196 -1 1182 1171 1196 -1 1176 1182 1196 -1 1189 1192 1179 -1 1197 1186 1198 -1 1197 1191 1186 -1 1195 1191 1197 -1 1199 1200 1201 -1 1202 1185 1194 -1 1196 1185 1202 -1 1176 1196 1203 -1 1204 1201 1205 -1 1201 1204 1206 -1 1192 1189 1207 -1 1208 1204 1209 -1 1201 1210 1199 -1 1195 1202 1194 -1 1199 1210 1211 -1 1204 1212 1206 -1 1212 1204 1208 -1 1189 1176 1203 -1 1192 1207 1213 -1 1197 1211 1214 -1 1197 1215 1211 -1 1214 1195 1197 -1 1195 1214 1202 -1 1202 1214 1216 -1 1217 1202 1216 -1 1196 1202 1217 -1 1196 1217 1203 -1 1189 1203 1207 -1 1218 1192 1213 -1 1190 1192 1218 -1 1207 1203 1219 -1 1215 1197 1198 -1 1211 1216 1214 -1 1215 1199 1211 -1 1211 1210 1216 -1 1220 1216 1210 -1 1220 1210 1206 -1 1210 1201 1206 -1 1217 1216 1220 -1 1217 1220 1221 -1 1220 1206 1212 -1 1221 1220 1212 -1 1219 1203 1221 -1 1212 1219 1221 -1 1219 1212 1222 -1 1222 1212 1208 -1 1223 1213 1207 -1 1218 1213 1223 -1 1218 1223 1224 -1 1223 1219 1224 -1 1217 1221 1203 -1 1223 1207 1219 -1 1225 1226 1227 -1 1228 1229 1230 -1 1225 1227 1231 -1 1225 1231 1232 -1 1233 1234 1235 -1 1235 1236 1233 -1 1237 1229 1228 -1 1231 1227 1238 -1 1239 1240 1241 -1 1242 1235 1226 -1 1243 1244 1245 -1 1246 1247 1241 -1 1241 1247 1239 -1 1248 1240 1239 -1 1226 1225 1242 -1 1242 1249 1236 -1 1230 1250 1228 -1 1251 1250 1252 -1 1252 1250 1230 -1 1253 1254 1255 -1 1255 1234 1253 -1 1234 1255 1256 -1 1226 1234 1256 -1 1227 1226 1257 -1 1258 1253 1233 -1 1233 1253 1234 -1 1258 1259 1260 -1 1258 1233 1259 -1 1259 1261 1260 -1 1233 1262 1259 -1 1261 1259 1262 -1 1262 1245 1261 -1 1234 1226 1235 -1 1233 1236 1262 -1 1235 1242 1236 -1 1243 1262 1236 -1 1245 1262 1243 -1 1243 1236 1249 -1 1260 1261 1245 -1 1242 1225 1249 -1 1249 1225 1263 -1 1263 1225 1232 -1 1232 1231 1264 -1 1244 1243 1265 -1 1266 1249 1263 -1 1243 1249 1266 -1 1265 1243 1266 -1 1267 1265 1266 -1 1268 1244 1265 -1 1263 1269 1266 -1 1240 1248 1270 -1 1238 1227 1271 -1 1240 1270 1272 -1 1241 1240 1273 -1 1248 1239 1274 -1 1271 1227 1257 -1 1239 1247 1246 -1 1228 1250 1275 -1 1251 1275 1250 -1 1251 1276 1277 -1 1251 1252 1276 -1 1229 1237 1278 -1 1278 1279 1254 -1 1229 1280 1230 -1 1254 1253 1229 -1 1253 1280 1229 -1 1252 1230 1280 -1 1281 1252 1280 -1 1229 1278 1254 -1 1258 1260 1282 -1 1255 1254 1279 -1 1256 1255 1279 -1 1226 1256 1257 -1 1276 1252 1282 -1 1283 1276 1284 -1 1276 1285 1284 -1 1282 1285 1276 -1 1282 1252 1281 -1 1286 1282 1260 -1 1287 1260 1245 -1 1287 1245 1244 -1 1288 1287 1244 -1 1288 1244 1268 -1 1289 1287 1288 -1 1290 1238 1271 -1 1271 1291 1290 -1 1238 1290 1231 -1 1264 1231 1290 -1 1269 1232 1264 -1 1263 1232 1269 -1 1292 1293 1290 -1 1293 1264 1290 -1 1294 1269 1264 -1 1269 1294 1295 -1 1296 1269 1295 -1 1297 1296 1295 -1 1298 1288 1268 -1 1265 1299 1268 -1 1299 1265 1267 -1 1300 1299 1267 -1 1298 1268 1301 -1 1302 1298 1301 -1 1301 1303 1302 -1 1301 1268 1299 -1 1301 1304 1303 -1 1267 1266 1269 -1 1305 1269 1296 -1 1269 1305 1267 -1 1267 1305 1300 -1 1241 1273 1295 -1 1295 1273 1306 -1 1240 1272 1273 -1 1294 1246 1241 -1 1246 1274 1239 -1 1272 1270 1307 -1 1270 1308 1307 -1 1309 1310 1311 -1 1308 1270 1248 -1 1292 1312 1293 -1 1264 1293 1294 -1 1294 1293 1246 -1 1275 1251 1313 -1 1251 1277 1313 -1 1283 1314 1276 -1 1315 1278 1237 -1 1316 1237 1228 -1 1280 1253 1258 -1 1281 1280 1258 -1 1282 1281 1258 -1 1284 1311 1283 -1 1286 1285 1282 -1 1284 1285 1286 -1 1317 1284 1286 -1 1318 1302 1319 -1 1319 1302 1303 -1 1283 1311 1310 -1 1319 1303 1320 -1 1317 1286 1289 -1 1317 1289 1321 -1 1322 1317 1321 -1 1323 1322 1324 -1 1320 1303 1325 -1 1324 1322 1321 -1 1287 1286 1260 -1 1326 1320 1327 -1 1327 1320 1328 -1 1321 1289 1329 -1 1320 1325 1328 -1 1298 1289 1288 -1 1329 1289 1298 -1 1324 1321 1330 -1 1330 1321 1329 -1 1329 1298 1331 -1 1292 1290 1291 -1 1295 1294 1241 -1 1297 1295 1332 -1 1295 1306 1332 -1 1302 1331 1298 -1 1325 1303 1304 -1 1297 1333 1296 -1 1333 1334 1296 -1 1305 1296 1334 -1 1335 1305 1334 -1 1305 1336 1300 -1 1335 1336 1305 -1 1337 1336 1335 -1 1304 1301 1299 -1 1299 1336 1304 -1 1300 1336 1299 -1 1338 1304 1336 -1 1325 1304 1338 -1 1338 1328 1325 -1 1336 1337 1338 -1 1339 1338 1337 -1 1272 1306 1273 -1 1333 1332 1306 -1 1297 1332 1333 -1 1272 1340 1306 -1 1337 1335 1341 -1 1337 1342 1339 -1 1323 1324 1343 -1 1343 1324 1344 -1 1344 1324 1330 -1 1345 1330 1329 -1 1344 1330 1345 -1 1346 1343 1344 -1 1345 1329 1331 -1 1331 1318 1345 -1 1318 1331 1302 -1 1309 1347 1310 -1 1293 1312 1246 -1 1228 1275 1316 -1 1277 1276 1348 -1 1237 1316 1315 -1 1349 1256 1279 -1 1257 1256 1350 -1 1350 1256 1349 -1 1311 1317 1309 -1 1311 1284 1317 -1 1317 1322 1309 -1 1257 1350 1271 -1 1350 1351 1271 -1 1271 1351 1291 -1 1248 1274 1352 -1 1333 1306 1340 -1 1319 1326 1353 -1 1340 1272 1354 -1 1340 1354 1333 -1 1354 1272 1307 -1 1326 1319 1320 -1 1355 1353 1326 -1 1356 1357 1355 -1 1356 1355 1358 -1 1355 1326 1358 -1 1358 1326 1359 -1 1335 1360 1341 -1 1335 1334 1360 -1 1356 1358 1361 -1 1362 1333 1354 -1 1359 1363 1358 -1 1361 1358 1363 -1 1333 1362 1364 -1 1342 1337 1341 -1 1327 1328 1365 -1 1365 1328 1366 -1 1338 1366 1328 -1 1338 1367 1366 -1 1368 1369 1323 -1 1368 1323 1370 -1 1369 1322 1323 -1 1370 1323 1343 -1 1371 1370 1346 -1 1371 1346 1372 -1 1318 1344 1345 -1 1318 1357 1344 -1 1353 1318 1319 -1 1357 1318 1353 -1 1357 1373 1344 -1 1346 1373 1372 -1 1373 1346 1344 -1 1342 1374 1339 -1 1353 1355 1357 -1 1375 1373 1376 -1 1373 1357 1356 -1 1376 1373 1356 -1 1287 1289 1286 -1 1343 1346 1370 -1 1377 1347 1378 -1 1347 1309 1378 -1 1369 1378 1309 -1 1275 1379 1316 -1 1313 1277 1380 -1 1275 1380 1379 -1 1379 1380 1348 -1 1348 1380 1277 -1 1276 1314 1381 -1 1278 1382 1279 -1 1349 1279 1382 -1 1369 1309 1322 -1 1292 1291 1383 -1 1360 1384 1341 -1 1334 1333 1364 -1 1364 1362 1385 -1 1360 1334 1364 -1 1386 1360 1364 -1 1386 1384 1360 -1 1386 1364 1387 -1 1386 1387 1384 -1 1388 1341 1384 -1 1342 1341 1388 -1 1364 1385 1387 -1 1389 1377 1378 -1 1390 1389 1391 -1 1392 1390 1393 -1 1394 1395 1396 -1 1368 1378 1369 -1 1389 1378 1368 -1 1368 1370 1371 -1 1371 1393 1391 -1 1396 1393 1397 -1 1371 1397 1393 -1 1397 1371 1372 -1 1397 1372 1398 -1 1375 1372 1373 -1 1398 1396 1397 -1 1398 1372 1375 -1 1375 1399 1398 -1 1375 1376 1399 -1 1365 1366 1400 -1 1367 1338 1339 -1 1366 1367 1400 -1 1359 1326 1327 -1 1327 1401 1359 -1 1401 1327 1365 -1 1365 1402 1401 -1 1339 1374 1367 -1 1374 1342 1403 -1 1403 1404 1405 -1 1405 1374 1403 -1 1395 1406 1407 -1 1395 1408 1406 -1 1275 1313 1380 -1 1315 1316 1409 -1 1409 1316 1379 -1 1351 1383 1291 -1 1308 1248 1410 -1 1393 1390 1391 -1 1411 1392 1393 -1 1395 1393 1396 -1 1412 1408 1395 -1 1394 1412 1395 -1 1391 1389 1368 -1 1368 1371 1391 -1 1413 1365 1400 -1 1402 1365 1413 -1 1374 1414 1367 -1 1414 1374 1405 -1 1413 1400 1367 -1 1413 1367 1414 -1 1415 1414 1405 -1 1407 1411 1395 -1 1406 1408 1416 -1 1417 1416 1408 -1 1379 1348 1418 -1 1418 1348 1381 -1 1348 1276 1381 -1 1382 1278 1419 -1 1246 1312 1274 -1 1248 1352 1410 -1 1411 1393 1395 -1 1411 1407 1420 -1 1407 1406 1420 -1 1421 1411 1420 -1 1406 1416 1420 -1 1283 1310 1422 -1 1347 1377 1423 -1 1424 1278 1315 -1 1278 1424 1419 -1 1315 1409 1424 -1 1425 1409 1379 -1 1383 1351 1426 -1 1383 1312 1292 -1 1427 1352 1274 -1 1428 1377 1389 -1 1429 1392 1421 -1 1392 1429 1390 -1 1379 1418 1430 -1 1349 1382 1431 -1 1351 1350 1432 -1 1312 1427 1274 -1 1390 1428 1389 -1 1392 1411 1421 -1 1379 1430 1425 -1 1433 1381 1314 -1 1314 1283 1422 -1 1423 1377 1428 -1 1431 1434 1349 -1 1350 1349 1434 -1 1435 1350 1434 -1 1432 1350 1435 -1 1426 1351 1432 -1 1422 1347 1423 -1 1310 1347 1422 -1 1382 1436 1431 -1 1410 1352 1437 -1 1421 1438 1429 -1 1420 1416 1439 -1 1382 1419 1436 -1 1383 1426 1440 -1 1427 1312 1440 -1 1352 1427 1437 -1 1428 1390 1441 -1 1429 1441 1390 -1 1416 1417 1442 -1 1424 1409 1425 -1 1423 1428 1443 -1 1438 1421 1420 -1 1418 1381 1433 -1 1422 1433 1314 -1 1422 1423 1444 -1 1312 1383 1440 -1 1420 1439 1445 -1 1442 1446 1416 -1 1443 1444 1423 -1 1431 1447 1434 -1 1435 1434 1448 -1 1448 1434 1449 -1 1443 1428 1441 -1 1439 1416 1446 -1 1425 1430 1450 -1 1450 1451 1425 -1 1418 1450 1430 -1 1422 1452 1433 -1 1436 1419 1453 -1 1431 1436 1447 -1 1432 1435 1448 -1 1426 1432 1448 -1 1437 1427 1454 -1 1420 1455 1438 -1 1418 1433 1450 -1 1450 1433 1456 -1 1452 1456 1433 -1 1457 1447 1436 -1 1434 1447 1449 -1 1454 1427 1458 -1 1441 1429 1438 -1 1455 1420 1445 -1 1459 1445 1439 -1 1446 1459 1439 -1 1453 1460 1436 -1 1424 1425 1451 -1 1419 1424 1453 -1 1461 1437 1462 -1 1410 1437 1461 -1 1457 1436 1460 -1 1424 1451 1453 -1 1449 1447 1463 -1 1454 1462 1437 -1 1443 1464 1465 -1 1464 1441 1438 -1 1438 1455 1445 -1 1459 1466 1445 -1 1422 1444 1452 -1 1457 1467 1447 -1 1447 1467 1463 -1 1448 1449 1468 -1 1440 1426 1469 -1 1470 1427 1440 -1 1458 1427 1470 -1 1461 1462 1471 -1 1460 1453 1451 -1 1472 1451 1450 -1 1469 1470 1440 -1 1473 1464 1438 -1 1474 1466 1459 -1 1459 1446 1474 -1 1464 1443 1441 -1 1472 1450 1475 -1 1460 1467 1457 -1 1449 1463 1476 -1 1468 1449 1476 -1 1475 1450 1456 -1 1426 1448 1469 -1 1462 1454 1477 -1 1471 1462 1477 -1 1443 1465 1444 -1 1451 1478 1460 -1 1478 1451 1472 -1 1479 1463 1467 -1 1463 1479 1476 -1 1480 1468 1476 -1 1468 1469 1448 -1 1469 1468 1480 -1 1469 1480 1481 -1 1470 1469 1481 -1 1477 1454 1458 -1 1438 1445 1473 -1 1482 1474 1446 -1 1452 1444 1483 -1 1484 1479 1485 -1 1484 1486 1479 -1 1480 1476 1487 -1 1452 1483 1488 -1 1484 1489 1486 -1 1481 1480 1490 -1 1480 1487 1490 -1 1477 1458 1491 -1 1492 1493 1494 -1 1495 1496 1497 -1 1475 1498 1472 -1 1499 1467 1460 -1 1499 1460 1478 -1 1467 1499 1479 -1 1499 1485 1479 -1 1485 1500 1484 -1 1488 1475 1456 -1 1456 1452 1488 -1 1486 1489 1501 -1 1490 1487 1502 -1 1503 1504 1470 -1 1470 1504 1458 -1 1458 1504 1491 -1 1505 1506 1486 -1 1506 1502 1487 -1 1506 1505 1507 -1 1508 1477 1491 -1 1477 1508 1509 -1 1471 1477 1509 -1 1465 1464 1510 -1 1464 1473 1511 -1 1473 1445 1466 -1 1512 1493 1513 -1 1493 1512 1494 -1 1513 1493 1514 -1 1493 1492 1515 -1 1515 1492 1516 -1 1492 1517 1516 -1 1494 1518 1492 -1 1519 1517 1492 -1 1520 1517 1519 -1 1517 1520 1516 -1 1521 1496 1522 -1 1496 1521 1523 -1 1514 1493 1515 -1 1515 1524 1525 -1 1516 1524 1515 -1 1524 1516 1526 -1 1527 1526 1516 -1 1526 1527 1528 -1 1528 1529 1530 -1 1528 1531 1529 -1 1531 1532 1529 -1 1520 1533 1534 -1 1496 1523 1497 -1 1531 1495 1535 -1 1495 1497 1535 -1 1497 1536 1535 -1 1479 1486 1476 -1 1486 1487 1476 -1 1486 1501 1505 -1 1486 1506 1487 -1 1520 1527 1516 -1 1527 1520 1534 -1 1527 1531 1528 -1 1534 1522 1496 -1 1534 1496 1495 -1 1527 1534 1495 -1 1495 1531 1527 -1 1535 1537 1531 -1 1535 1536 1538 -1 1538 1537 1535 -1 1537 1539 1540 -1 1444 1465 1541 -1 1541 1465 1510 -1 1499 1478 1472 -1 1542 1485 1499 -1 1542 1500 1485 -1 1498 1475 1488 -1 1543 1489 1484 -1 1501 1489 1544 -1 1501 1544 1505 -1 1470 1481 1503 -1 1504 1503 1491 -1 1505 1545 1507 -1 1506 1546 1502 -1 1547 1546 1506 -1 1506 1507 1547 -1 1510 1464 1511 -1 1492 1518 1548 -1 1520 1549 1533 -1 1550 1522 1534 -1 1514 1515 1551 -1 1551 1515 1525 -1 1552 1551 1525 -1 1524 1552 1525 -1 1528 1530 1553 -1 1529 1554 1530 -1 1554 1529 1532 -1 1555 1497 1523 -1 1556 1497 1555 -1 1556 1536 1497 -1 1538 1536 1557 -1 1540 1558 1532 -1 1537 1559 1539 -1 1559 1538 1557 -1 1539 1560 1561 -1 1483 1444 1541 -1 1542 1562 1500 -1 1498 1488 1563 -1 1472 1498 1562 -1 1498 1563 1562 -1 1543 1484 1500 -1 1544 1489 1543 -1 1564 1565 1566 -1 1567 1566 1565 -1 1481 1490 1568 -1 1502 1569 1490 -1 1502 1546 1570 -1 1546 1547 1571 -1 1511 1473 1572 -1 1466 1474 1573 -1 1512 1513 1574 -1 1548 1519 1492 -1 1520 1519 1575 -1 1549 1520 1575 -1 1533 1549 1550 -1 1534 1533 1550 -1 1530 1554 1576 -1 1558 1554 1532 -1 1577 1558 1578 -1 1578 1558 1579 -1 1561 1560 1580 -1 1531 1540 1532 -1 1540 1531 1537 -1 1539 1579 1540 -1 1579 1558 1540 -1 1538 1559 1537 -1 1539 1559 1560 -1 1581 1582 1583 -1 1582 1567 1584 -1 1499 1472 1542 -1 1505 1544 1585 -1 1565 1564 1586 -1 1566 1567 1587 -1 1490 1569 1568 -1 1569 1502 1570 -1 1503 1481 1568 -1 1508 1491 1588 -1 1545 1505 1585 -1 1547 1507 1545 -1 1567 1565 1589 -1 1511 1590 1510 -1 1473 1466 1572 -1 1574 1513 1591 -1 1592 1518 1494 -1 1591 1513 1593 -1 1548 1518 1594 -1 1550 1595 1522 -1 1521 1522 1596 -1 1597 1521 1596 -1 1523 1521 1597 -1 1513 1514 1593 -1 1514 1551 1593 -1 1551 1552 1598 -1 1599 1552 1524 -1 1553 1526 1528 -1 1530 1576 1553 -1 1576 1554 1600 -1 1558 1577 1554 -1 1541 1510 1590 -1 1562 1542 1472 -1 1563 1488 1601 -1 1602 1483 1603 -1 1488 1483 1602 -1 1544 1543 1604 -1 1564 1605 1606 -1 1564 1566 1605 -1 1586 1589 1565 -1 1568 1588 1503 -1 1491 1503 1588 -1 1582 1587 1567 -1 1589 1584 1567 -1 1583 1582 1584 -1 1546 1571 1607 -1 1509 1508 1608 -1 1572 1466 1573 -1 1573 1474 1609 -1 1609 1474 1482 -1 1512 1574 1610 -1 1594 1518 1592 -1 1519 1548 1575 -1 1549 1575 1611 -1 1612 1549 1611 -1 1550 1549 1612 -1 1596 1522 1595 -1 1613 1593 1551 -1 1551 1598 1613 -1 1524 1526 1599 -1 1599 1526 1553 -1 1552 1614 1598 -1 1615 1556 1555 -1 1536 1616 1557 -1 1615 1536 1556 -1 1616 1536 1615 -1 1559 1557 1617 -1 1560 1559 1617 -1 1610 1494 1512 -1 1541 1590 1618 -1 1563 1601 1562 -1 1541 1603 1483 -1 1488 1602 1619 -1 1585 1544 1620 -1 1564 1621 1586 -1 1620 1566 1587 -1 1585 1622 1545 -1 1587 1582 1623 -1 1582 1581 1623 -1 1570 1546 1607 -1 1571 1547 1624 -1 1625 1581 1583 -1 1590 1511 1626 -1 1610 1592 1494 -1 1627 1591 1628 -1 1628 1591 1593 -1 1548 1594 1611 -1 1595 1550 1612 -1 1599 1553 1629 -1 1630 1598 1614 -1 1555 1523 1597 -1 1554 1577 1600 -1 1619 1601 1488 -1 1562 1631 1500 -1 1631 1562 1601 -1 1619 1602 1632 -1 1632 1602 1603 -1 1541 1618 1603 -1 1500 1631 1543 -1 1604 1543 1631 -1 1620 1544 1604 -1 1620 1605 1566 -1 1627 1586 1621 -1 1586 1627 1589 -1 1627 1628 1589 -1 1633 1634 1568 -1 1633 1568 1569 -1 1569 1570 1633 -1 1588 1568 1634 -1 1620 1587 1635 -1 1620 1635 1585 -1 1622 1585 1635 -1 1589 1628 1636 -1 1593 1636 1628 -1 1589 1636 1584 -1 1622 1624 1547 -1 1571 1624 1637 -1 1625 1583 1638 -1 1608 1508 1588 -1 1511 1639 1626 -1 1511 1572 1639 -1 1609 1482 1640 -1 1641 1594 1592 -1 1574 1591 1627 -1 1611 1594 1642 -1 1548 1611 1575 -1 1596 1643 1597 -1 1552 1629 1614 -1 1629 1552 1599 -1 1598 1630 1644 -1 1645 1553 1576 -1 1555 1597 1646 -1 1616 1617 1557 -1 1600 1645 1576 -1 1560 1617 1580 -1 1646 1615 1555 -1 1618 1590 1647 -1 1618 1648 1603 -1 1648 1618 1647 -1 1604 1649 1605 -1 1605 1620 1604 -1 1606 1650 1564 -1 1650 1621 1564 -1 1621 1651 1627 -1 1633 1570 1607 -1 1623 1635 1587 -1 1547 1545 1622 -1 1622 1652 1624 -1 1623 1581 1653 -1 1584 1654 1583 -1 1583 1654 1638 -1 1626 1647 1590 -1 1639 1572 1655 -1 1572 1573 1655 -1 1573 1609 1655 -1 1642 1594 1641 -1 1574 1627 1651 -1 1611 1642 1656 -1 1636 1593 1613 -1 1598 1644 1613 -1 1629 1657 1614 -1 1630 1614 1657 -1 1629 1553 1645 -1 1619 1649 1631 -1 1648 1632 1603 -1 1648 1647 1658 -1 1648 1621 1650 -1 1604 1631 1649 -1 1649 1606 1605 -1 1607 1634 1633 -1 1588 1634 1659 -1 1660 1607 1571 -1 1624 1652 1637 -1 1637 1660 1571 -1 1653 1581 1625 -1 1625 1661 1653 -1 1654 1584 1636 -1 1625 1638 1661 -1 1608 1588 1662 -1 1663 1647 1626 -1 1639 1655 1664 -1 1655 1609 1665 -1 1609 1640 1666 -1 1626 1639 1663 -1 1592 1610 1667 -1 1667 1668 1592 -1 1663 1639 1669 -1 1639 1664 1669 -1 1655 1669 1664 -1 1668 1641 1592 -1 1641 1670 1642 -1 1610 1574 1651 -1 1611 1656 1612 -1 1645 1657 1629 -1 1630 1671 1644 -1 1672 1630 1657 -1 1617 1616 1673 -1 1674 1600 1675 -1 1580 1617 1676 -1 1619 1631 1601 -1 1667 1647 1663 -1 1668 1663 1669 -1 1632 1649 1619 -1 1648 1649 1632 -1 1649 1648 1650 -1 1649 1650 1606 -1 1648 1658 1621 -1 1662 1588 1659 -1 1635 1677 1622 -1 1623 1677 1635 -1 1607 1659 1634 -1 1622 1677 1652 -1 1677 1623 1653 -1 1636 1613 1644 -1 1644 1654 1636 -1 1654 1678 1638 -1 1679 1655 1665 -1 1609 1666 1665 -1 1658 1647 1667 -1 1658 1667 1621 -1 1651 1667 1610 -1 1669 1655 1679 -1 1668 1670 1641 -1 1642 1670 1656 -1 1665 1680 1679 -1 1656 1681 1612 -1 1682 1612 1681 -1 1682 1595 1612 -1 1596 1595 1682 -1 1643 1683 1597 -1 1646 1597 1683 -1 1630 1672 1671 -1 1645 1684 1657 -1 1645 1600 1684 -1 1600 1674 1684 -1 1685 1580 1676 -1 1673 1676 1617 -1 1652 1677 1637 -1 1644 1686 1654 -1 1654 1686 1678 -1 1661 1638 1687 -1 1621 1667 1651 -1 1668 1688 1670 -1 1670 1688 1689 -1 1688 1690 1689 -1 1681 1670 1689 -1 1681 1656 1670 -1 1681 1689 1691 -1 1681 1691 1682 -1 1689 1692 1693 -1 1686 1644 1671 -1 1694 1671 1672 -1 1646 1695 1615 -1 1616 1615 1695 -1 1696 1616 1695 -1 1696 1673 1616 -1 1694 1672 1697 -1 1672 1657 1697 -1 1684 1697 1657 -1 1674 1698 1684 -1 1668 1667 1663 -1 1680 1669 1679 -1 1669 1680 1668 -1 1668 1680 1688 -1 1666 1699 1665 -1 1665 1699 1680 -1 1680 1690 1688 -1 1607 1660 1659 -1 1700 1637 1677 -1 1701 1662 1659 -1 1659 1660 1701 -1 1662 1701 1702 -1 1653 1661 1703 -1 1661 1704 1703 -1 1687 1638 1678 -1 1687 1704 1661 -1 1705 1690 1680 -1 1690 1705 1692 -1 1689 1690 1692 -1 1691 1689 1693 -1 1692 1706 1693 -1 1596 1682 1643 -1 1646 1683 1707 -1 1646 1707 1695 -1 1708 1671 1694 -1 1694 1697 1709 -1 1709 1697 1698 -1 1698 1697 1684 -1 1653 1700 1677 -1 1637 1710 1660 -1 1710 1637 1700 -1 1660 1710 1701 -1 1702 1701 1711 -1 1682 1691 1712 -1 1713 1693 1706 -1 1714 1643 1682 -1 1643 1714 1683 -1 1715 1673 1696 -1 1708 1686 1671 -1 1709 1698 1716 -1 1717 1685 1676 -1 1705 1680 1699 -1 1714 1707 1683 -1 1675 1698 1674 -1 1710 1711 1701 -1 1700 1653 1703 -1 1678 1718 1687 -1 1704 1687 1719 -1 1712 1691 1693 -1 1712 1693 1713 -1 1714 1682 1712 -1 1714 1712 1720 -1 1708 1694 1709 -1 1709 1716 1708 -1 1715 1676 1673 -1 1700 1721 1710 -1 1711 1710 1722 -1 1722 1710 1721 -1 1686 1723 1678 -1 1703 1721 1700 -1 1704 1724 1703 -1 1678 1723 1718 -1 1719 1724 1704 -1 1719 1687 1718 -1 1712 1713 1720 -1 1725 1726 1696 -1 1695 1725 1696 -1 1696 1726 1715 -1 1715 1726 1727 -1 1708 1723 1686 -1 1715 1728 1676 -1 1717 1676 1728 -1 1714 1720 1729 -1 1714 1729 1707 -1 1730 1707 1729 -1 1730 1695 1707 -1 1695 1730 1725 -1 1715 1727 1728 -1 1730 1729 1731 -1 1725 1732 1726 -1 1727 1726 1732 -1 1730 1731 1725 -1 1733 1725 1731 -1 1725 1733 1732 -1 1732 1733 1734 -1 1717 1728 1735 -1 1736 1685 1717 -1 1728 1727 1735 -1 1737 1735 1727 -1 1734 1737 1732 -1 1737 1727 1732 -1 1738 1685 1736 -1 1736 1717 1735 -1 1737 1739 1740 -1 1736 1741 1738 -1 1735 1737 1742 -1 1742 1737 1740 -1 1739 1743 1740 -1 1744 1743 1739 -1 1744 1745 1743 -1 1746 1741 1736 -1 1736 1735 1746 -1 1742 1746 1735 -1 1747 1743 1745 -1 1740 1748 1742 -1 1748 1740 1743 -1 1748 1743 1747 -1 1741 1746 1749 -1 1746 1742 1749 -1 1749 1742 1748 -1 1750 1748 1747 -1 1749 1748 1751 -1 1750 1751 1748 -1 1752 1747 1753 -1 1752 1750 1747 -1 1751 1750 1754 -1 1754 1750 1752 -1 1752 1755 1754 -1 1755 1752 1753 -1 1756 1757 1758 -1 1759 1756 1760 -1 1757 1756 1759 -1 1756 1761 1760 -1 1762 1760 1761 -1 1757 1759 1763 -1 1761 1764 1762 -1 1765 1764 1766 -1 1767 1765 1766 -1 1758 1761 1756 -1 1764 1765 1762 -1 1768 1769 1770 -1 1771 1772 1773 -1 1773 1772 1774 -1 1774 1775 1773 -1 1776 1775 1774 -1 1764 1777 1766 -1 1778 1779 1771 -1 1767 1766 1777 -1 1759 1780 1763 -1 1781 1763 1780 -1 1782 1783 1765 -1 1782 1767 1784 -1 1762 1759 1760 -1 1768 1785 1786 -1 1767 1785 1768 -1 1784 1767 1768 -1 1765 1783 1762 -1 1787 1762 1783 -1 1768 1786 1769 -1 1768 1770 1784 -1 1788 1784 1770 -1 1786 1789 1769 -1 1769 1789 1790 -1 1790 1789 1779 -1 1770 1769 1790 -1 1788 1770 1790 -1 1788 1790 1791 -1 1790 1778 1791 -1 1792 1793 1794 -1 1795 1796 1797 -1 1798 1792 1799 -1 1795 1800 1801 -1 1802 1803 1804 -1 1805 1781 1780 -1 1799 1802 1806 -1 1807 1805 1780 -1 1780 1759 1762 -1 1808 1807 1780 -1 1798 1799 1806 -1 1804 1803 1809 -1 1810 1807 1808 -1 1780 1762 1787 -1 1811 1788 1791 -1 1812 1811 1791 -1 1792 1797 1793 -1 1812 1813 1811 -1 1811 1813 1809 -1 1795 1797 1792 -1 1800 1795 1792 -1 1806 1802 1804 -1 1814 1806 1804 -1 1814 1804 1815 -1 1814 1816 1806 -1 1804 1809 1813 -1 1815 1804 1813 -1 1790 1779 1778 -1 1817 1771 1779 -1 1771 1818 1778 -1 1772 1771 1817 -1 1818 1771 1773 -1 1819 1820 1821 -1 1821 1818 1773 -1 1776 1774 1822 -1 1821 1773 1775 -1 1775 1823 1821 -1 1775 1824 1823 -1 1825 1823 1824 -1 1775 1776 1824 -1 1820 1812 1791 -1 1826 1812 1819 -1 1819 1812 1820 -1 1827 1828 1819 -1 1826 1829 1813 -1 1821 1827 1819 -1 1822 1830 1776 -1 1824 1776 1831 -1 1831 1776 1830 -1 1832 1792 1798 -1 1833 1832 1798 -1 1833 1798 1834 -1 1835 1836 1833 -1 1837 1834 1798 -1 1834 1837 1838 -1 1837 1798 1839 -1 1837 1839 1838 -1 1834 1838 1840 -1 1806 1816 1798 -1 1839 1798 1816 -1 1816 1841 1839 -1 1842 1841 1816 -1 1839 1841 1843 -1 1838 1839 1844 -1 1845 1840 1838 -1 1844 1845 1838 -1 1846 1801 1800 -1 1846 1800 1847 -1 1848 1847 1836 -1 1800 1832 1847 -1 1836 1847 1832 -1 1832 1800 1792 -1 1832 1833 1836 -1 1785 1767 1777 -1 1767 1782 1765 -1 1849 1783 1782 -1 1850 1849 1782 -1 1850 1782 1784 -1 1851 1784 1788 -1 1797 1810 1808 -1 1787 1808 1780 -1 1852 1787 1783 -1 1852 1808 1787 -1 1803 1853 1850 -1 1793 1808 1852 -1 1797 1808 1793 -1 1803 1850 1809 -1 1797 1796 1810 -1 1799 1853 1802 -1 1802 1853 1803 -1 1794 1793 1853 -1 1853 1799 1794 -1 1799 1792 1794 -1 1784 1851 1850 -1 1850 1851 1854 -1 1809 1850 1854 -1 1811 1851 1788 -1 1811 1854 1851 -1 1809 1854 1811 -1 1829 1815 1813 -1 1789 1817 1779 -1 1791 1778 1820 -1 1778 1818 1820 -1 1855 1774 1772 -1 1820 1818 1821 -1 1856 1822 1774 -1 1825 1857 1823 -1 1826 1813 1812 -1 1828 1826 1819 -1 1829 1826 1858 -1 1829 1858 1859 -1 1815 1829 1859 -1 1859 1842 1814 -1 1815 1859 1814 -1 1859 1860 1842 -1 1859 1858 1861 -1 1826 1828 1862 -1 1858 1826 1862 -1 1862 1828 1863 -1 1864 1862 1863 -1 1861 1858 1862 -1 1827 1821 1823 -1 1823 1857 1827 -1 1865 1827 1857 -1 1827 1865 1828 -1 1866 1828 1865 -1 1866 1865 1867 -1 1865 1857 1868 -1 1857 1825 1869 -1 1867 1865 1868 -1 1863 1828 1866 -1 1866 1870 1863 -1 1866 1871 1870 -1 1872 1870 1871 -1 1871 1867 1873 -1 1874 1871 1873 -1 1824 1875 1825 -1 1876 1875 1824 -1 1877 1830 1878 -1 1831 1830 1877 -1 1877 1878 1879 -1 1879 1880 1877 -1 1824 1831 1877 -1 1880 1824 1877 -1 1876 1824 1880 -1 1879 1881 1882 -1 1879 1882 1880 -1 1883 1881 1879 -1 1884 1882 1885 -1 1885 1882 1881 -1 1886 1885 1881 -1 1887 1825 1875 -1 1868 1873 1867 -1 1873 1868 1888 -1 1889 1873 1888 -1 1889 1874 1873 -1 1890 1848 1836 -1 1890 1891 1848 -1 1892 1885 1886 -1 1893 1891 1890 -1 1894 1881 1883 -1 1881 1894 1895 -1 1886 1881 1895 -1 1895 1896 1886 -1 1893 1890 1897 -1 1890 1836 1835 -1 1898 1899 1900 -1 1901 1902 1898 -1 1897 1890 1903 -1 1835 1903 1890 -1 1899 1898 1902 -1 1904 1897 1903 -1 1905 1892 1886 -1 1886 1906 1905 -1 1835 1833 1834 -1 1907 1835 1834 -1 1835 1907 1903 -1 1907 1908 1903 -1 1907 1834 1840 -1 1908 1907 1840 -1 1816 1814 1842 -1 1843 1841 1842 -1 1840 1845 1908 -1 1845 1844 1909 -1 1843 1844 1839 -1 1909 1844 1910 -1 1911 1908 1845 -1 1909 1911 1845 -1 1860 1912 1842 -1 1842 1912 1843 -1 1913 1914 1860 -1 1915 1916 1914 -1 1844 1843 1912 -1 1910 1844 1912 -1 1913 1864 1915 -1 1872 1915 1864 -1 1917 1916 1915 -1 1918 1916 1917 -1 1919 1915 1872 -1 1871 1919 1872 -1 1920 1919 1921 -1 1909 1910 1922 -1 1919 1871 1874 -1 1923 1924 1925 -1 1926 1924 1923 -1 1924 1927 1925 -1 1928 1929 1930 -1 1918 1914 1916 -1 1919 1920 1915 -1 1915 1920 1917 -1 1931 1918 1917 -1 1931 1917 1932 -1 1920 1933 1917 -1 1922 1910 1934 -1 1935 1931 1932 -1 1849 1936 1783 -1 1852 1783 1936 -1 1936 1853 1852 -1 1850 1936 1849 -1 1853 1936 1850 -1 1852 1853 1793 -1 1860 1859 1861 -1 1860 1861 1913 -1 1861 1862 1864 -1 1864 1913 1861 -1 1868 1857 1869 -1 1868 1869 1887 -1 1863 1870 1872 -1 1864 1863 1872 -1 1866 1867 1871 -1 1822 1937 1830 -1 1878 1830 1938 -1 1884 1880 1882 -1 1939 1880 1884 -1 1879 1940 1883 -1 1825 1887 1869 -1 1888 1868 1887 -1 1875 1941 1887 -1 1887 1941 1942 -1 1942 1941 1875 -1 1939 1876 1880 -1 1943 1876 1939 -1 1942 1888 1887 -1 1943 1875 1876 -1 1942 1875 1943 -1 1944 1888 1942 -1 1889 1888 1945 -1 1945 1888 1944 -1 1946 1945 1944 -1 1884 1947 1939 -1 1943 1939 1947 -1 1948 1943 1947 -1 1892 1884 1885 -1 1947 1884 1949 -1 1884 1905 1949 -1 1905 1884 1892 -1 1944 1942 1943 -1 1943 1946 1944 -1 1950 1943 1948 -1 1946 1943 1950 -1 1951 1945 1946 -1 1951 1946 1952 -1 1952 1946 1950 -1 1949 1948 1947 -1 1950 1948 1949 -1 1898 1896 1895 -1 1898 1900 1896 -1 1901 1898 1953 -1 1900 1899 1954 -1 1899 1902 1954 -1 1901 1955 1902 -1 1954 1902 1956 -1 1955 1956 1902 -1 1955 1928 1956 -1 1874 1957 1919 -1 1889 1958 1874 -1 1959 1905 1906 -1 1957 1874 1958 -1 1960 1961 1906 -1 1959 1906 1961 -1 1906 1886 1896 -1 1921 1919 1957 -1 1906 1896 1960 -1 1962 1921 1957 -1 1960 1896 1900 -1 1951 1958 1889 -1 1963 1960 1900 -1 1951 1889 1945 -1 1960 1964 1961 -1 1961 1964 1965 -1 1920 1921 1962 -1 1963 1900 1954 -1 1966 1963 1967 -1 1968 1960 1966 -1 1969 1966 1967 -1 1964 1960 1968 -1 1903 1908 1904 -1 1958 1951 1970 -1 1957 1958 1970 -1 1971 1929 1972 -1 1973 1971 1972 -1 1974 1925 1975 -1 1925 1974 1923 -1 1915 1914 1913 -1 1860 1914 1912 -1 1976 1910 1912 -1 1976 1912 1914 -1 1976 1914 1918 -1 1934 1910 1976 -1 1976 1918 1931 -1 1977 1978 1979 -1 1980 1895 1894 -1 1932 1917 1933 -1 1981 1932 1933 -1 1982 1758 1757 -1 1786 1785 1983 -1 1817 1789 1984 -1 1772 1817 1985 -1 1985 1855 1772 -1 1938 1830 1937 -1 1879 1878 1986 -1 1883 1940 1987 -1 1949 1988 1950 -1 1959 1949 1905 -1 1959 1988 1949 -1 1989 1950 1988 -1 1952 1950 1989 -1 1898 1895 1980 -1 1980 1953 1898 -1 1956 1928 1930 -1 1988 1959 1990 -1 1991 1989 1990 -1 1959 1961 1965 -1 1992 1962 1957 -1 1990 1959 1993 -1 1993 1959 1965 -1 1994 1992 1957 -1 1993 1965 1964 -1 1933 1920 1962 -1 1962 1995 1933 -1 1995 1962 1992 -1 1963 1954 1967 -1 1963 1966 1960 -1 1967 1954 1956 -1 1970 1951 1952 -1 1969 1996 1966 -1 1994 1957 1970 -1 1997 1994 1970 -1 1998 1968 1999 -1 2000 1952 1989 -1 1999 1968 1966 -1 1964 1968 1998 -1 1964 1998 1993 -1 2000 1989 1991 -1 1970 1952 2000 -1 2001 1970 2000 -1 1997 1970 2001 -1 1999 1966 1974 -1 1974 1966 1996 -1 2002 1998 1999 -1 2003 1994 2004 -1 2004 1994 1997 -1 2002 1999 1974 -1 1991 2005 2000 -1 2006 1993 1998 -1 2006 1998 2007 -1 2007 1998 2002 -1 1971 1930 1929 -1 1930 1971 2008 -1 2009 1930 2008 -1 2008 1971 1973 -1 2008 1973 2010 -1 1977 2010 2011 -1 2012 1977 2011 -1 1956 2013 1967 -1 2013 1956 2009 -1 2009 1956 1930 -1 1969 1967 2013 -1 1996 2013 2014 -1 1996 1969 2013 -1 1974 1996 2014 -1 2009 2014 2013 -1 1974 2014 1923 -1 1974 1975 2002 -1 1926 1923 2014 -1 2015 2016 2017 -1 2016 1926 2017 -1 1977 2018 2010 -1 2015 2010 2018 -1 2016 2015 2018 -1 1926 2014 2017 -1 1977 2012 1978 -1 1978 2012 2019 -1 1977 1979 2018 -1 2020 1975 1925 -1 1990 1993 2021 -1 2007 2022 2006 -1 2002 1975 2007 -1 2020 2022 2007 -1 2020 2007 1975 -1 2023 1983 1785 -1 1983 1789 1786 -1 1856 1774 2024 -1 1822 1856 2025 -1 1894 1883 1987 -1 2003 1992 1994 -1 1990 2021 1991 -1 2005 2001 2000 -1 2005 1991 2021 -1 2006 2021 1993 -1 1972 1929 2026 -1 1973 1972 2027 -1 1973 2027 2011 -1 2011 2010 1973 -1 2017 2014 2009 -1 2009 2008 2010 -1 2009 2015 2017 -1 2009 2010 2015 -1 2019 2012 2028 -1 2029 2019 2028 -1 1929 1928 2026 -1 1761 1758 2030 -1 1817 1984 1985 -1 2024 1774 1855 -1 1937 1822 2025 -1 1878 1938 1986 -1 1986 1940 1879 -1 1980 1894 1987 -1 1955 1901 2031 -1 1928 1955 2031 -1 2026 2032 1972 -1 1972 2032 2027 -1 2012 2011 2027 -1 2028 2033 2029 -1 2029 2033 2034 -1 1988 1990 1989 -1 2005 1997 2001 -1 1982 2035 1758 -1 1758 2035 2036 -1 1761 2037 1764 -1 1789 1983 1984 -1 1938 1937 1986 -1 1980 2038 1953 -1 1901 1953 2038 -1 2031 1901 2038 -1 2039 2027 2032 -1 1761 2030 2037 -1 1777 1764 2037 -1 1777 2023 1785 -1 2024 2025 1856 -1 2040 1980 1987 -1 1928 2041 2026 -1 2042 2027 2039 -1 2012 2027 2042 -1 2043 1855 1985 -1 2038 1980 2040 -1 2031 2038 2044 -1 2012 2042 2028 -1 1983 2045 2046 -1 1984 2043 1985 -1 1987 1940 2047 -1 1987 2048 2040 -1 1928 2031 2041 -1 2039 2032 2049 -1 2050 2033 2028 -1 2030 1758 2036 -1 1777 2037 2051 -1 2023 1777 2051 -1 1984 1983 2046 -1 2052 1986 1937 -1 2028 2042 2053 -1 2053 2050 2028 -1 1940 1986 2047 -1 1987 2047 2048 -1 2036 2054 2030 -1 2037 2030 2055 -1 1855 2043 2056 -1 2025 2057 1937 -1 2032 2026 2058 -1 2058 2049 2032 -1 2041 2031 2044 -1 2042 2039 2049 -1 2034 2033 2059 -1 2045 1983 2023 -1 2043 1984 2046 -1 2052 1937 2057 -1 2038 2060 2044 -1 2058 2026 2041 -1 2061 2024 1855 -1 2025 2024 2057 -1 2062 2040 2048 -1 2060 2038 2063 -1 2051 2045 2023 -1 2042 2049 2053 -1 2064 1986 2052 -1 2065 1986 2064 -1 2065 2047 1986 -1 2066 2059 2033 -1 2048 2047 2067 -1 2038 2040 2063 -1 2055 2030 2054 -1 2056 2043 2068 -1 2053 2049 2069 -1 1855 2056 2061 -1 2057 2024 2061 -1 2063 2040 2062 -1 2044 2060 2070 -1 2041 2044 2071 -1 2036 2035 2072 -1 2054 2036 2072 -1 2037 2055 2051 -1 2058 2041 2071 -1 2067 2047 2065 -1 2073 2048 2067 -1 2033 2050 2074 -1 2033 2074 2066 -1 2075 2072 2035 -1 2076 2046 2045 -1 2043 2046 2068 -1 2061 2056 2077 -1 2078 2065 2064 -1 2079 2058 2071 -1 2049 2058 2079 -1 2055 2080 2051 -1 2074 2050 2081 -1 2080 2082 2051 -1 2082 2045 2051 -1 2068 2046 2076 -1 2083 2068 2076 -1 2057 2061 2077 -1 2067 2065 2084 -1 2062 2048 2085 -1 2063 2062 2085 -1 2060 2063 2085 -1 2070 2060 2086 -1 2071 2044 2070 -1 2075 2087 2072 -1 2055 2054 2072 -1 2069 2088 2053 -1 2080 2089 2082 -1 2082 2076 2045 -1 2056 2068 2077 -1 2064 2052 2078 -1 2078 2084 2065 -1 2073 2067 2084 -1 2090 2091 2092 -1 2093 2090 2092 -1 2094 2095 2096 -1 2096 2097 2098 -1 2097 2099 2098 -1 2100 2099 2091 -1 2098 2099 2100 -1 2090 2100 2091 -1 2100 2090 2101 -1 2102 2100 2101 -1 2093 2103 2104 -1 2105 2106 2107 -1 2107 2108 2105 -1 2075 2109 2087 -1 2087 2055 2072 -1 2110 2080 2055 -1 2080 2110 2111 -1 2079 2071 2112 -1 2069 2049 2079 -1 2050 2053 2113 -1 2114 2115 2116 -1 2115 2114 2117 -1 2117 2114 2118 -1 2118 2119 2117 -1 2115 2117 2120 -1 2115 2120 2121 -1 2122 2123 2124 -1 2089 2080 2111 -1 2057 2077 2125 -1 2086 2060 2085 -1 2121 2120 2126 -1 2121 2126 2127 -1 2127 2126 2128 -1 2126 2129 2128 -1 2128 2129 2130 -1 2094 2130 2129 -1 2131 2128 2132 -1 2133 2134 2135 -1 2133 2108 2136 -1 2123 2122 2092 -1 2137 2124 2138 -1 2090 2139 2140 -1 2141 2104 2103 -1 2091 2142 2092 -1 2096 2095 2097 -1 2090 2143 2101 -1 2093 2104 2144 -1 2144 2090 2093 -1 2090 2144 2139 -1 2090 2140 2145 -1 2090 2145 2143 -1 2132 2105 2108 -1 2102 2101 2146 -1 2101 2147 2146 -1 2146 2148 2102 -1 2148 2146 2149 -1 2148 2149 2150 -1 2055 2087 2110 -1 2150 2149 2151 -1 2134 2133 2136 -1 2152 2150 2151 -1 2152 2151 2153 -1 2152 2153 2154 -1 2155 2154 2156 -1 2155 2156 2157 -1 2158 2155 2157 -1 2119 2159 2117 -1 2160 2120 2117 -1 2123 2138 2124 -1 2089 2161 2082 -1 2082 2161 2076 -1 2068 2162 2077 -1 2078 2052 2163 -1 2085 2048 2073 -1 2116 2164 2165 -1 2164 2166 2165 -1 2116 2115 2121 -1 2121 2164 2116 -1 2167 2166 2164 -1 2127 2164 2121 -1 2168 2167 2164 -1 2169 2120 2160 -1 2169 2170 2120 -1 2170 2126 2120 -1 2126 2170 2171 -1 2126 2172 2129 -1 2172 2173 2129 -1 2094 2173 2174 -1 2095 2094 2174 -1 2112 2071 2070 -1 2129 2173 2094 -1 2079 2112 2175 -1 2069 2079 2175 -1 2130 2132 2128 -1 2081 2050 2113 -1 2168 2176 2167 -1 2168 2177 2176 -1 2128 2131 2178 -1 2135 2131 2132 -1 2135 2132 2108 -1 2099 2097 2179 -1 2092 2142 2123 -1 2099 2142 2091 -1 2180 2142 2099 -1 2181 2158 2157 -1 2168 2164 2127 -1 2105 2130 2094 -1 2096 2105 2094 -1 2168 2182 2177 -1 2183 2176 2177 -1 2183 2177 2184 -1 2184 2177 2185 -1 2127 2128 2178 -1 2178 2168 2127 -1 2178 2182 2168 -1 2130 2105 2132 -1 2131 2135 2178 -1 2182 2186 2177 -1 2178 2186 2182 -1 2186 2185 2177 -1 2186 2134 2187 -1 2178 2135 2186 -1 2108 2133 2135 -1 2186 2135 2134 -1 2092 2122 2093 -1 2098 2105 2096 -1 2188 2105 2098 -1 2098 2100 2188 -1 2188 2100 2102 -1 2105 2188 2106 -1 2188 2102 2106 -1 2102 2148 2106 -1 2108 2107 2189 -1 2189 2136 2108 -1 2106 2148 2107 -1 2148 2189 2107 -1 2150 2190 2148 -1 2190 2189 2148 -1 2186 2191 2185 -1 2187 2191 2186 -1 2187 2134 2192 -1 2187 2192 2191 -1 2136 2192 2134 -1 2192 2136 2193 -1 2192 2193 2194 -1 2193 2195 2196 -1 2136 2189 2197 -1 2197 2189 2198 -1 2197 2193 2136 -1 2198 2199 2197 -1 2190 2150 2152 -1 2152 2189 2190 -1 2152 2198 2189 -1 2193 2197 2195 -1 2197 2199 2195 -1 2195 2199 2158 -1 2155 2199 2198 -1 2155 2158 2199 -1 2154 2198 2152 -1 2154 2155 2198 -1 2195 2200 2196 -1 2195 2158 2201 -1 2180 2099 2179 -1 2202 2104 2141 -1 2181 2203 2204 -1 2204 2205 2181 -1 2206 2207 2208 -1 2205 2204 2206 -1 2207 2206 2209 -1 2203 2157 2210 -1 2109 2211 2087 -1 2110 2087 2211 -1 2074 2081 2212 -1 2213 2074 2212 -1 2214 2116 2165 -1 2159 2119 2215 -1 2076 2161 2216 -1 2083 2076 2216 -1 2217 2083 2216 -1 2162 2068 2083 -1 2125 2077 2162 -1 2057 2125 2163 -1 2052 2057 2163 -1 2165 2166 2218 -1 2219 2166 2167 -1 2220 2221 2172 -1 2220 2172 2222 -1 2221 2173 2172 -1 2171 2172 2126 -1 2222 2172 2171 -1 2219 2167 2176 -1 2223 2219 2176 -1 2224 2223 2176 -1 2224 2176 2183 -1 2202 2144 2104 -1 2101 2143 2225 -1 2147 2101 2225 -1 2146 2147 2226 -1 2149 2146 2226 -1 2227 2149 2226 -1 2228 2149 2227 -1 2151 2149 2228 -1 2229 2153 2151 -1 2230 2153 2229 -1 2154 2153 2230 -1 2156 2154 2230 -1 2231 2232 2200 -1 2157 2203 2181 -1 2142 2180 2233 -1 2234 2235 2236 -1 2234 2237 2235 -1 2234 2238 2237 -1 2239 2206 2204 -1 2157 2156 2210 -1 2110 2211 2240 -1 2111 2110 2240 -1 2088 2069 2175 -1 2053 2088 2241 -1 2241 2113 2053 -1 2117 2159 2242 -1 2243 2244 2245 -1 2246 2137 2138 -1 2245 2244 2247 -1 2161 2089 2248 -1 2217 2249 2083 -1 2250 2251 2252 -1 2253 2254 2255 -1 2239 2256 2206 -1 2085 2073 2257 -1 2209 2206 2256 -1 2253 2255 2258 -1 2254 2258 2255 -1 2259 2260 2261 -1 2166 2219 2218 -1 2169 2262 2170 -1 2221 2263 2173 -1 2174 2173 2263 -1 2174 2264 2095 -1 2265 2183 2266 -1 2183 2267 2266 -1 2184 2234 2267 -1 2224 2183 2265 -1 2267 2183 2184 -1 2238 2234 2184 -1 2179 2097 2268 -1 2268 2097 2095 -1 2139 2144 2269 -1 2140 2139 2269 -1 2145 2140 2269 -1 2270 2271 2272 -1 2272 2271 2254 -1 2270 2238 2273 -1 2274 2275 2276 -1 2276 2200 2277 -1 2243 2278 2279 -1 2280 2151 2228 -1 2229 2151 2280 -1 2156 2230 2281 -1 2282 2283 2232 -1 2232 2231 2282 -1 2245 2284 2278 -1 2245 2285 2284 -1 2284 2286 2287 -1 2285 2286 2284 -1 2285 2288 2286 -1 2289 2290 2285 -1 2288 2285 2290 -1 2290 2289 2291 -1 2247 2285 2245 -1 2289 2285 2247 -1 2247 2292 2289 -1 2289 2292 2251 -1 2293 2291 2289 -1 2250 2293 2289 -1 2251 2250 2289 -1 2290 2291 2294 -1 2291 2293 2295 -1 2296 2295 2297 -1 2293 2298 2295 -1 2293 2250 2298 -1 2250 2252 2299 -1 2299 2298 2250 -1 2300 2298 2299 -1 2260 2298 2261 -1 2238 2184 2185 -1 2295 2298 2260 -1 2254 2271 2301 -1 2271 2273 2301 -1 2185 2273 2238 -1 2191 2273 2185 -1 2191 2302 2273 -1 2273 2271 2270 -1 2302 2301 2273 -1 2301 2302 2303 -1 2194 2302 2191 -1 2191 2192 2194 -1 2194 2304 2302 -1 2196 2194 2193 -1 2301 2258 2254 -1 2301 2305 2258 -1 2306 2305 2301 -1 2307 2301 2303 -1 2301 2307 2306 -1 2307 2303 2279 -1 2308 2305 2284 -1 2308 2284 2287 -1 2306 2284 2305 -1 2306 2307 2278 -1 2307 2279 2278 -1 2278 2284 2306 -1 2304 2303 2302 -1 2304 2194 2196 -1 2304 2275 2303 -1 2303 2275 2279 -1 2304 2276 2275 -1 2196 2276 2304 -1 2196 2200 2276 -1 2278 2243 2245 -1 2200 2195 2201 -1 2201 2231 2200 -1 2231 2201 2309 -1 2201 2158 2181 -1 2208 2309 2205 -1 2309 2201 2205 -1 2206 2208 2205 -1 2201 2181 2205 -1 2267 2234 2236 -1 2180 2179 2310 -1 2238 2270 2237 -1 2311 2235 2237 -1 2244 2312 2313 -1 2244 2313 2247 -1 2313 2314 2247 -1 2314 2292 2247 -1 2314 2251 2292 -1 2300 2315 2261 -1 2315 2316 2261 -1 2207 2209 2317 -1 2317 2209 2318 -1 2297 2260 2319 -1 2259 2320 2260 -1 2320 2319 2260 -1 2165 2321 2214 -1 2215 2242 2159 -1 2249 2162 2083 -1 2125 2322 2163 -1 2125 2162 2323 -1 2125 2323 2322 -1 2324 2078 2163 -1 2084 2078 2073 -1 2073 2078 2325 -1 2326 2254 2253 -1 2257 2073 2325 -1 2086 2085 2257 -1 2218 2219 2327 -1 2169 2160 2328 -1 2221 2220 2329 -1 2264 2268 2095 -1 2224 2330 2223 -1 2330 2224 2265 -1 2265 2266 2331 -1 2332 2179 2268 -1 2123 2142 2333 -1 2269 2144 2202 -1 2225 2143 2334 -1 2143 2145 2335 -1 2226 2147 2336 -1 2337 2270 2272 -1 2287 2338 2339 -1 2340 2279 2275 -1 2279 2340 2341 -1 2338 2287 2342 -1 2113 2212 2081 -1 2276 2343 2274 -1 2277 2343 2276 -1 2232 2277 2200 -1 2283 2277 2232 -1 2341 2243 2279 -1 2243 2341 2312 -1 2312 2244 2243 -1 2231 2344 2282 -1 2309 2344 2231 -1 2345 2344 2309 -1 2208 2345 2309 -1 2317 2345 2208 -1 2207 2317 2208 -1 2203 2346 2204 -1 2310 2179 2332 -1 2347 2233 2180 -1 2237 2270 2348 -1 2266 2267 2236 -1 2347 2180 2310 -1 2349 2350 2351 -1 2351 2352 2349 -1 2251 2314 2353 -1 2252 2251 2353 -1 2353 2354 2252 -1 2252 2354 2299 -1 2354 2315 2299 -1 2299 2315 2300 -1 2211 2109 2355 -1 2356 2318 2209 -1 2209 2357 2356 -1 2357 2209 2256 -1 2111 2240 2358 -1 2359 2321 2165 -1 2360 2328 2117 -1 2160 2117 2328 -1 2246 2138 2361 -1 2138 2123 2361 -1 2089 2111 2358 -1 2162 2249 2323 -1 2323 2362 2322 -1 2322 2362 2363 -1 2362 2364 2363 -1 2163 2322 2365 -1 2322 2363 2365 -1 2363 2366 2365 -1 2163 2365 2324 -1 2365 2366 2367 -1 2365 2367 2368 -1 2324 2325 2078 -1 2368 2369 2370 -1 2370 2369 2371 -1 2326 2372 2254 -1 2254 2372 2337 -1 2272 2254 2337 -1 2325 2373 2257 -1 2112 2070 2374 -1 2086 2257 2373 -1 2375 2213 2212 -1 2329 2263 2221 -1 2329 2220 2376 -1 2264 2174 2377 -1 2333 2361 2123 -1 2202 2141 2378 -1 2225 2336 2147 -1 2340 2275 2274 -1 2340 2274 2341 -1 2343 2277 2283 -1 2283 2282 2344 -1 2317 2379 2345 -1 2210 2156 2281 -1 2288 2342 2286 -1 2380 2342 2288 -1 2380 2288 2294 -1 2288 2290 2294 -1 2380 2294 2351 -1 2351 2294 2381 -1 2294 2296 2381 -1 2291 2296 2294 -1 2296 2291 2295 -1 2381 2296 2297 -1 2381 2297 2382 -1 2298 2300 2261 -1 2324 2365 2368 -1 2379 2317 2318 -1 2383 2324 2368 -1 2356 2379 2318 -1 2368 2370 2383 -1 2384 2385 2383 -1 2370 2384 2383 -1 2370 2371 2326 -1 2326 2253 2370 -1 2351 2381 2352 -1 2382 2352 2381 -1 2385 2384 2386 -1 2387 2384 2370 -1 2384 2387 2386 -1 2382 2388 2352 -1 2388 2382 2389 -1 2386 2387 2390 -1 2253 2387 2370 -1 2387 2253 2258 -1 2382 2297 2389 -1 2305 2387 2258 -1 2308 2390 2387 -1 2390 2308 2339 -1 2339 2391 2390 -1 2260 2297 2295 -1 2392 2391 2339 -1 2392 2339 2338 -1 2287 2339 2308 -1 2392 2338 2393 -1 2286 2342 2287 -1 2338 2394 2393 -1 2394 2338 2380 -1 2338 2342 2380 -1 2305 2308 2387 -1 2395 2394 2380 -1 2394 2395 2396 -1 2380 2351 2395 -1 2343 2283 2397 -1 2397 2398 2343 -1 2350 2399 2395 -1 2395 2351 2350 -1 2283 2344 2397 -1 2397 2344 2400 -1 2345 2379 2344 -1 2379 2400 2344 -1 2401 2314 2313 -1 2314 2401 2353 -1 2357 2256 2402 -1 2240 2211 2403 -1 2356 2357 2404 -1 2404 2357 2405 -1 2404 2405 2406 -1 2407 2315 2354 -1 2408 2406 2405 -1 2315 2407 2409 -1 2409 2316 2315 -1 2117 2242 2360 -1 2089 2358 2248 -1 2410 2216 2161 -1 2323 2249 2411 -1 2412 2323 2411 -1 2412 2362 2323 -1 2362 2412 2364 -1 2413 2367 2366 -1 2414 2367 2413 -1 2368 2367 2414 -1 2371 2415 2326 -1 2372 2326 2415 -1 2325 2416 2373 -1 2373 2416 2417 -1 2373 2417 2086 -1 2417 2416 2418 -1 2417 2374 2086 -1 2086 2374 2070 -1 2165 2419 2359 -1 2419 2165 2218 -1 2327 2420 2218 -1 2169 2328 2262 -1 2171 2421 2222 -1 2376 2220 2222 -1 2377 2174 2263 -1 2219 2223 2327 -1 2265 2331 2330 -1 2112 2374 2175 -1 2202 2378 2422 -1 2423 2202 2422 -1 2143 2335 2334 -1 2225 2334 2424 -1 2228 2425 2280 -1 2270 2337 2348 -1 2239 2204 2426 -1 2266 2236 2427 -1 2235 2428 2236 -1 2113 2429 2212 -1 2430 2212 2429 -1 2212 2430 2375 -1 2402 2431 2357 -1 2405 2357 2431 -1 2405 2432 2408 -1 2433 2211 2355 -1 2217 2216 2410 -1 2364 2434 2363 -1 2364 2412 2435 -1 2434 2366 2363 -1 2369 2368 2414 -1 2327 2436 2420 -1 2262 2437 2170 -1 2223 2330 2327 -1 2331 2266 2438 -1 2438 2266 2427 -1 2236 2439 2427 -1 2440 2268 2264 -1 2332 2268 2440 -1 2233 2347 2441 -1 2441 2442 2233 -1 2333 2142 2442 -1 2442 2142 2233 -1 2269 2335 2145 -1 2417 2443 2374 -1 2417 2444 2443 -1 2443 2444 2445 -1 2443 2446 2374 -1 2175 2374 2446 -1 2088 2175 2446 -1 2280 2425 2229 -1 2446 2241 2088 -1 2230 2229 2447 -1 2241 2429 2113 -1 2448 2426 2204 -1 2203 2210 2346 -1 2449 2313 2312 -1 2401 2313 2449 -1 2401 2450 2451 -1 2401 2451 2353 -1 2451 2354 2353 -1 2452 2401 2449 -1 2400 2452 2449 -1 2400 2379 2453 -1 2356 2453 2379 -1 2452 2450 2401 -1 2453 2452 2400 -1 2453 2450 2452 -1 2451 2450 2453 -1 2321 2359 2454 -1 2453 2356 2404 -1 2453 2404 2406 -1 2451 2453 2407 -1 2407 2354 2451 -1 2453 2406 2407 -1 2325 2324 2383 -1 2385 2325 2383 -1 2385 2416 2325 -1 2418 2385 2386 -1 2418 2416 2385 -1 2444 2417 2418 -1 2418 2386 2391 -1 2386 2390 2391 -1 2418 2391 2392 -1 2419 2218 2420 -1 2455 2456 2445 -1 2444 2418 2392 -1 2445 2444 2393 -1 2392 2393 2444 -1 2225 2424 2336 -1 2227 2226 2457 -1 2457 2226 2336 -1 2393 2455 2445 -1 2227 2457 2228 -1 2228 2457 2458 -1 2425 2228 2458 -1 2455 2393 2394 -1 2455 2430 2456 -1 2343 2341 2274 -1 2341 2343 2398 -1 2341 2398 2312 -1 2312 2398 2449 -1 2455 2394 2396 -1 2375 2455 2396 -1 2430 2455 2375 -1 2449 2398 2397 -1 2400 2449 2397 -1 2447 2229 2425 -1 2396 2395 2399 -1 2439 2236 2428 -1 2347 2310 2332 -1 2447 2459 2281 -1 2346 2448 2204 -1 2358 2240 2403 -1 2446 2443 2445 -1 2446 2445 2456 -1 2446 2456 2241 -1 2456 2429 2241 -1 2429 2456 2430 -1 2256 2239 2460 -1 2432 2405 2431 -1 2410 2161 2248 -1 2461 2217 2410 -1 2411 2249 2462 -1 2435 2412 2463 -1 2434 2364 2435 -1 2369 2414 2464 -1 2415 2465 2372 -1 2170 2437 2171 -1 2377 2263 2466 -1 2264 2377 2467 -1 2269 2202 2423 -1 2311 2428 2235 -1 2468 2428 2311 -1 2469 2311 2237 -1 2470 2348 2471 -1 2281 2230 2447 -1 2472 2211 2433 -1 2403 2211 2472 -1 2460 2239 2473 -1 2402 2256 2460 -1 2431 2474 2432 -1 2409 2475 2316 -1 2242 2215 2476 -1 2477 2246 2361 -1 2358 2403 2478 -1 2248 2358 2478 -1 2461 2479 2217 -1 2249 2217 2479 -1 2479 2462 2249 -1 2413 2366 2480 -1 2414 2413 2481 -1 2371 2369 2464 -1 2337 2372 2482 -1 2327 2483 2436 -1 2421 2171 2437 -1 2329 2376 2484 -1 2376 2222 2421 -1 2467 2377 2466 -1 2440 2264 2467 -1 2485 2332 2440 -1 2335 2269 2423 -1 2334 2335 2486 -1 2334 2486 2424 -1 2237 2348 2469 -1 2469 2348 2470 -1 2348 2337 2471 -1 2327 2330 2487 -1 2346 2210 2448 -1 2441 2347 2485 -1 2331 2487 2330 -1 2427 2439 2488 -1 2439 2428 2488 -1 2488 2428 2468 -1 2332 2485 2347 -1 2361 2333 2489 -1 2478 2403 2490 -1 2471 2337 2482 -1 2426 2473 2239 -1 2281 2459 2210 -1 2477 2491 2246 -1 2492 2411 2462 -1 2412 2411 2492 -1 2493 2414 2481 -1 2464 2414 2493 -1 2415 2371 2464 -1 2482 2372 2465 -1 2454 2359 2494 -1 2419 2494 2359 -1 2263 2329 2484 -1 2433 2495 2472 -1 2489 2477 2361 -1 2490 2403 2472 -1 2496 2335 2423 -1 2496 2497 2335 -1 2433 2498 2495 -1 2468 2311 2469 -1 2471 2499 2470 -1 2447 2425 2500 -1 2474 2431 2501 -1 2360 2242 2502 -1 2478 2503 2248 -1 2410 2248 2503 -1 2461 2410 2503 -1 2366 2434 2504 -1 2481 2413 2480 -1 2464 2505 2415 -1 2506 2262 2328 -1 2437 2262 2506 -1 2484 2376 2421 -1 2487 2483 2327 -1 2448 2210 2459 -1 2402 2460 2501 -1 2402 2501 2431 -1 2494 2507 2454 -1 2420 2494 2419 -1 2457 2336 2424 -1 2483 2508 2436 -1 2495 2498 2509 -1 2487 2331 2510 -1 2438 2511 2331 -1 2438 2427 2511 -1 2488 2511 2427 -1 2488 2468 2512 -1 2333 2442 2513 -1 2513 2442 2441 -1 2423 2422 2496 -1 2486 2335 2497 -1 2497 2514 2486 -1 2515 2458 2516 -1 2425 2458 2515 -1 2470 2499 2469 -1 2500 2425 2515 -1 2328 2360 2517 -1 2360 2502 2517 -1 2461 2503 2479 -1 2463 2412 2492 -1 2480 2518 2481 -1 2519 2464 2493 -1 2520 2490 2472 -1 2466 2263 2484 -1 2487 2510 2521 -1 2510 2331 2511 -1 2489 2333 2513 -1 2522 2523 2524 -1 2468 2469 2525 -1 2447 2500 2526 -1 2527 2528 2529 -1 2494 2528 2507 -1 2517 2530 2328 -1 2531 2491 2477 -1 2478 2490 2520 -1 2462 2479 2532 -1 2492 2462 2532 -1 2366 2504 2480 -1 2459 2447 2526 -1 2520 2472 2495 -1 2520 2495 2533 -1 2534 2527 2529 -1 2528 2527 2507 -1 2476 2502 2242 -1 2535 2494 2508 -1 2508 2494 2420 -1 2436 2508 2420 -1 2536 2496 2422 -1 2486 2514 2424 -1 2424 2514 2537 -1 2516 2457 2537 -1 2457 2516 2458 -1 2483 2487 2521 -1 2538 2539 2524 -1 2540 2510 2511 -1 2495 2509 2533 -1 2511 2488 2541 -1 2542 2543 2544 -1 2477 2489 2545 -1 2441 2485 2546 -1 2513 2441 2546 -1 2547 2523 2522 -1 2524 2523 2538 -1 2548 2549 2550 -1 2468 2525 2512 -1 2525 2469 2499 -1 2426 2448 2551 -1 2528 2552 2529 -1 2502 2476 2553 -1 2554 2504 2434 -1 2434 2435 2554 -1 2518 2480 2555 -1 2556 2505 2464 -1 2465 2415 2505 -1 2557 2328 2530 -1 2506 2328 2557 -1 2437 2558 2421 -1 2558 2437 2506 -1 2521 2559 2483 -1 2533 2509 2542 -1 2540 2511 2541 -1 2542 2544 2560 -1 2533 2542 2560 -1 2512 2541 2488 -1 2547 2544 2561 -1 2489 2513 2562 -1 2546 2562 2513 -1 2485 2440 2563 -1 2564 2547 2522 -1 2522 2524 2552 -1 2522 2552 2565 -1 2566 2525 2567 -1 2512 2525 2566 -1 2471 2482 2568 -1 2524 2529 2552 -1 2552 2528 2569 -1 2570 2477 2545 -1 2570 2531 2477 -1 2520 2571 2478 -1 2478 2571 2503 -1 2479 2503 2572 -1 2572 2532 2479 -1 2554 2435 2463 -1 2504 2573 2480 -1 2573 2555 2480 -1 2518 2574 2481 -1 2493 2481 2574 -1 2556 2464 2519 -1 2559 2508 2483 -1 2536 2575 2496 -1 2544 2543 2561 -1 2575 2497 2496 -1 2534 2524 2539 -1 2529 2524 2534 -1 2494 2576 2528 -1 2494 2535 2576 -1 2535 2508 2577 -1 2512 2566 2578 -1 2579 2566 2567 -1 2544 2547 2564 -1 2567 2525 2580 -1 2565 2564 2522 -1 2525 2499 2580 -1 2569 2565 2552 -1 2459 2526 2581 -1 2551 2448 2459 -1 2528 2576 2569 -1 2582 2503 2571 -1 2503 2582 2572 -1 2533 2560 2583 -1 2571 2520 2583 -1 2573 2504 2554 -1 2492 2584 2463 -1 2585 2463 2584 -1 2518 2555 2586 -1 2519 2493 2574 -1 2587 2505 2556 -1 2482 2465 2588 -1 2589 2506 2557 -1 2558 2506 2589 -1 2590 2510 2540 -1 2590 2540 2591 -1 2541 2512 2578 -1 2537 2514 2592 -1 2553 2593 2502 -1 2516 2537 2592 -1 2499 2471 2568 -1 2594 2531 2570 -1 2583 2595 2571 -1 2572 2582 2596 -1 2596 2532 2572 -1 2492 2532 2596 -1 2554 2463 2597 -1 2585 2597 2463 -1 2574 2518 2586 -1 2555 2573 2598 -1 2599 2586 2555 -1 2465 2505 2587 -1 2587 2588 2465 -1 2484 2558 2600 -1 2421 2558 2484 -1 2540 2541 2601 -1 2546 2485 2563 -1 2602 2559 2521 -1 2602 2521 2510 -1 2602 2510 2590 -1 2489 2603 2545 -1 2544 2564 2560 -1 2489 2562 2603 -1 2536 2604 2575 -1 2605 2604 2536 -1 2605 2606 2604 -1 2604 2607 2575 -1 2575 2607 2497 -1 2608 2516 2592 -1 2515 2516 2609 -1 2610 2578 2566 -1 2610 2566 2579 -1 2609 2611 2515 -1 2515 2611 2500 -1 2612 2500 2611 -1 2500 2612 2526 -1 2551 2613 2426 -1 2473 2426 2613 -1 2551 2459 2581 -1 2533 2583 2520 -1 2582 2571 2595 -1 2560 2564 2565 -1 2565 2569 2614 -1 2584 2492 2596 -1 2555 2598 2599 -1 2460 2473 2613 -1 2501 2460 2615 -1 2501 2615 2474 -1 2576 2614 2569 -1 2614 2576 2577 -1 2535 2577 2576 -1 2559 2616 2577 -1 2508 2559 2577 -1 2580 2499 2568 -1 2517 2502 2593 -1 2594 2570 2545 -1 2584 2617 2585 -1 2617 2618 2619 -1 2590 2619 2618 -1 2597 2585 2620 -1 2619 2585 2617 -1 2619 2590 2621 -1 2621 2590 2591 -1 2568 2482 2588 -1 2589 2600 2558 -1 2600 2622 2484 -1 2591 2540 2601 -1 2623 2604 2606 -1 2624 2579 2625 -1 2567 2625 2579 -1 2567 2580 2626 -1 2627 2611 2609 -1 2593 2553 2628 -1 2530 2517 2593 -1 2629 2530 2593 -1 2630 2594 2545 -1 2631 2574 2586 -1 2574 2631 2519 -1 2556 2519 2632 -1 2632 2587 2556 -1 2589 2557 2633 -1 2601 2541 2634 -1 2635 2474 2615 -1 2603 2562 2636 -1 2546 2636 2562 -1 2563 2636 2546 -1 2623 2606 2637 -1 2592 2514 2607 -1 2623 2592 2607 -1 2592 2623 2638 -1 2638 2639 2592 -1 2639 2608 2592 -1 2602 2640 2559 -1 2578 2634 2541 -1 2637 2606 2641 -1 2623 2607 2604 -1 2608 2639 2609 -1 2579 2624 2610 -1 2560 2642 2583 -1 2560 2643 2642 -1 2611 2644 2612 -1 2644 2611 2627 -1 2565 2643 2560 -1 2581 2526 2612 -1 2643 2645 2642 -1 2642 2645 2646 -1 2614 2643 2565 -1 2614 2645 2643 -1 2583 2642 2595 -1 2613 2551 2647 -1 2648 2595 2642 -1 2582 2595 2648 -1 2648 2596 2582 -1 2645 2614 2649 -1 2616 2649 2614 -1 2649 2616 2640 -1 2650 2596 2648 -1 2651 2650 2648 -1 2650 2651 2617 -1 2596 2650 2584 -1 2650 2617 2584 -1 2651 2640 2618 -1 2617 2651 2618 -1 2618 2640 2602 -1 2590 2618 2602 -1 2573 2554 2652 -1 2652 2598 2573 -1 2653 2599 2598 -1 2653 2654 2599 -1 2616 2614 2577 -1 2640 2616 2559 -1 2613 2615 2460 -1 2628 2655 2593 -1 2593 2655 2629 -1 2625 2567 2626 -1 2530 2629 2656 -1 2545 2657 2630 -1 2603 2657 2545 -1 2619 2620 2585 -1 2554 2597 2620 -1 2619 2658 2620 -1 2658 2619 2621 -1 2601 2621 2591 -1 2654 2653 2659 -1 2586 2599 2631 -1 2587 2660 2588 -1 2656 2557 2530 -1 2466 2484 2622 -1 2622 2661 2466 -1 2662 2467 2663 -1 2440 2467 2662 -1 2563 2440 2662 -1 2664 2665 2639 -1 2568 2626 2580 -1 2609 2666 2627 -1 2628 2667 2655 -1 2647 2551 2668 -1 2658 2621 2669 -1 2601 2669 2621 -1 2669 2601 2634 -1 2659 2653 2670 -1 2671 2624 2625 -1 2654 2631 2599 -1 2631 2654 2632 -1 2632 2519 2631 -1 2660 2672 2588 -1 2656 2633 2557 -1 2673 2622 2600 -1 2466 2663 2467 -1 2578 2610 2634 -1 2623 2637 2674 -1 2623 2674 2638 -1 2664 2638 2674 -1 2638 2664 2639 -1 2639 2665 2609 -1 2634 2610 2624 -1 2581 2612 2675 -1 2675 2612 2644 -1 2668 2581 2675 -1 2551 2581 2668 -1 2642 2646 2648 -1 2646 2645 2649 -1 2648 2646 2651 -1 2646 2649 2651 -1 2640 2651 2649 -1 2652 2554 2620 -1 2652 2653 2598 -1 2634 2624 2676 -1 2676 2624 2671 -1 2633 2656 2677 -1 2673 2600 2589 -1 2466 2661 2663 -1 2678 2629 2679 -1 2655 2667 2680 -1 2626 2672 2625 -1 2679 2629 2655 -1 2568 2588 2672 -1 2665 2666 2609 -1 2675 2644 2681 -1 2669 2652 2658 -1 2634 2676 2669 -1 2652 2682 2683 -1 2652 2683 2653 -1 2670 2653 2683 -1 2654 2659 2632 -1 2660 2587 2684 -1 2673 2589 2633 -1 2673 2661 2622 -1 2667 2628 2685 -1 2685 2680 2667 -1 2662 2636 2563 -1 2672 2626 2568 -1 2656 2629 2678 -1 2652 2669 2686 -1 2676 2686 2669 -1 2625 2672 2671 -1 2632 2659 2670 -1 2666 2665 2687 -1 2627 2666 2681 -1 2627 2681 2644 -1 2613 2647 2688 -1 2658 2652 2620 -1 2615 2613 2688 -1 2680 2685 2689 -1 2690 2662 2663 -1 2690 2636 2662 -1 2679 2655 2680 -1 2652 2686 2682 -1 2632 2670 2684 -1 2587 2632 2684 -1 2671 2672 2691 -1 2661 2673 2692 -1 2663 2661 2692 -1 2692 2690 2663 -1 2668 2675 2693 -1 2693 2647 2668 -1 2647 2694 2688 -1 2657 2603 2695 -1 2695 2696 2657 -1 2682 2697 2683 -1 2670 2683 2697 -1 2676 2698 2686 -1 2676 2671 2698 -1 2699 2670 2697 -1 2670 2699 2684 -1 2671 2691 2699 -1 2700 2660 2684 -1 2691 2660 2700 -1 2672 2660 2691 -1 2666 2701 2681 -1 2678 2702 2656 -1 2702 2677 2656 -1 2703 2701 2666 -1 2675 2681 2704 -1 2704 2681 2701 -1 2694 2647 2693 -1 2630 2657 2696 -1 2603 2636 2695 -1 2675 2704 2693 -1 2682 2686 2698 -1 2697 2682 2698 -1 2684 2699 2700 -1 2700 2699 2691 -1 2633 2677 2705 -1 2679 2680 2706 -1 2697 2698 2699 -1 2699 2698 2671 -1 2673 2633 2705 -1 2692 2673 2707 -1 2695 2636 2708 -1 2693 2704 2701 -1 2709 2710 2694 -1 2693 2709 2694 -1 2711 2630 2696 -1 2712 2673 2705 -1 2708 2636 2690 -1 2689 2713 2680 -1 2679 2714 2678 -1 2701 2715 2693 -1 2703 2715 2701 -1 2712 2707 2673 -1 2677 2702 2716 -1 2714 2679 2706 -1 2716 2702 2678 -1 2696 2695 2717 -1 2708 2718 2695 -1 2708 2690 2719 -1 2696 2717 2711 -1 2719 2690 2707 -1 2707 2690 2692 -1 2716 2678 2714 -1 2720 2677 2716 -1 2720 2712 2677 -1 2705 2677 2712 -1 2712 2721 2707 -1 2718 2717 2695 -1 2719 2718 2708 -1 2713 2706 2680 -1 2722 2713 2689 -1 2719 2707 2723 -1 2716 2714 2724 -1 2719 2723 2718 -1 2714 2725 2724 -1 2721 2712 2720 -1 2721 2723 2707 -1 2713 2722 2726 -1 2711 2717 2727 -1 2717 2718 2728 -1 2713 2726 2706 -1 2722 2729 2726 -1 2714 2706 2725 -1 2730 2720 2716 -1 2727 2717 2728 -1 2706 2726 2725 -1 2716 2724 2730 -1 2711 2727 2729 -1 2721 2731 2723 -1 2718 2723 2728 -1 2724 2725 2732 -1 2724 2732 2730 -1 2730 2731 2720 -1 2720 2731 2721 -1 2731 2733 2723 -1 2728 2723 2733 -1 2729 2734 2726 -1 2731 2730 2732 -1 2727 2728 2733 -1 2735 2725 2726 -1 2727 2734 2729 -1 2735 2732 2725 -1 2734 2735 2726 -1 2732 2733 2731 -1 2733 2734 2727 -1 2733 2732 2735 -1 2735 2734 2733 -1 2457 2424 2537 -1 2609 2516 2608 -1 2497 2607 2514 -1 2688 2694 2710 -1 2688 2710 2635 -1 2615 2688 2635 -1 2674 2637 2550 -1 2549 2664 2674 -1 2550 2549 2674 -1 2736 2737 2738 -1 2739 2737 2736 -1 2740 2741 2742 -1 2743 2737 2739 -1 2744 2743 2745 -1 2744 2745 2746 -1 2744 2746 2747 -1 2748 2742 2749 -1 2750 2751 2752 -1 2753 2754 2755 -1 2756 2757 2758 -1 2757 2759 2760 -1 2761 2762 2763 -1 2762 2761 2764 -1 2762 2764 2765 -1 2736 2766 2741 -1 2765 2767 2768 -1 2753 2741 2766 -1 2753 2742 2741 -1 2739 2769 2743 -1 2745 2743 2769 -1 2770 2739 2741 -1 2769 2739 2770 -1 2771 2767 2772 -1 2767 2765 2772 -1 2773 2771 2772 -1 2747 2774 2775 -1 2772 2776 2773 -1 2775 2744 2747 -1 2771 2777 2778 -1 2774 2779 2780 -1 2779 2774 2781 -1 2776 2772 2782 -1 2783 2773 2776 -1 2784 2785 2786 -1 2787 2785 2788 -1 2784 2789 2790 -1 2788 2785 2791 -1 2791 2784 2790 -1 2787 2788 2792 -1 2750 2752 2793 -1 2750 2794 2751 -1 2790 2789 2795 -1 2795 2796 2790 -1 2797 2796 2795 -1 2757 2798 2759 -1 2793 2799 2800 -1 2801 2738 2737 -1 2802 2801 2737 -1 2803 2801 2802 -1 2803 2775 2780 -1 2775 2803 2802 -1 2774 2780 2775 -1 2743 2775 2802 -1 2775 2743 2744 -1 2736 2738 2766 -1 2739 2736 2741 -1 2737 2743 2802 -1 2745 2769 2770 -1 2804 2774 2747 -1 2805 2804 2747 -1 2747 2746 2805 -1 2746 2745 2806 -1 2746 2806 2807 -1 2770 2806 2745 -1 2753 2755 2742 -1 2742 2755 2808 -1 2741 2740 2770 -1 2740 2809 2770 -1 2740 2810 2809 -1 2742 2808 2749 -1 2811 2748 2749 -1 2740 2742 2748 -1 2810 2740 2748 -1 2806 2770 2809 -1 2812 2813 2758 -1 2758 2757 2812 -1 2812 2757 2760 -1 2812 2761 2763 -1 2761 2812 2760 -1 2765 2764 2772 -1 2772 2764 2814 -1 2815 2768 2767 -1 2767 2816 2815 -1 2768 2763 2762 -1 2765 2768 2762 -1 2816 2767 2771 -1 2816 2771 2817 -1 2771 2773 2777 -1 2818 2819 2772 -1 2782 2772 2819 -1 2819 2818 2781 -1 2780 2779 2803 -1 2819 2781 2820 -1 2820 2781 2774 -1 2820 2782 2819 -1 2821 2782 2820 -1 2776 2782 2821 -1 2804 2820 2774 -1 2804 2805 2822 -1 2823 2757 2756 -1 2823 2824 2798 -1 2757 2823 2798 -1 2793 2800 2750 -1 2799 2793 2825 -1 2825 2793 2752 -1 2752 2826 2825 -1 2801 2827 2738 -1 2827 2825 2738 -1 2738 2825 2826 -1 2828 2752 2751 -1 2751 2829 2828 -1 2826 2752 2828 -1 2766 2826 2828 -1 2738 2826 2766 -1 2829 2830 2828 -1 2766 2828 2830 -1 2830 2753 2766 -1 2831 2832 2833 -1 2834 2832 2831 -1 2831 2835 2834 -1 2754 2830 2829 -1 2830 2754 2753 -1 2836 2754 2837 -1 2754 2836 2755 -1 2755 2836 2808 -1 2795 2838 2797 -1 2797 2838 2839 -1 2840 2841 2842 -1 2796 2797 2843 -1 2843 2797 2839 -1 2791 2790 2844 -1 2844 2845 2791 -1 2840 2842 2846 -1 2847 2848 2840 -1 2844 2790 2796 -1 2849 2846 2842 -1 2843 2844 2796 -1 2850 2839 2851 -1 2852 2849 2853 -1 2847 2840 2846 -1 2854 2847 2855 -1 2852 2847 2846 -1 2855 2847 2856 -1 2856 2847 2852 -1 2854 2855 2857 -1 2856 2852 2858 -1 2850 2859 2839 -1 2843 2839 2859 -1 2860 2852 2853 -1 2860 2853 2861 -1 2862 2863 2864 -1 2833 2860 2861 -1 2858 2860 2833 -1 2832 2858 2833 -1 2865 2862 2864 -1 2866 2865 2864 -1 2867 2862 2865 -1 2858 2868 2856 -1 2869 2750 2800 -1 2869 2794 2750 -1 2794 2869 2868 -1 2870 2871 2872 -1 2834 2873 2832 -1 2837 2873 2834 -1 2874 2875 2876 -1 2875 2845 2876 -1 2877 2878 2845 -1 2845 2878 2876 -1 2754 2829 2837 -1 2879 2865 2866 -1 2880 2874 2881 -1 2866 2882 2879 -1 2883 2880 2884 -1 2885 2886 2870 -1 2865 2887 2885 -1 2884 2880 2881 -1 2883 2884 2888 -1 2882 2758 2879 -1 2879 2758 2813 -1 2886 2871 2870 -1 2889 2872 2871 -1 2886 2885 2890 -1 2871 2886 2890 -1 2872 2889 2891 -1 2889 2892 2893 -1 2894 2895 2815 -1 2896 2897 2863 -1 2897 2898 2863 -1 2864 2863 2898 -1 2881 2876 2878 -1 2884 2881 2899 -1 2900 2881 2878 -1 2881 2901 2899 -1 2901 2881 2900 -1 2899 2901 2888 -1 2901 2900 2902 -1 2768 2903 2763 -1 2904 2888 2901 -1 2815 2895 2768 -1 2897 2905 2898 -1 2905 2882 2898 -1 2817 2771 2778 -1 2864 2898 2866 -1 2866 2898 2882 -1 2778 2777 2906 -1 2905 2907 2882 -1 2908 2882 2907 -1 2814 2909 2910 -1 2907 2904 2911 -1 2910 2912 2913 -1 2914 2911 2904 -1 2904 2902 2914 -1 2914 2902 2915 -1 2916 2803 2917 -1 2803 2916 2801 -1 2911 2914 2918 -1 2777 2773 2783 -1 2919 2783 2821 -1 2821 2920 2919 -1 2787 2792 2921 -1 2922 2921 2792 -1 2848 2923 2840 -1 2784 2791 2785 -1 2792 2875 2922 -1 2918 2824 2911 -1 2924 2925 2918 -1 2791 2845 2788 -1 2845 2875 2792 -1 2925 2926 2918 -1 2792 2788 2845 -1 2926 2798 2918 -1 2756 2911 2824 -1 2824 2823 2756 -1 2824 2918 2798 -1 2759 2798 2927 -1 2926 2927 2798 -1 2759 2927 2928 -1 2928 2927 2929 -1 2838 2930 2839 -1 2839 2930 2851 -1 2928 2931 2759 -1 2932 2933 2934 -1 2934 2933 2935 -1 2854 2935 2847 -1 2854 2934 2935 -1 2929 2936 2937 -1 2936 2938 2932 -1 2939 2936 2932 -1 2937 2936 2939 -1 2929 2931 2928 -1 2931 2929 2937 -1 2913 2937 2940 -1 2912 2931 2937 -1 2912 2937 2913 -1 2940 2916 2913 -1 2941 2942 2943 -1 2944 2945 2946 -1 2877 2844 2843 -1 2850 2947 2948 -1 2859 2949 2843 -1 2943 2948 2947 -1 2859 2850 2948 -1 2950 2843 2949 -1 2951 2949 2859 -1 2952 2843 2950 -1 2952 2877 2843 -1 2953 2877 2952 -1 2950 2949 2951 -1 2954 2951 2859 -1 2922 2875 2955 -1 2956 2955 2875 -1 2956 2875 2874 -1 2880 2883 2957 -1 2958 2957 2883 -1 2878 2877 2953 -1 2900 2878 2953 -1 2900 2953 2959 -1 2902 2900 2959 -1 2960 2902 2959 -1 2872 2961 2870 -1 2902 2960 2915 -1 2891 2961 2872 -1 2870 2865 2885 -1 2962 2885 2887 -1 2890 2885 2962 -1 2903 2895 2890 -1 2889 2895 2894 -1 2892 2889 2894 -1 2963 2964 2965 -1 2966 2967 2968 -1 2969 2942 2966 -1 2968 2970 2966 -1 2968 2971 2970 -1 2970 2971 2972 -1 2948 2943 2973 -1 2969 2974 2942 -1 2974 2969 2975 -1 2969 2966 2970 -1 2975 2969 2976 -1 2976 2969 2970 -1 2977 2975 2976 -1 2978 2975 2977 -1 2979 2977 2976 -1 2978 2977 2979 -1 2970 2980 2976 -1 2972 2980 2970 -1 2981 2976 2980 -1 2982 2964 2963 -1 2923 2848 2983 -1 2817 2965 2816 -1 2984 2965 2817 -1 2984 2817 2778 -1 2924 2915 2960 -1 2778 2985 2986 -1 2924 2960 2987 -1 2985 2778 2906 -1 2988 2989 2987 -1 2989 2990 2924 -1 2986 2982 2963 -1 2989 2988 2990 -1 2991 2990 2988 -1 2992 2990 2991 -1 2990 2925 2924 -1 2992 2925 2990 -1 2933 2993 2994 -1 2938 2992 2995 -1 2925 2992 2936 -1 2936 2992 2938 -1 2929 2925 2936 -1 2932 2934 2857 -1 2857 2934 2854 -1 2800 2932 2857 -1 2800 2857 2869 -1 2940 2937 2939 -1 2912 2909 2931 -1 2932 2800 2939 -1 2940 2939 2799 -1 2799 2939 2800 -1 2940 2799 2916 -1 2917 2913 2916 -1 2827 2801 2916 -1 2945 2996 2997 -1 2998 2997 2996 -1 2997 2946 2945 -1 2997 2999 2946 -1 2944 2842 2841 -1 2944 2946 2999 -1 3000 2842 2944 -1 2852 2846 2849 -1 2999 3000 2944 -1 2849 2842 3001 -1 3000 3001 2842 -1 2855 2868 2857 -1 2855 2856 2868 -1 2869 2857 2868 -1 2858 2852 2860 -1 2832 2868 2858 -1 2868 3002 2794 -1 2868 2832 3002 -1 2844 2877 2845 -1 3002 2832 2873 -1 2825 2916 2799 -1 2827 2916 2825 -1 2956 2874 2880 -1 2865 3003 2867 -1 2751 2794 3002 -1 3002 2829 2751 -1 2829 3002 2873 -1 2829 2873 2837 -1 2958 2888 2897 -1 2881 2874 2876 -1 2888 2884 2899 -1 2901 2902 2904 -1 2958 2883 2888 -1 2888 2905 2897 -1 2888 3004 2905 -1 2888 2904 3004 -1 2834 2836 2837 -1 2836 2834 2835 -1 3004 2907 2905 -1 2865 2879 2887 -1 3004 2904 2907 -1 2870 3003 2865 -1 2882 2908 2758 -1 2887 2879 2813 -1 2908 2907 2911 -1 2887 2813 2962 -1 2911 2756 2908 -1 2758 2908 2756 -1 2962 2903 2890 -1 2962 2813 2903 -1 2973 2859 2948 -1 2859 2973 2954 -1 2890 2895 2871 -1 2895 2889 2871 -1 2893 2891 2889 -1 3005 2972 3006 -1 2895 2903 2768 -1 2964 2892 2965 -1 3007 3008 3009 -1 3007 3009 2945 -1 2945 2944 3007 -1 2841 3007 2944 -1 2983 2980 3010 -1 3005 3010 2972 -1 2980 2972 3010 -1 3010 3005 3011 -1 2981 2980 2983 -1 2981 3012 3013 -1 2981 3014 3012 -1 2983 3014 2981 -1 3005 3008 3007 -1 3007 3011 3005 -1 3011 3007 2841 -1 3011 2841 2840 -1 2983 3010 2923 -1 2923 3010 3011 -1 3011 2840 2923 -1 2848 3014 2983 -1 2903 2813 2812 -1 2903 2812 2763 -1 2914 2915 2918 -1 2918 2915 2924 -1 2931 2760 2759 -1 2760 2931 2909 -1 2764 2760 2909 -1 2761 2760 2764 -1 2909 2814 2764 -1 2927 2926 2925 -1 2929 2927 2925 -1 2965 2815 2816 -1 2994 3012 3014 -1 2933 2994 3014 -1 2912 2910 2909 -1 2993 2938 2995 -1 2993 2933 2938 -1 2910 2818 2814 -1 2932 2938 2933 -1 2818 2910 2803 -1 2933 3014 2848 -1 2933 2848 2935 -1 2818 2772 2814 -1 2935 2848 2847 -1 2818 2779 2781 -1 2910 2913 2917 -1 2803 2910 2917 -1 2803 2779 2818 -1 2821 2783 2776 -1 2783 2919 2777 -1 2820 2804 2821 -1 2821 2804 2822 -1 2821 2822 2920 -1 2963 2965 2984 -1 2954 3015 2951 -1 2951 3015 2950 -1 3015 3016 2950 -1 3016 3015 3017 -1 2952 3016 2953 -1 3016 2952 2950 -1 3016 2959 2953 -1 2959 3016 3017 -1 3017 3018 2959 -1 3018 3019 2959 -1 2960 2959 3019 -1 2942 2941 3020 -1 2942 3020 2966 -1 2966 3020 3021 -1 3021 2967 2966 -1 2986 2984 2778 -1 2963 2984 2986 -1 2974 2943 2942 -1 2943 2974 2973 -1 2974 3022 2973 -1 3022 2974 2975 -1 3023 3022 2975 -1 3015 2954 2973 -1 3017 3015 3024 -1 2973 3024 3015 -1 2973 3025 3024 -1 3022 3025 2973 -1 3024 3025 3026 -1 3026 3025 3027 -1 2975 2978 3023 -1 3025 3022 3023 -1 3027 3025 3023 -1 3027 3023 2978 -1 2978 2979 3027 -1 3027 2979 3013 -1 3027 3013 3028 -1 2976 2981 2979 -1 3029 3030 3006 -1 3030 3029 3031 -1 3030 3031 3009 -1 2971 3006 2972 -1 3006 3030 3005 -1 3005 3030 3008 -1 3032 3017 3024 -1 3018 3017 3032 -1 3032 3024 3026 -1 3033 3032 3026 -1 3033 3026 3034 -1 3035 3032 3033 -1 2987 3019 3018 -1 3018 3035 2987 -1 2960 3019 2987 -1 2987 3035 3033 -1 3033 3036 2987 -1 2924 2987 2989 -1 2988 2987 3036 -1 3034 3027 3028 -1 3033 3034 3036 -1 3034 3037 3036 -1 3037 2991 3036 -1 3034 3028 3013 -1 3037 3034 3013 -1 2991 2988 3036 -1 2992 2991 2995 -1 3018 3032 3035 -1 2894 2965 2892 -1 2815 2965 2894 -1 3013 2979 2981 -1 3030 3009 3008 -1 3026 3027 3034 -1 3012 3037 3013 -1 2994 3037 3012 -1 2991 3037 2993 -1 2993 3037 2994 -1 2995 2991 2993 -1 3038 3039 3040 -1 3041 3042 3043 -1 3044 3045 3040 -1 3038 3046 3047 -1 3039 3048 3049 -1 3050 3051 3052 -1 3053 3054 3055 -1 3056 3054 3057 -1 3058 3054 3053 -1 3057 3054 3058 -1 3048 3039 3059 -1 3048 3059 3060 -1 3060 3059 3061 -1 3062 3057 3058 -1 3063 3062 3064 -1 3041 3043 3046 -1 3046 3045 3041 -1 3065 3045 3044 -1 3040 3046 3038 -1 3066 3038 3047 -1 3046 3040 3045 -1 3067 3044 3040 -1 3039 3067 3040 -1 3068 3069 3066 -1 3069 3068 3052 -1 3066 3069 3038 -1 3052 3068 3070 -1 3070 3050 3052 -1 3069 3071 3038 -1 3038 3071 3039 -1 3071 3069 3052 -1 3071 3072 3039 -1 3073 3055 3051 -1 3052 3051 3071 -1 3051 3074 3071 -1 3071 3074 3072 -1 3061 3072 3056 -1 3056 3072 3074 -1 3055 3074 3051 -1 3074 3055 3056 -1 3055 3073 3053 -1 3056 3055 3054 -1 3058 3053 3075 -1 3075 3076 3058 -1 3064 3058 3076 -1 3072 3059 3039 -1 3059 3072 3061 -1 3062 3061 3056 -1 3062 3056 3057 -1 3062 3063 3077 -1 3064 3062 3058 -1 3063 3064 3078 -1 3078 3064 3079 -1 3080 3081 3076 -1 3082 3083 3084 -1 3085 3086 3083 -1 3082 3084 3041 -1 3066 3087 3068 -1 3088 3089 3065 -1 3067 3049 3088 -1 3039 3049 3067 -1 3090 3088 3049 -1 3049 3048 3060 -1 3091 3060 3061 -1 3081 3080 3092 -1 3081 3093 3094 -1 3095 3086 3085 -1 3083 3096 3085 -1 3082 3096 3083 -1 3097 3082 3041 -1 3097 3041 3065 -1 3065 3098 3097 -1 3098 3065 3089 -1 3099 3098 3089 -1 3090 3089 3088 -1 3100 3089 3090 -1 3090 3049 3101 -1 3049 3102 3101 -1 3102 3049 3060 -1 3091 3077 3103 -1 3086 3104 3083 -1 3104 3086 3105 -1 3095 3105 3086 -1 3083 3104 3084 -1 3042 3041 3084 -1 3087 3066 3106 -1 3043 3042 3107 -1 3107 3106 3043 -1 3106 3046 3043 -1 3041 3045 3065 -1 3044 3088 3065 -1 3066 3047 3106 -1 3047 3046 3106 -1 3090 3101 3100 -1 3088 3044 3067 -1 3087 3070 3068 -1 3108 3070 3087 -1 3051 3050 3109 -1 3051 3109 3073 -1 3073 3109 3110 -1 3110 3053 3073 -1 3077 3091 3061 -1 3062 3077 3061 -1 3111 3077 3063 -1 3103 3077 3111 -1 3112 3111 3063 -1 3112 3063 3078 -1 3113 3111 3112 -1 3078 3079 3114 -1 3115 3078 3114 -1 3112 3078 3115 -1 3115 3116 3112 -1 3112 3116 3113 -1 3117 3115 3114 -1 3117 3118 3115 -1 3081 3064 3076 -1 3094 3079 3081 -1 3093 3081 3092 -1 3079 3064 3081 -1 3114 3079 3094 -1 3094 3119 3114 -1 3114 3119 3117 -1 3082 3120 3096 -1 3082 3097 3120 -1 3121 3095 3085 -1 3121 3085 3122 -1 3123 3124 3125 -1 3100 3126 3127 -1 3128 3126 3100 -1 3129 3124 3130 -1 3127 3099 3089 -1 3100 3127 3089 -1 3131 3100 3101 -1 3102 3132 3101 -1 3102 3060 3133 -1 3134 3060 3091 -1 3135 3136 3137 -1 3134 3091 3138 -1 3115 3118 3116 -1 3103 3139 3140 -1 3141 3139 3113 -1 3142 3141 3143 -1 3137 3144 3145 -1 3144 3137 3136 -1 3146 3144 3147 -1 3147 3148 3146 -1 3149 3146 3148 -1 3146 3149 3150 -1 3148 3151 3149 -1 3151 3150 3149 -1 3152 3148 3153 -1 3148 3152 3151 -1 3085 3096 3122 -1 3122 3096 3154 -1 3155 3122 3154 -1 3122 3155 3121 -1 3099 3156 3098 -1 3154 3099 3155 -1 3157 3155 3126 -1 3126 3158 3157 -1 3127 3126 3155 -1 3126 3128 3158 -1 3159 3129 3130 -1 3160 3129 3159 -1 3130 3158 3161 -1 3159 3130 3161 -1 3162 3159 3161 -1 3128 3163 3158 -1 3128 3131 3163 -1 3131 3128 3100 -1 3164 3101 3132 -1 3133 3132 3102 -1 3134 3133 3060 -1 3165 3138 3166 -1 3166 3103 3140 -1 3167 3168 3140 -1 3139 3167 3140 -1 3168 3167 3169 -1 3170 3169 3167 -1 3170 3171 3172 -1 3142 3173 3170 -1 3171 3170 3173 -1 3173 3174 3171 -1 3174 3175 3171 -1 3175 3172 3171 -1 3176 3175 3174 -1 3177 3178 3179 -1 3180 3181 3182 -1 3145 3182 3183 -1 3145 3180 3182 -1 3181 3179 3178 -1 3179 3181 3180 -1 3184 3179 3180 -1 3185 3184 3186 -1 3186 3184 3150 -1 3145 3187 3137 -1 3150 3188 3186 -1 3150 3151 3188 -1 3189 3188 3151 -1 3189 3151 3152 -1 3153 3190 3152 -1 3191 3190 3129 -1 3192 3191 3129 -1 3193 3105 3095 -1 3194 3193 3195 -1 3195 3193 3095 -1 3095 3121 3195 -1 3123 3125 3195 -1 3124 3129 3125 -1 3123 3195 3121 -1 3123 3157 3124 -1 3157 3123 3155 -1 3130 3124 3157 -1 3121 3155 3123 -1 3127 3155 3099 -1 3158 3130 3157 -1 3192 3129 3160 -1 3196 3192 3197 -1 3160 3197 3192 -1 3160 3159 3162 -1 3131 3101 3164 -1 3103 3138 3091 -1 3166 3138 3103 -1 3111 3139 3103 -1 3139 3111 3113 -1 3116 3118 3113 -1 3118 3117 3198 -1 3139 3141 3167 -1 3167 3141 3170 -1 3170 3141 3142 -1 3141 3113 3143 -1 3143 3113 3118 -1 3143 3118 3198 -1 3173 3143 3199 -1 3143 3173 3142 -1 3198 3117 3200 -1 3200 3117 3201 -1 3201 3117 3119 -1 3143 3198 3200 -1 3200 3199 3143 -1 3136 3135 3202 -1 3203 3204 3205 -1 3204 3203 3105 -1 3105 3193 3204 -1 3145 3144 3180 -1 3147 3144 3136 -1 3180 3150 3184 -1 3180 3146 3150 -1 3144 3146 3180 -1 3202 3206 3136 -1 3136 3206 3147 -1 3205 3206 3202 -1 3147 3206 3207 -1 3147 3207 3148 -1 3207 3153 3148 -1 3206 3205 3204 -1 3204 3194 3206 -1 3207 3206 3194 -1 3194 3204 3193 -1 3153 3207 3195 -1 3195 3208 3153 -1 3190 3153 3208 -1 3195 3207 3194 -1 3195 3125 3208 -1 3209 3189 3152 -1 3209 3152 3210 -1 3210 3152 3190 -1 3210 3211 3209 -1 3210 3190 3191 -1 3190 3208 3125 -1 3129 3190 3125 -1 3191 3212 3210 -1 3191 3196 3212 -1 3192 3196 3191 -1 3154 3096 3156 -1 3099 3154 3156 -1 3096 3120 3156 -1 3156 3097 3098 -1 3158 3163 3161 -1 3213 3161 3163 -1 3162 3161 3213 -1 3213 3214 3162 -1 3164 3132 3133 -1 3163 3131 3215 -1 3213 3163 3216 -1 3217 3164 3133 -1 3217 3133 3218 -1 3185 3177 3179 -1 3219 3133 3134 -1 3133 3219 3218 -1 3220 3219 3165 -1 3219 3138 3165 -1 3165 3166 3221 -1 3221 3140 3168 -1 3222 3221 3168 -1 3223 3177 3185 -1 3222 3168 3169 -1 3169 3170 3222 -1 3183 3187 3145 -1 3185 3179 3184 -1 3224 3175 3176 -1 3225 3224 3176 -1 3226 3227 3188 -1 3226 3188 3228 -1 3228 3188 3189 -1 3229 3189 3209 -1 3228 3189 3229 -1 3229 3209 3211 -1 3230 3229 3211 -1 3211 3210 3212 -1 3231 3211 3212 -1 3212 3196 3231 -1 3197 3232 3196 -1 3233 3234 3235 -1 3233 3236 3234 -1 3235 3234 3237 -1 3238 3239 3240 -1 3241 3239 3238 -1 3242 3243 3241 -1 3242 3238 3244 -1 3156 3120 3097 -1 3245 3162 3214 -1 3216 3214 3213 -1 3163 3215 3216 -1 3246 3216 3215 -1 3247 3248 3215 -1 3246 3215 3248 -1 3217 3247 3164 -1 3247 3249 3248 -1 3249 3247 3250 -1 3217 3250 3247 -1 3250 3217 3218 -1 3251 3248 3249 -1 3249 3250 3252 -1 3250 3253 3252 -1 3218 3219 3220 -1 3223 3185 3227 -1 3227 3254 3223 -1 3221 3166 3140 -1 3255 3197 3256 -1 3257 3233 3258 -1 3172 3259 3222 -1 3260 3261 3172 -1 3227 3185 3186 -1 3260 3172 3175 -1 3260 3175 3224 -1 3254 3227 3226 -1 3260 3224 3262 -1 3262 3224 3225 -1 3226 3257 3254 -1 3226 3236 3257 -1 3233 3257 3236 -1 3262 3225 3263 -1 3228 3236 3226 -1 3229 3236 3228 -1 3234 3236 3229 -1 3264 3258 3233 -1 3264 3233 3235 -1 3265 3266 3267 -1 3237 3268 3235 -1 3269 3235 3268 -1 3270 3271 3272 -1 3273 3271 3270 -1 3268 3237 3274 -1 3274 3237 3275 -1 3211 3276 3230 -1 3275 3237 3230 -1 3273 3270 3277 -1 3277 3270 3278 -1 3277 3278 3279 -1 3270 3280 3278 -1 3280 3270 3281 -1 3279 3278 3280 -1 3279 3280 3282 -1 3280 3281 3283 -1 3280 3284 3282 -1 3280 3283 3284 -1 3239 3285 3286 -1 3281 3285 3241 -1 3241 3285 3239 -1 3239 3286 3240 -1 3287 3240 3255 -1 3255 3232 3197 -1 3287 3255 3288 -1 3288 3255 3256 -1 3238 3240 3287 -1 3244 3238 3289 -1 3283 3281 3241 -1 3284 3283 3290 -1 3290 3283 3243 -1 3283 3241 3243 -1 3243 3291 3290 -1 3242 3292 3243 -1 3242 3241 3238 -1 3244 3293 3242 -1 3276 3211 3231 -1 3240 3276 3231 -1 3232 3240 3231 -1 3240 3232 3255 -1 3160 3294 3197 -1 3160 3162 3294 -1 3164 3215 3131 -1 3251 3246 3248 -1 3164 3247 3215 -1 3253 3250 3218 -1 3219 3134 3138 -1 3253 3218 3295 -1 3218 3220 3295 -1 3295 3220 3221 -1 3220 3165 3221 -1 3296 3221 3222 -1 3297 3222 3259 -1 3222 3170 3172 -1 3262 3298 3260 -1 3188 3227 3186 -1 3234 3229 3237 -1 3232 3231 3196 -1 3230 3237 3229 -1 3261 3259 3172 -1 3299 3261 3260 -1 3299 3260 3298 -1 3300 3264 3235 -1 3301 3262 3263 -1 3267 3266 3300 -1 3267 3300 3269 -1 3269 3271 3267 -1 3302 3303 3301 -1 3269 3300 3235 -1 3263 3302 3301 -1 3265 3267 3271 -1 3304 3265 3271 -1 3268 3271 3269 -1 3273 3304 3271 -1 3268 3272 3271 -1 3285 3274 3275 -1 3276 3285 3275 -1 3281 3274 3285 -1 3279 3305 3277 -1 3286 3276 3240 -1 3286 3285 3276 -1 3287 3289 3238 -1 3289 3287 3288 -1 3306 3244 3289 -1 3307 3289 3288 -1 3292 3291 3243 -1 3306 3293 3244 -1 3214 3308 3245 -1 3309 3252 3253 -1 3310 3295 3221 -1 3221 3296 3310 -1 3311 3310 3296 -1 3256 3294 3312 -1 3312 3294 3245 -1 3312 3313 3256 -1 3313 3312 3314 -1 3315 3314 3312 -1 3307 3288 3313 -1 3313 3316 3307 -1 3306 3289 3307 -1 3313 3314 3316 -1 3317 3315 3245 -1 3314 3318 3316 -1 3273 3319 3304 -1 3319 3320 3304 -1 3273 3277 3319 -1 3306 3307 3321 -1 3321 3307 3316 -1 3311 3296 3297 -1 3259 3311 3297 -1 3322 3259 3261 -1 3323 3322 3261 -1 3323 3261 3299 -1 3324 3323 3299 -1 3323 3324 3325 -1 3324 3299 3298 -1 3325 3324 3326 -1 3262 3301 3298 -1 3324 3298 3301 -1 3326 3324 3327 -1 3327 3324 3301 -1 3301 3303 3327 -1 3328 3279 3282 -1 3329 3292 3242 -1 3330 3329 3242 -1 3293 3330 3242 -1 3306 3331 3293 -1 3293 3331 3330 -1 3309 3332 3252 -1 3295 3309 3253 -1 3333 3332 3309 -1 3309 3295 3310 -1 3318 3334 3316 -1 3245 3308 3317 -1 3315 3317 3335 -1 3314 3335 3318 -1 3335 3314 3315 -1 3162 3245 3294 -1 3214 3216 3246 -1 3246 3336 3214 -1 3308 3214 3336 -1 3246 3251 3336 -1 3336 3251 3337 -1 3272 3268 3274 -1 3249 3337 3251 -1 3252 3337 3249 -1 3272 3274 3270 -1 3230 3276 3275 -1 3332 3337 3252 -1 3270 3274 3281 -1 3256 3197 3294 -1 3313 3288 3256 -1 3245 3315 3312 -1 3222 3297 3296 -1 3311 3259 3322 -1 3338 3325 3326 -1 3321 3331 3306 -1 3339 3316 3334 -1 3320 3319 3340 -1 3338 3326 3341 -1 3342 3327 3303 -1 3321 3316 3339 -1 3310 3333 3309 -1 3335 3343 3318 -1 3317 3344 3335 -1 3345 3336 3337 -1 3346 3344 3345 -1 3345 3337 3332 -1 3347 3345 3332 -1 3347 3332 3333 -1 3310 3311 3333 -1 3348 3349 3322 -1 3348 3322 3323 -1 3282 3284 3328 -1 3284 3290 3350 -1 3351 3291 3292 -1 3352 3318 3353 -1 3354 3353 3318 -1 3319 3277 3355 -1 3305 3356 3277 -1 3357 3358 3325 -1 3357 3325 3338 -1 3359 3334 3318 -1 3318 3352 3359 -1 3342 3303 3360 -1 3361 3358 3362 -1 3363 3334 3359 -1 3364 3353 3354 -1 3364 3354 3365 -1 3344 3366 3335 -1 3330 3331 3367 -1 3346 3345 3368 -1 3366 3344 3346 -1 3366 3346 3368 -1 3366 3369 3343 -1 3369 3370 3343 -1 3365 3343 3370 -1 3368 3345 3347 -1 3368 3371 3372 -1 3373 3374 3372 -1 3373 3372 3349 -1 3375 3365 3370 -1 3376 3365 3375 -1 3377 3374 3373 -1 3361 3373 3358 -1 3368 3347 3371 -1 3371 3349 3372 -1 3322 3349 3371 -1 3348 3325 3358 -1 3343 3354 3318 -1 3365 3354 3343 -1 3343 3335 3366 -1 3317 3308 3344 -1 3344 3308 3336 -1 3344 3336 3345 -1 3369 3366 3374 -1 3368 3374 3366 -1 3372 3374 3368 -1 3370 3369 3374 -1 3370 3374 3377 -1 3333 3311 3347 -1 3311 3371 3347 -1 3322 3371 3311 -1 3349 3348 3373 -1 3348 3358 3373 -1 3348 3323 3325 -1 3319 3355 3378 -1 3379 3376 3375 -1 3338 3380 3357 -1 3339 3381 3331 -1 3321 3339 3331 -1 3382 3361 3362 -1 3357 3362 3358 -1 3380 3383 3357 -1 3277 3384 3355 -1 3385 3379 3375 -1 3363 3339 3334 -1 3386 3377 3361 -1 3382 3386 3361 -1 3340 3319 3378 -1 3328 3284 3350 -1 3350 3290 3387 -1 3290 3291 3387 -1 3329 3351 3292 -1 3329 3330 3388 -1 3367 3331 3381 -1 3376 3364 3365 -1 3375 3370 3377 -1 3385 3375 3377 -1 3389 3379 3385 -1 3277 3356 3384 -1 3338 3341 3380 -1 3364 3376 3390 -1 3383 3391 3362 -1 3383 3362 3357 -1 3389 3385 3392 -1 3353 3364 3393 -1 3340 3394 3320 -1 3385 3377 3395 -1 3386 3395 3377 -1 3326 3327 3342 -1 3360 3303 3396 -1 3305 3279 3397 -1 3363 3359 3398 -1 3388 3330 3367 -1 3377 3373 3361 -1 3389 3376 3379 -1 3355 3384 3356 -1 3382 3399 3386 -1 3400 3401 3362 -1 3391 3400 3362 -1 3382 3362 3401 -1 3402 3386 3399 -1 3387 3291 3403 -1 3395 3392 3385 -1 3395 3386 3402 -1 3404 3405 3406 -1 3406 3407 3408 -1 3406 3408 3404 -1 3339 3363 3409 -1 3359 3352 3410 -1 3401 3400 3411 -1 3400 3391 3411 -1 3387 3403 3412 -1 3410 3398 3359 -1 3401 3399 3382 -1 3401 3411 3413 -1 3380 3341 3414 -1 3415 3416 3340 -1 3340 3378 3415 -1 3378 3355 3356 -1 3356 3305 3397 -1 3328 3397 3279 -1 3406 3417 3407 -1 3404 3408 3418 -1 3352 3353 3419 -1 3393 3419 3353 -1 3364 3390 3393 -1 3420 3340 3416 -1 3392 3395 3421 -1 3380 3414 3383 -1 3422 3423 3341 -1 3326 3342 3422 -1 3397 3328 3350 -1 3403 3291 3351 -1 3329 3388 3424 -1 3417 3425 3407 -1 3404 3418 3426 -1 3427 3428 3408 -1 3363 3398 3409 -1 3352 3419 3429 -1 3414 3413 3383 -1 3399 3401 3430 -1 3398 3410 3431 -1 3391 3383 3413 -1 3391 3413 3411 -1 3432 3390 3433 -1 3376 3433 3390 -1 3341 3326 3422 -1 3422 3342 3434 -1 3360 3434 3342 -1 3360 3396 3435 -1 3378 3356 3415 -1 3381 3339 3436 -1 3437 3329 3424 -1 3406 3405 3438 -1 3438 3439 3406 -1 3417 3406 3439 -1 3440 3405 3404 -1 3418 3408 3428 -1 3425 3408 3407 -1 3427 3408 3425 -1 3429 3410 3352 -1 3393 3390 3432 -1 3401 3413 3430 -1 3412 3441 3387 -1 3442 3419 3393 -1 3433 3376 3443 -1 3389 3392 3443 -1 3395 3402 3421 -1 3402 3399 3444 -1 3341 3423 3414 -1 3422 3434 3445 -1 3360 3435 3434 -1 3446 3415 3356 -1 3446 3356 3397 -1 3350 3447 3397 -1 3412 3403 3441 -1 3403 3448 3441 -1 3351 3448 3403 -1 3351 3329 3437 -1 3449 3404 3426 -1 3427 3450 3451 -1 3425 3450 3427 -1 3398 3452 3409 -1 3446 3397 3447 -1 3453 3413 3414 -1 3454 3413 3453 -1 3431 3455 3456 -1 3410 3455 3431 -1 3457 3455 3410 -1 3429 3457 3410 -1 3457 3429 3419 -1 3376 3389 3443 -1 3421 3458 3392 -1 3453 3414 3459 -1 3423 3459 3414 -1 3351 3437 3448 -1 3388 3367 3460 -1 3451 3425 3461 -1 3425 3451 3450 -1 3404 3449 3440 -1 3426 3418 3462 -1 3452 3398 3431 -1 3463 3456 3464 -1 3413 3454 3430 -1 3465 3367 3466 -1 3467 3420 3416 -1 3447 3468 3446 -1 3439 3461 3417 -1 3425 3417 3461 -1 3469 3470 3471 -1 3418 3428 3472 -1 3350 3473 3447 -1 3474 3409 3452 -1 3409 3474 3339 -1 3475 3457 3419 -1 3393 3432 3442 -1 3421 3402 3476 -1 3459 3423 3477 -1 3422 3445 3478 -1 3460 3367 3465 -1 3479 3463 3464 -1 3430 3454 3480 -1 3481 3470 3461 -1 3461 3469 3451 -1 3482 3471 3483 -1 3469 3471 3482 -1 3484 3426 3485 -1 3426 3484 3449 -1 3462 3486 3426 -1 3486 3485 3426 -1 3418 3472 3462 -1 3427 3451 3487 -1 3428 3427 3488 -1 3350 3387 3489 -1 3387 3441 3489 -1 3381 3436 3466 -1 3441 3448 3490 -1 3437 3424 3491 -1 3474 3452 3492 -1 3339 3474 3436 -1 3466 3367 3381 -1 3452 3431 3492 -1 3456 3463 3493 -1 3456 3455 3464 -1 3464 3455 3494 -1 3494 3457 3495 -1 3455 3457 3494 -1 3495 3457 3475 -1 3442 3475 3419 -1 3433 3443 3496 -1 3392 3458 3497 -1 3458 3421 3476 -1 3476 3402 3444 -1 3444 3399 3430 -1 3445 3434 3435 -1 3461 3470 3469 -1 3424 3388 3460 -1 3471 3479 3483 -1 3453 3480 3454 -1 3490 3448 3498 -1 3424 3460 3499 -1 3500 3501 3502 -1 3503 3504 3505 -1 3405 3440 3438 -1 3439 3438 3506 -1 3506 3461 3439 -1 3503 3507 3508 -1 3509 3481 3510 -1 3481 3509 3470 -1 3508 3507 3511 -1 3451 3469 3487 -1 3479 3471 3512 -1 3513 3514 3502 -1 3493 3463 3479 -1 3483 3479 3464 -1 3515 3511 3507 -1 3516 3427 3487 -1 3517 3518 3515 -1 3488 3427 3516 -1 3511 3515 3518 -1 3456 3493 3519 -1 3431 3456 3519 -1 3519 3492 3431 -1 3520 3464 3521 -1 3464 3494 3521 -1 3495 3475 3442 -1 3432 3433 3496 -1 3497 3458 3522 -1 3443 3392 3497 -1 3476 3444 3523 -1 3444 3430 3523 -1 3423 3422 3478 -1 3478 3477 3423 -1 3350 3489 3473 -1 3489 3441 3524 -1 3466 3436 3474 -1 3448 3437 3498 -1 3491 3424 3499 -1 3499 3460 3465 -1 3500 3502 3525 -1 3437 3491 3526 -1 3527 3528 3529 -1 3500 3530 3501 -1 3531 3525 3502 -1 3532 3533 3534 -1 3535 3536 3440 -1 3503 3537 3507 -1 3506 3438 3536 -1 3538 3481 3506 -1 3507 3539 3515 -1 3502 3540 3531 -1 3536 3438 3440 -1 3540 3502 3514 -1 3461 3506 3481 -1 3541 3540 3514 -1 3469 3482 3487 -1 3542 3541 3514 -1 3514 3543 3542 -1 3509 3512 3470 -1 3471 3470 3512 -1 3512 3493 3479 -1 3483 3464 3520 -1 3544 3545 3546 -1 3544 3546 3547 -1 3535 3440 3449 -1 3547 3546 3548 -1 3535 3449 3484 -1 3484 3549 3535 -1 3550 3545 3543 -1 3549 3484 3485 -1 3472 3428 3488 -1 3495 3521 3494 -1 3547 3548 3551 -1 3551 3548 3552 -1 3443 3497 3496 -1 3552 3553 3551 -1 3554 3553 3552 -1 3459 3480 3453 -1 3445 3435 3555 -1 3556 3554 3529 -1 3557 3529 3554 -1 3529 3557 3527 -1 3527 3557 3558 -1 3559 3505 3504 -1 3560 3561 3562 -1 3562 3563 3560 -1 3564 3558 3565 -1 3564 3565 3533 -1 3558 3566 3565 -1 3533 3565 3534 -1 3566 3567 3568 -1 3569 3416 3415 -1 3415 3446 3569 -1 3473 3468 3447 -1 3570 3571 3572 -1 3501 3504 3503 -1 3501 3503 3513 -1 3502 3501 3513 -1 3573 3514 3513 -1 3513 3503 3508 -1 3508 3573 3513 -1 3573 3508 3574 -1 3514 3573 3550 -1 3543 3514 3550 -1 3575 3550 3573 -1 3575 3576 3550 -1 3573 3574 3575 -1 3575 3574 3577 -1 3575 3577 3578 -1 3576 3575 3578 -1 3550 3546 3545 -1 3546 3550 3579 -1 3576 3579 3550 -1 3579 3576 3580 -1 3576 3578 3580 -1 3580 3578 3581 -1 3508 3511 3574 -1 3577 3511 3518 -1 3577 3518 3582 -1 3577 3574 3511 -1 3582 3583 3584 -1 3577 3582 3584 -1 3577 3584 3585 -1 3578 3577 3585 -1 3581 3578 3585 -1 3585 3584 3586 -1 3587 3584 3583 -1 3579 3548 3546 -1 3548 3579 3588 -1 3580 3588 3579 -1 3548 3588 3589 -1 3590 3588 3580 -1 3591 3589 3588 -1 3590 3591 3588 -1 3589 3552 3548 -1 3552 3557 3554 -1 3589 3557 3552 -1 3592 3591 3590 -1 3591 3592 3561 -1 3589 3591 3557 -1 3557 3591 3560 -1 3561 3560 3591 -1 3558 3557 3566 -1 3557 3560 3566 -1 3567 3560 3563 -1 3565 3566 3568 -1 3534 3565 3568 -1 3566 3560 3567 -1 3581 3590 3580 -1 3592 3590 3581 -1 3581 3593 3592 -1 3593 3594 3592 -1 3594 3561 3592 -1 3594 3593 3595 -1 3594 3595 3596 -1 3597 3594 3598 -1 3596 3598 3594 -1 3595 3599 3596 -1 3600 3596 3599 -1 3600 3601 3596 -1 3602 3603 3604 -1 3604 3605 3572 -1 3572 3605 3570 -1 3571 3602 3572 -1 3526 3606 3437 -1 3547 3607 3544 -1 3526 3608 3609 -1 3498 3437 3606 -1 3610 3547 3611 -1 3534 3612 3532 -1 3528 3527 3613 -1 3477 3614 3615 -1 3616 3489 3524 -1 3601 3604 3617 -1 3618 3619 3620 -1 3619 3602 3620 -1 3603 3617 3604 -1 3618 3620 3536 -1 3602 3619 3603 -1 3536 3621 3618 -1 3621 3536 3535 -1 3506 3536 3538 -1 3510 3622 3509 -1 3493 3512 3622 -1 3467 3569 3623 -1 3569 3467 3416 -1 3481 3538 3510 -1 3509 3622 3512 -1 3487 3482 3624 -1 3569 3446 3625 -1 3468 3625 3446 -1 3520 3482 3483 -1 3626 3625 3468 -1 3482 3520 3627 -1 3549 3628 3629 -1 3626 3468 3473 -1 3629 3535 3549 -1 3473 3616 3626 -1 3473 3489 3616 -1 3630 3616 3524 -1 3441 3490 3524 -1 3631 3632 3633 -1 3628 3549 3634 -1 3635 3628 3634 -1 3549 3636 3634 -1 3549 3485 3486 -1 3549 3486 3636 -1 3634 3636 3637 -1 3638 3631 3608 -1 3639 3634 3637 -1 3638 3608 3640 -1 3638 3640 3641 -1 3505 3559 3642 -1 3643 3641 3644 -1 3644 3641 3645 -1 3641 3640 3645 -1 3646 3644 3645 -1 3499 3647 3648 -1 3474 3647 3466 -1 3499 3465 3647 -1 3647 3465 3466 -1 3503 3505 3642 -1 3537 3503 3642 -1 3646 3647 3492 -1 3649 3507 3537 -1 3492 3647 3474 -1 3442 3432 3650 -1 3522 3458 3651 -1 3523 3430 3652 -1 3480 3652 3430 -1 3459 3477 3615 -1 3615 3480 3459 -1 3477 3478 3614 -1 3653 3614 3478 -1 3478 3445 3653 -1 3653 3445 3555 -1 3654 3587 3655 -1 3587 3654 3656 -1 3534 3568 3612 -1 3657 3656 3658 -1 3547 3551 3611 -1 3659 3611 3551 -1 3659 3551 3553 -1 3553 3554 3660 -1 3660 3554 3556 -1 3529 3528 3556 -1 3661 3527 3558 -1 3558 3564 3661 -1 3662 3567 3663 -1 3664 3663 3567 -1 3567 3563 3664 -1 3664 3563 3562 -1 3567 3665 3568 -1 3665 3567 3662 -1 3666 3667 3668 -1 3668 3599 3666 -1 3632 3669 3670 -1 3671 3672 3673 -1 3562 3671 3674 -1 3673 3672 3675 -1 3490 3609 3630 -1 3609 3490 3606 -1 3609 3606 3526 -1 3648 3491 3499 -1 3606 3490 3498 -1 3676 3532 3612 -1 3677 3615 3614 -1 3607 3678 3544 -1 3547 3610 3607 -1 3598 3601 3679 -1 3680 3681 3682 -1 3679 3601 3617 -1 3679 3617 3683 -1 3683 3617 3603 -1 3683 3603 3619 -1 3683 3619 3684 -1 3685 3686 3687 -1 3685 3688 3686 -1 3684 3618 3621 -1 3684 3619 3618 -1 3629 3621 3535 -1 3689 3629 3628 -1 3462 3472 3486 -1 3472 3690 3486 -1 3472 3691 3690 -1 3691 3472 3488 -1 3635 3692 3628 -1 3693 3694 3670 -1 3670 3694 3633 -1 3670 3633 3632 -1 3639 3635 3634 -1 3636 3486 3690 -1 3487 3624 3695 -1 3695 3516 3487 -1 3696 3633 3694 -1 3631 3633 3696 -1 3488 3516 3691 -1 3691 3516 3697 -1 3625 3623 3569 -1 3626 3698 3625 -1 3626 3616 3699 -1 3630 3524 3490 -1 3526 3640 3608 -1 3616 3630 3608 -1 3608 3630 3609 -1 3526 3491 3648 -1 3637 3700 3639 -1 3701 3700 3702 -1 3701 3702 3703 -1 3702 3704 3705 -1 3705 3703 3702 -1 3706 3705 3707 -1 3703 3705 3708 -1 3525 3531 3709 -1 3709 3531 3540 -1 3541 3542 3710 -1 3520 3521 3711 -1 3496 3650 3432 -1 3522 3650 3497 -1 3650 3496 3497 -1 3712 3458 3476 -1 3476 3523 3712 -1 3713 3656 3654 -1 3658 3656 3713 -1 3658 3714 3657 -1 3659 3553 3715 -1 3527 3661 3613 -1 3664 3562 3674 -1 3667 3657 3714 -1 3714 3716 3667 -1 3717 3667 3716 -1 3667 3717 3668 -1 3693 3668 3717 -1 3668 3693 3718 -1 3670 3718 3693 -1 3671 3673 3675 -1 3674 3671 3675 -1 3598 3675 3672 -1 3568 3665 3612 -1 3719 3612 3662 -1 3720 3719 3721 -1 3722 3720 3723 -1 3724 3682 3681 -1 3629 3689 3621 -1 3622 3571 3570 -1 3510 3538 3571 -1 3622 3510 3571 -1 3725 3622 3726 -1 3493 3622 3725 -1 3519 3493 3725 -1 3690 3637 3636 -1 3690 3702 3637 -1 3704 3702 3690 -1 3691 3704 3690 -1 3727 3704 3691 -1 3482 3627 3624 -1 3624 3627 3728 -1 3627 3520 3711 -1 3584 3587 3586 -1 3586 3729 3585 -1 3700 3637 3702 -1 3656 3586 3587 -1 3586 3656 3657 -1 3704 3707 3705 -1 3729 3586 3657 -1 3581 3585 3593 -1 3585 3729 3593 -1 3729 3595 3593 -1 3597 3561 3594 -1 3561 3597 3672 -1 3725 3646 3492 -1 3492 3519 3725 -1 3667 3729 3657 -1 3667 3666 3729 -1 3730 3711 3521 -1 3729 3666 3599 -1 3595 3729 3599 -1 3731 3730 3521 -1 3599 3668 3718 -1 3521 3495 3731 -1 3600 3599 3669 -1 3442 3650 3495 -1 3731 3495 3650 -1 3599 3718 3669 -1 3718 3670 3669 -1 3561 3671 3562 -1 3672 3671 3561 -1 3598 3672 3597 -1 3601 3598 3596 -1 3571 3620 3602 -1 3605 3601 3600 -1 3669 3605 3600 -1 3601 3605 3604 -1 3669 3632 3643 -1 3669 3726 3605 -1 3572 3602 3604 -1 3605 3726 3570 -1 3726 3622 3570 -1 3696 3699 3631 -1 3631 3699 3616 -1 3669 3643 3726 -1 3643 3632 3638 -1 3632 3631 3638 -1 3643 3638 3641 -1 3616 3608 3631 -1 3640 3526 3648 -1 3726 3643 3644 -1 3726 3644 3646 -1 3726 3646 3725 -1 3648 3645 3640 -1 3647 3645 3648 -1 3646 3645 3647 -1 3612 3665 3662 -1 3720 3732 3723 -1 3733 3724 3723 -1 3733 3682 3724 -1 3732 3689 3628 -1 3680 3682 3685 -1 3733 3685 3682 -1 3692 3685 3733 -1 3732 3628 3733 -1 3628 3692 3733 -1 3571 3538 3620 -1 3620 3538 3536 -1 3623 3625 3734 -1 3735 3642 3559 -1 3734 3625 3698 -1 3612 3719 3676 -1 3736 3623 3734 -1 3635 3737 3692 -1 3639 3738 3635 -1 3695 3697 3516 -1 3728 3627 3739 -1 3627 3711 3739 -1 3697 3740 3741 -1 3639 3700 3738 -1 3742 3700 3701 -1 3743 3701 3703 -1 3708 3743 3703 -1 3704 3744 3745 -1 3746 3747 3748 -1 3706 3746 3748 -1 3709 3541 3710 -1 3541 3709 3540 -1 3749 3537 3642 -1 3739 3711 3750 -1 3545 3544 3678 -1 3730 3750 3711 -1 3751 3650 3651 -1 3522 3651 3650 -1 3652 3480 3752 -1 3480 3615 3752 -1 3752 3615 3677 -1 3556 3528 3753 -1 3753 3528 3613 -1 3754 3661 3564 -1 3716 3714 3755 -1 3756 3717 3716 -1 3679 3675 3598 -1 3683 3675 3679 -1 3757 3623 3736 -1 3758 3759 3699 -1 3699 3696 3758 -1 3694 3760 3696 -1 3759 3698 3626 -1 3759 3626 3699 -1 3662 3721 3719 -1 3722 3719 3720 -1 3761 3722 3724 -1 3724 3722 3723 -1 3762 3761 3724 -1 3762 3681 3763 -1 3681 3762 3724 -1 3681 3764 3763 -1 3688 3692 3737 -1 3760 3765 3696 -1 3698 3766 3734 -1 3737 3635 3767 -1 3739 3741 3740 -1 3742 3701 3743 -1 3768 3769 3770 -1 3651 3458 3712 -1 3523 3652 3771 -1 3530 3500 3772 -1 3500 3525 3772 -1 3773 3774 3775 -1 3773 3775 3776 -1 3747 3776 3777 -1 3542 3778 3710 -1 3752 3771 3652 -1 3677 3779 3752 -1 3780 3781 3658 -1 3714 3658 3781 -1 3659 3610 3611 -1 3553 3660 3715 -1 3715 3660 3753 -1 3660 3556 3753 -1 3613 3661 3782 -1 3564 3533 3783 -1 3755 3714 3781 -1 3756 3784 3717 -1 3693 3717 3784 -1 3785 3693 3784 -1 3757 3786 3787 -1 3786 3757 3736 -1 3785 3788 3693 -1 3693 3788 3694 -1 3722 3761 3789 -1 3688 3737 3790 -1 3686 3688 3790 -1 3791 3621 3792 -1 3792 3721 3791 -1 3792 3621 3689 -1 3732 3792 3689 -1 3695 3740 3697 -1 3695 3624 3728 -1 3740 3695 3728 -1 3728 3739 3740 -1 3691 3697 3727 -1 3727 3697 3741 -1 3727 3741 3744 -1 3750 3741 3739 -1 3741 3750 3793 -1 3741 3793 3744 -1 3773 3744 3793 -1 3704 3745 3707 -1 3744 3704 3727 -1 3794 3745 3744 -1 3746 3707 3745 -1 3745 3794 3746 -1 3773 3794 3744 -1 3794 3773 3747 -1 3791 3662 3663 -1 3776 3747 3773 -1 3707 3746 3706 -1 3747 3746 3794 -1 3747 3777 3748 -1 3674 3675 3795 -1 3675 3683 3795 -1 3795 3664 3674 -1 3663 3664 3791 -1 3795 3791 3664 -1 3684 3791 3795 -1 3795 3683 3684 -1 3748 3777 3796 -1 3750 3730 3769 -1 3730 3731 3797 -1 3797 3769 3730 -1 3731 3650 3751 -1 3797 3731 3751 -1 3768 3793 3750 -1 3769 3768 3750 -1 3768 3773 3793 -1 3768 3774 3773 -1 3776 3796 3777 -1 3721 3662 3791 -1 3721 3732 3720 -1 3732 3721 3792 -1 3723 3732 3733 -1 3685 3692 3688 -1 3791 3684 3621 -1 3696 3765 3758 -1 3736 3734 3766 -1 3798 3759 3758 -1 3799 3789 3761 -1 3767 3790 3737 -1 3790 3800 3686 -1 3742 3801 3700 -1 3735 3559 3802 -1 3803 3797 3804 -1 3805 3768 3770 -1 3712 3751 3651 -1 3523 3806 3712 -1 3806 3523 3771 -1 3776 3775 3796 -1 3771 3752 3779 -1 3677 3614 3807 -1 3614 3653 3808 -1 3809 3810 3811 -1 3808 3653 3555 -1 3772 3812 3530 -1 3772 3525 3813 -1 3749 3642 3735 -1 3542 3543 3778 -1 3543 3545 3778 -1 3654 3655 3814 -1 3654 3814 3815 -1 3713 3654 3815 -1 3754 3564 3783 -1 3533 3532 3783 -1 3798 3816 3698 -1 3698 3759 3798 -1 3694 3788 3760 -1 3763 3817 3762 -1 3817 3763 3764 -1 3767 3635 3818 -1 3738 3700 3801 -1 3819 3801 3742 -1 3751 3804 3797 -1 3804 3751 3806 -1 3804 3806 3803 -1 3751 3712 3806 -1 3803 3806 3771 -1 3810 3809 3820 -1 3803 3771 3779 -1 3779 3805 3803 -1 3677 3807 3779 -1 3807 3614 3808 -1 3810 3807 3808 -1 3810 3808 3811 -1 3821 3811 3808 -1 3821 3808 3555 -1 3813 3525 3709 -1 3545 3678 3822 -1 3607 3610 3678 -1 3658 3713 3815 -1 3780 3658 3815 -1 3823 3659 3715 -1 3824 3753 3613 -1 3661 3754 3782 -1 3786 3736 3825 -1 3766 3698 3816 -1 3783 3532 3676 -1 3826 3719 3722 -1 3676 3719 3826 -1 3635 3738 3818 -1 3769 3797 3770 -1 3797 3803 3770 -1 3803 3805 3770 -1 3805 3774 3768 -1 3774 3805 3827 -1 3827 3779 3820 -1 3805 3779 3827 -1 3775 3828 3796 -1 3827 3775 3774 -1 3775 3827 3809 -1 3809 3827 3820 -1 3809 3828 3775 -1 3829 3828 3809 -1 3779 3807 3820 -1 3807 3810 3820 -1 3811 3829 3809 -1 3830 3659 3823 -1 3824 3831 3753 -1 3782 3754 3832 -1 3826 3789 3833 -1 3722 3789 3826 -1 3762 3799 3761 -1 3834 3825 3736 -1 3736 3766 3834 -1 3738 3801 3835 -1 3819 3742 3743 -1 3813 3836 3772 -1 3837 3813 3709 -1 3709 3710 3837 -1 3610 3838 3678 -1 3715 3753 3831 -1 3613 3782 3839 -1 3754 3783 3840 -1 3756 3716 3841 -1 3817 3764 3842 -1 3816 3798 3843 -1 3785 3844 3788 -1 3844 3760 3788 -1 3798 3758 3765 -1 3843 3798 3765 -1 3845 3835 3801 -1 3801 3819 3845 -1 3837 3710 3846 -1 3710 3778 3846 -1 3545 3822 3778 -1 3818 3738 3835 -1 3676 3840 3783 -1 3847 3812 3772 -1 3836 3847 3772 -1 3789 3799 3833 -1 3762 3817 3799 -1 3800 3790 3848 -1 3790 3767 3849 -1 3815 3850 3780 -1 3659 3838 3610 -1 3781 3851 3755 -1 3785 3784 3852 -1 3853 3765 3760 -1 3816 3843 3766 -1 3826 3854 3676 -1 3855 3856 3857 -1 3826 3833 3858 -1 3859 3836 3813 -1 3813 3837 3859 -1 3860 3735 3802 -1 3848 3790 3849 -1 3849 3767 3818 -1 3861 3822 3678 -1 3862 3800 3848 -1 3838 3659 3830 -1 3824 3613 3839 -1 3839 3782 3832 -1 3832 3754 3863 -1 3756 3852 3784 -1 3786 3825 3864 -1 3760 3844 3853 -1 3843 3865 3766 -1 3822 3846 3778 -1 3815 3814 3866 -1 3716 3755 3841 -1 3855 3857 3867 -1 3799 3817 3868 -1 3857 3856 3869 -1 3870 3869 3856 -1 3870 3871 3869 -1 3859 3837 3846 -1 3871 3872 3869 -1 3872 3871 3873 -1 3678 3838 3861 -1 3780 3874 3781 -1 3831 3823 3715 -1 3831 3824 3875 -1 3839 3875 3824 -1 3863 3754 3840 -1 3852 3844 3785 -1 3787 3786 3876 -1 3864 3876 3786 -1 3843 3765 3877 -1 3864 3825 3834 -1 3834 3766 3865 -1 3869 3872 3878 -1 3855 3879 3856 -1 3880 3836 3859 -1 3854 3840 3676 -1 3842 3881 3817 -1 3881 3842 3882 -1 3870 3883 3871 -1 3849 3818 3884 -1 3885 3822 3861 -1 3871 3883 3873 -1 3872 3873 3886 -1 3815 3866 3887 -1 3815 3887 3850 -1 3851 3781 3874 -1 3838 3830 3888 -1 3864 3834 3889 -1 3890 3844 3852 -1 3765 3853 3891 -1 3835 3884 3818 -1 3845 3884 3835 -1 3880 3847 3836 -1 3846 3822 3885 -1 3879 3870 3856 -1 3857 3869 3878 -1 3886 3892 3872 -1 3859 3846 3893 -1 3854 3826 3858 -1 3863 3839 3832 -1 3833 3799 3868 -1 3755 3851 3841 -1 3894 3756 3841 -1 3868 3817 3881 -1 3884 3895 3849 -1 3896 3864 3897 -1 3853 3844 3898 -1 3877 3765 3891 -1 3899 3843 3877 -1 3900 3834 3865 -1 3884 3845 3895 -1 3872 3892 3878 -1 3901 3880 3859 -1 3902 3883 3870 -1 3859 3893 3903 -1 3838 3888 3861 -1 3858 3833 3868 -1 3887 3866 3904 -1 3886 3873 3905 -1 3906 3886 3905 -1 3907 3830 3823 -1 3863 3840 3908 -1 3874 3909 3851 -1 3909 3841 3851 -1 3852 3756 3894 -1 3910 3852 3894 -1 3911 3852 3910 -1 3889 3834 3900 -1 3890 3852 3911 -1 3844 3890 3898 -1 3891 3853 3898 -1 3843 3899 3865 -1 3857 3912 3867 -1 3901 3859 3903 -1 3902 3870 3879 -1 3893 3846 3885 -1 3886 3906 3892 -1 3874 3780 3913 -1 3780 3850 3913 -1 3905 3873 3883 -1 3883 3914 3905 -1 3907 3823 3915 -1 3823 3831 3915 -1 3831 3875 3915 -1 3875 3839 3916 -1 3854 3908 3840 -1 3854 3858 3917 -1 3913 3909 3874 -1 3909 3918 3894 -1 3909 3894 3841 -1 3896 3876 3864 -1 3897 3889 3919 -1 3864 3889 3897 -1 3899 3920 3865 -1 3885 3921 3922 -1 3923 3885 3861 -1 3888 3923 3861 -1 3905 3924 3906 -1 3907 3925 3830 -1 3839 3863 3916 -1 3889 3926 3919 -1 3900 3926 3889 -1 3900 3920 3927 -1 3865 3920 3900 -1 3928 3901 3903 -1 3929 3867 3912 -1 3930 3902 3931 -1 3932 3930 3931 -1 3903 3893 3922 -1 3885 3922 3893 -1 3914 3883 3930 -1 3925 3888 3830 -1 3913 3918 3909 -1 3933 3918 3913 -1 3928 3922 3932 -1 3885 3923 3921 -1 3913 3850 3934 -1 3905 3935 3936 -1 3935 3905 3914 -1 3924 3905 3936 -1 3888 3925 3923 -1 3937 3917 3858 -1 3858 3868 3938 -1 3868 3881 3882 -1 3915 3875 3916 -1 3916 3863 3908 -1 3910 3894 3918 -1 3939 3876 3896 -1 3877 3940 3899 -1 3932 3922 3921 -1 3892 3906 3941 -1 3908 3942 3916 -1 3943 3918 3944 -1 3918 3911 3910 -1 3911 3918 3943 -1 3934 3945 3946 -1 3896 3897 3919 -1 3926 3900 3947 -1 3900 3927 3947 -1 3948 3898 3949 -1 3891 3898 3948 -1 3948 3877 3891 -1 3940 3920 3899 -1 3879 3931 3902 -1 3932 3931 3928 -1 3903 3922 3928 -1 3912 3950 3929 -1 3930 3932 3951 -1 3930 3951 3914 -1 3892 3952 3878 -1 3908 3854 3917 -1 3938 3937 3858 -1 3938 3868 3953 -1 3951 3932 3921 -1 3913 3934 3954 -1 3914 3951 3955 -1 3921 3955 3951 -1 3923 3955 3921 -1 3892 3956 3952 -1 3924 3941 3906 -1 3907 3957 3925 -1 3907 3915 3957 -1 3942 3908 3958 -1 3882 3953 3868 -1 3944 3918 3959 -1 3939 3896 3960 -1 3940 3877 3948 -1 3934 3946 3954 -1 3923 3925 3955 -1 3925 3961 3955 -1 3962 3963 3924 -1 3924 3936 3962 -1 3925 3957 3961 -1 3915 3916 3957 -1 3957 3916 3942 -1 3896 3964 3960 -1 3964 3896 3919 -1 3959 3965 3944 -1 3966 3926 3947 -1 3947 3927 3966 -1 3890 3911 3967 -1 3898 3890 3967 -1 3892 3941 3956 -1 3933 3913 3954 -1 3914 3955 3935 -1 3917 3958 3908 -1 3968 3933 3954 -1 3963 3962 3969 -1 3963 3969 3970 -1 3962 3936 3969 -1 3937 3971 3917 -1 3972 3946 3973 -1 3974 3953 3975 -1 3882 3975 3953 -1 3959 3933 3968 -1 3965 3959 3976 -1 3944 3965 3977 -1 3978 3919 3926 -1 3966 3978 3926 -1 3967 3911 3943 -1 3943 3977 3967 -1 3967 3979 3898 -1 3949 3898 3979 -1 3920 3980 3927 -1 3940 3948 3981 -1 3936 3982 3969 -1 3983 3969 3982 -1 3942 3984 3957 -1 3985 3986 3987 -1 3970 3988 3963 -1 3942 3989 3984 -1 3987 3990 3991 -1 3938 3971 3937 -1 3958 3917 3971 -1 3973 3992 3972 -1 3973 3960 3992 -1 3964 3992 3960 -1 3993 3964 3919 -1 3968 3972 3976 -1 3976 3959 3968 -1 3977 3965 3994 -1 3980 3995 3966 -1 3977 3979 3967 -1 3980 3966 3927 -1 3980 3920 3940 -1 3940 3981 3980 -1 3948 3949 3981 -1 3955 3996 3935 -1 3997 3996 3955 -1 3955 3961 3997 -1 3997 3961 3998 -1 3935 3999 3936 -1 3956 3941 4000 -1 3999 3935 3996 -1 3941 3924 3963 -1 3958 3989 3942 -1 3971 3938 4001 -1 3954 3946 3968 -1 3953 3974 4001 -1 3972 3968 3946 -1 3944 3977 3943 -1 3986 3990 3987 -1 4002 3983 3982 -1 3985 3987 4003 -1 3991 4003 3987 -1 3957 3984 3961 -1 4004 3958 3971 -1 3970 3969 3983 -1 3970 3983 3985 -1 3985 3983 3986 -1 3972 3992 4005 -1 3993 4005 3992 -1 3964 3993 3992 -1 3965 3976 3994 -1 3978 3966 3995 -1 3978 3993 3919 -1 3977 3994 3979 -1 4006 3961 3984 -1 4002 3986 3983 -1 3970 3985 4007 -1 4003 4008 3985 -1 3988 3970 4009 -1 3989 4006 3984 -1 4010 4006 3989 -1 4011 3990 4012 -1 3958 4004 4010 -1 4013 3995 3980 -1 3979 4013 3949 -1 3994 4013 3979 -1 3949 4013 3981 -1 3981 4013 3980 -1 3991 4014 4003 -1 4015 4000 4016 -1 3998 3996 3997 -1 3998 4017 3996 -1 4015 4016 4018 -1 3996 4017 3999 -1 4016 4000 4019 -1 4019 4000 3941 -1 4019 3941 3988 -1 3941 3963 3988 -1 3961 4006 3998 -1 3990 4011 3991 -1 4004 3971 4020 -1 4010 3989 3958 -1 4020 4001 4021 -1 4001 4020 3971 -1 4022 4001 3974 -1 3976 3972 4023 -1 3993 3978 4024 -1 4023 3994 3976 -1 4025 4014 4026 -1 4027 4012 3990 -1 4023 3972 4005 -1 3993 4023 4005 -1 3970 4007 4009 -1 4024 3994 4023 -1 3994 4024 4013 -1 3995 4024 3978 -1 4013 4024 3995 -1 4025 4028 4014 -1 3986 4027 3990 -1 3988 4009 4019 -1 4029 4004 4020 -1 4030 4031 4025 -1 4012 4032 4021 -1 4008 4014 4028 -1 4014 4008 4003 -1 4029 4020 4021 -1 4033 4034 4011 -1 4012 4033 4011 -1 4035 4033 4012 -1 4014 3991 4011 -1 4030 4025 4026 -1 4035 4001 4022 -1 4021 4035 4012 -1 4035 4021 4001 -1 4026 4014 4034 -1 4014 4011 4034 -1 3974 4036 4022 -1 3999 4017 4037 -1 4037 3982 3999 -1 4017 3998 4038 -1 4037 4017 4038 -1 3982 4037 4002 -1 4039 4038 3998 -1 4006 4039 3998 -1 4006 4010 4039 -1 4037 4040 4002 -1 4008 4007 3985 -1 3986 4002 4027 -1 4024 4023 3993 -1 4016 4041 4018 -1 4027 4032 4012 -1 4031 4042 4043 -1 4032 4029 4021 -1 4041 4016 4044 -1 4016 4019 4044 -1 4031 4030 4042 -1 4009 4044 4019 -1 4031 4028 4025 -1 4033 4045 4034 -1 4022 4033 4035 -1 4043 4042 4046 -1 4041 4043 4046 -1 4045 4033 4022 -1 4044 4031 4041 -1 4044 4009 4007 -1 4007 4047 4044 -1 4031 4043 4041 -1 4031 4047 4028 -1 4044 4047 4031 -1 4047 4007 4028 -1 4028 4007 4008 -1 4037 4038 4040 -1 4027 4002 4040 -1 4032 4027 4040 -1 4039 4010 4048 -1 4038 4039 4048 -1 4048 4040 4038 -1 4048 4010 4004 -1 4004 4029 4048 -1 4032 4048 4029 -1 4040 4048 4032 -1 4049 3929 3950 -1 3918 3933 3959 -1 3953 4001 3938 -1 3982 3936 3999 -1 3930 3883 3902 -1 4050 4051 4052 -1 4053 4054 4051 -1 4052 4051 4054 -1 4055 4056 4052 -1 4055 4054 4057 -1 4054 4058 4057 -1 4054 4055 4052 -1 4057 4058 4059 -1 4060 4061 4062 -1 4063 4064 4065 -1 4064 4066 4067 -1 4066 4064 4068 -1 4065 4069 4070 -1 4071 4072 4073 -1 4074 4075 4076 -1 4069 4065 4077 -1 4078 4079 4080 -1 4081 4077 4065 -1 4073 4082 4071 -1 4079 4083 4084 -1 4074 4076 4085 -1 4074 4086 4087 -1 4082 4088 4071 -1 4089 4090 4091 -1 4092 4093 4091 -1 4092 4091 4090 -1 4074 4094 4095 -1 4095 4086 4074 -1 4096 4097 4088 -1 4097 4096 4090 -1 4092 4090 4098 -1 4090 4096 4098 -1 4088 4097 4071 -1 4094 4099 4095 -1 4100 4099 4101 -1 4095 4099 4100 -1 4102 4086 4095 -1 4103 4051 4104 -1 4105 4106 4107 -1 4106 4105 4108 -1 4104 4051 4050 -1 4052 4056 4050 -1 4106 4108 4056 -1 4106 4056 4109 -1 4109 4107 4106 -1 4109 4056 4055 -1 4055 4110 4109 -1 4111 4109 4110 -1 4112 4109 4111 -1 4112 4111 4113 -1 4110 4055 4114 -1 4114 4055 4057 -1 4115 4116 4058 -1 4059 4058 4116 -1 4116 4117 4059 -1 4059 4114 4057 -1 4059 4118 4114 -1 4119 4113 4111 -1 4083 4079 4061 -1 4060 4083 4061 -1 4062 4061 4120 -1 4120 4121 4062 -1 4122 4062 4121 -1 4060 4062 4123 -1 4062 4122 4124 -1 4083 4070 4084 -1 4070 4083 4060 -1 4065 4070 4063 -1 4064 4081 4065 -1 4125 4081 4064 -1 4125 4064 4067 -1 4126 4125 4127 -1 4125 4067 4127 -1 4127 4067 4128 -1 4127 4128 4129 -1 4130 4089 4091 -1 4070 4060 4123 -1 4063 4070 4123 -1 4063 4123 4131 -1 4132 4131 4123 -1 4063 4131 4064 -1 4067 4066 4128 -1 4128 4066 4133 -1 4134 4066 4068 -1 4135 4134 4068 -1 4136 4134 4135 -1 4089 4097 4090 -1 4137 4138 4072 -1 4097 4089 4072 -1 4071 4097 4072 -1 4138 4073 4072 -1 4135 4068 4139 -1 4136 4135 4137 -1 4140 4135 4139 -1 4138 4137 4140 -1 4140 4137 4135 -1 4104 4141 4103 -1 4051 4103 4053 -1 4142 4053 4143 -1 4142 4143 4115 -1 4056 4108 4050 -1 4053 4142 4054 -1 4115 4058 4142 -1 4054 4142 4058 -1 4110 4114 4144 -1 4059 4145 4118 -1 4084 4080 4079 -1 4074 4087 4075 -1 4084 4070 4069 -1 4129 4146 4147 -1 4102 4148 4149 -1 4062 4132 4123 -1 4124 4132 4062 -1 4131 4132 4150 -1 4151 4064 4131 -1 4064 4151 4068 -1 4150 4132 4124 -1 4150 4124 4152 -1 4131 4153 4151 -1 4153 4131 4150 -1 4154 4153 4155 -1 4151 4153 4156 -1 4068 4151 4139 -1 4157 4158 4159 -1 4159 4158 4050 -1 4158 4157 4160 -1 4139 4151 4156 -1 4104 4050 4160 -1 4158 4160 4050 -1 4156 4153 4154 -1 4108 4105 4159 -1 4108 4159 4050 -1 4156 4154 4161 -1 4162 4156 4161 -1 4066 4163 4133 -1 4164 4107 4165 -1 4134 4163 4066 -1 4166 4133 4167 -1 4168 4072 4089 -1 4107 4112 4165 -1 4137 4072 4168 -1 4109 4112 4107 -1 4156 4162 4139 -1 4169 4112 4113 -1 4139 4162 4140 -1 4170 4169 4113 -1 4171 4162 4161 -1 4172 4162 4171 -1 4140 4162 4172 -1 4172 4173 4140 -1 4140 4173 4174 -1 4113 4119 4175 -1 4119 4176 4175 -1 4140 4174 4138 -1 4138 4174 4177 -1 4073 4138 4177 -1 4073 4177 4178 -1 4110 4144 4111 -1 4144 4179 4111 -1 4119 4111 4179 -1 4180 4144 4114 -1 4179 4144 4180 -1 4180 4119 4179 -1 4119 4180 4181 -1 4119 4182 4176 -1 4181 4182 4119 -1 4181 4180 4183 -1 4184 4181 4183 -1 4185 4186 4187 -1 4188 4189 4190 -1 4157 4191 4192 -1 4157 4193 4191 -1 4093 4194 4091 -1 4092 4195 4093 -1 4195 4092 4094 -1 4085 4195 4074 -1 4074 4195 4094 -1 4076 4196 4085 -1 4088 4082 4197 -1 4096 4088 4198 -1 4198 4088 4197 -1 4099 4094 4101 -1 4101 4094 4098 -1 4100 4101 4199 -1 4082 4073 4178 -1 4197 4178 4200 -1 4197 4200 4198 -1 4201 4198 4200 -1 4198 4199 4098 -1 4202 4199 4203 -1 4100 4199 4202 -1 4204 4100 4202 -1 4199 4198 4203 -1 4203 4198 4201 -1 4102 4087 4086 -1 4087 4102 4149 -1 4102 4095 4100 -1 4102 4100 4204 -1 4148 4102 4204 -1 4204 4205 4148 -1 4204 4206 4205 -1 4157 4207 4160 -1 4208 4078 4080 -1 4122 4209 4124 -1 4081 4125 4210 -1 4125 4126 4210 -1 4133 4129 4128 -1 4146 4129 4133 -1 4133 4166 4146 -1 4130 4146 4166 -1 4130 4166 4089 -1 4194 4130 4091 -1 4205 4206 4211 -1 4167 4163 4134 -1 4212 4213 4080 -1 4149 4148 4205 -1 4080 4084 4212 -1 4084 4069 4212 -1 4214 4215 4216 -1 4211 4206 4217 -1 4206 4218 4217 -1 4219 4220 4221 -1 4167 4137 4168 -1 4150 4155 4153 -1 4155 4150 4152 -1 4105 4193 4159 -1 4222 4154 4155 -1 4223 4193 4105 -1 4223 4105 4224 -1 4225 4154 4222 -1 4163 4167 4133 -1 4224 4164 4226 -1 4136 4137 4167 -1 4167 4134 4136 -1 4224 4107 4164 -1 4166 4167 4168 -1 4168 4089 4166 -1 4105 4107 4224 -1 4227 4177 4174 -1 4178 4177 4228 -1 4229 4230 4231 -1 4232 4233 4234 -1 4233 4232 4235 -1 4236 4231 4237 -1 4238 4234 4233 -1 4236 4229 4231 -1 4236 4239 4229 -1 4236 4237 4240 -1 4240 4241 4236 -1 4236 4241 4242 -1 4243 4235 4185 -1 4169 4170 4240 -1 4244 4185 4187 -1 4237 4169 4240 -1 4245 4241 4175 -1 4190 4187 4186 -1 4190 4246 4187 -1 4182 4247 4176 -1 4188 4190 4186 -1 4247 4182 4248 -1 4249 4192 4250 -1 4184 4183 4251 -1 4189 4250 4192 -1 4181 4252 4182 -1 4253 4182 4252 -1 4252 4181 4184 -1 4184 4254 4252 -1 4252 4254 4253 -1 4161 4154 4225 -1 4184 4251 4255 -1 4161 4225 4256 -1 4257 4256 4225 -1 4254 4184 4255 -1 4258 4254 4255 -1 4259 4260 4257 -1 4080 4213 4208 -1 4260 4261 4257 -1 4209 4152 4124 -1 4209 4238 4152 -1 4238 4209 4234 -1 4077 4081 4262 -1 4261 4263 4264 -1 4081 4210 4262 -1 4262 4210 4265 -1 4264 4266 4257 -1 4146 4130 4147 -1 4194 4147 4130 -1 4171 4161 4256 -1 4172 4171 4267 -1 4173 4227 4174 -1 4177 4227 4228 -1 4229 4239 4268 -1 4269 4257 4270 -1 4266 4270 4257 -1 4266 4271 4270 -1 4272 4239 4273 -1 4239 4236 4242 -1 4274 4242 4241 -1 4263 4261 4246 -1 4273 4239 4242 -1 4273 4242 4275 -1 4276 4246 4190 -1 4266 4264 4277 -1 4277 4278 4271 -1 4247 4279 4245 -1 4279 4247 4248 -1 4253 4280 4281 -1 4280 4253 4254 -1 4278 4277 4282 -1 4280 4254 4258 -1 4270 4271 4283 -1 4278 4283 4271 -1 4258 4284 4280 -1 4276 4190 4189 -1 4189 4191 4276 -1 4191 4189 4192 -1 4276 4285 4282 -1 4276 4191 4285 -1 4285 4191 4193 -1 4286 4285 4193 -1 4282 4285 4286 -1 4287 4282 4286 -1 4288 4282 4287 -1 4289 4283 4290 -1 4291 4290 4283 -1 4292 4293 4294 -1 4295 4293 4230 -1 4230 4292 4231 -1 4293 4292 4230 -1 4268 4295 4229 -1 4230 4229 4295 -1 4296 4194 4093 -1 4296 4093 4195 -1 4075 4087 4297 -1 4197 4082 4178 -1 4203 4298 4202 -1 4299 4206 4204 -1 4202 4299 4204 -1 4299 4202 4298 -1 4218 4206 4299 -1 4300 4201 4200 -1 4203 4201 4298 -1 4301 4298 4302 -1 4299 4298 4301 -1 4303 4215 4214 -1 4304 4305 4268 -1 4306 4268 4239 -1 4239 4272 4306 -1 4249 4207 4192 -1 4207 4157 4192 -1 4207 4249 4307 -1 4244 4187 4246 -1 4264 4257 4261 -1 4271 4266 4277 -1 4289 4270 4283 -1 4098 4096 4198 -1 4098 4094 4092 -1 4098 4199 4101 -1 4308 4207 4307 -1 4160 4207 4308 -1 4160 4308 4104 -1 4104 4308 4141 -1 4159 4193 4157 -1 4112 4309 4165 -1 4175 4240 4170 -1 4175 4170 4113 -1 4175 4241 4240 -1 4245 4175 4247 -1 4176 4247 4175 -1 4180 4114 4118 -1 4118 4145 4180 -1 4145 4183 4180 -1 4248 4182 4253 -1 4219 4310 4311 -1 4126 4127 4312 -1 4312 4265 4126 -1 4216 4215 4313 -1 4303 4214 4314 -1 4315 4310 4316 -1 4219 4316 4310 -1 4129 4147 4317 -1 4219 4221 4316 -1 4318 4316 4221 -1 4205 4211 4319 -1 4216 4320 4321 -1 4216 4313 4320 -1 4322 4323 4324 -1 4325 4248 4253 -1 4326 4323 4322 -1 4325 4253 4327 -1 4323 4328 4329 -1 4328 4323 4326 -1 4253 4330 4327 -1 4326 4322 4331 -1 4331 4332 4326 -1 4332 4331 4294 -1 4326 4332 4333 -1 4328 4326 4333 -1 4333 4332 4334 -1 4335 4336 4337 -1 4338 4290 4291 -1 4290 4294 4331 -1 4330 4281 4280 -1 4284 4330 4280 -1 4339 4330 4284 -1 4338 4287 4226 -1 4336 4340 4341 -1 4336 4341 4339 -1 4290 4338 4292 -1 4290 4292 4294 -1 4337 4336 4339 -1 4292 4338 4231 -1 4342 4337 4343 -1 4342 4343 4344 -1 4294 4295 4334 -1 4295 4294 4293 -1 4305 4333 4334 -1 4268 4305 4334 -1 4334 4295 4268 -1 4345 4194 4346 -1 4296 4346 4194 -1 4347 4296 4195 -1 4085 4347 4195 -1 4075 4196 4076 -1 4087 4149 4348 -1 4211 4217 4349 -1 4069 4077 4212 -1 4228 4200 4178 -1 4210 4126 4265 -1 4350 4200 4228 -1 4127 4129 4351 -1 4300 4200 4350 -1 4300 4350 4352 -1 4353 4194 4345 -1 4147 4194 4353 -1 4350 4228 4352 -1 4354 4352 4228 -1 4300 4355 4201 -1 4155 4152 4238 -1 4356 4155 4238 -1 4201 4302 4298 -1 4355 4302 4201 -1 4243 4233 4235 -1 4301 4302 4311 -1 4244 4243 4185 -1 4356 4238 4233 -1 4300 4352 4357 -1 4358 4359 4329 -1 4358 4329 4360 -1 4361 4360 4362 -1 4259 4222 4356 -1 4355 4300 4363 -1 4355 4363 4302 -1 4363 4300 4364 -1 4260 4259 4243 -1 4363 4365 4302 -1 4225 4222 4259 -1 4302 4365 4311 -1 4365 4363 4366 -1 4365 4366 4311 -1 4225 4259 4257 -1 4363 4361 4367 -1 4243 4244 4260 -1 4310 4299 4301 -1 4218 4299 4310 -1 4315 4218 4310 -1 4310 4301 4311 -1 4219 4311 4220 -1 4246 4261 4244 -1 4260 4244 4261 -1 4220 4311 4321 -1 4368 4220 4321 -1 4321 4320 4368 -1 4366 4321 4311 -1 4368 4320 4369 -1 4369 4320 4313 -1 4171 4256 4370 -1 4360 4329 4328 -1 4269 4256 4257 -1 4256 4269 4370 -1 4328 4362 4360 -1 4371 4370 4269 -1 4371 4267 4370 -1 4362 4328 4372 -1 4267 4171 4370 -1 4373 4374 4362 -1 4361 4362 4374 -1 4375 4173 4172 -1 4173 4375 4227 -1 4333 4305 4328 -1 4305 4373 4328 -1 4305 4304 4373 -1 4376 4373 4304 -1 4375 4172 4267 -1 4354 4227 4375 -1 4371 4377 4267 -1 4267 4354 4375 -1 4354 4267 4377 -1 4228 4227 4354 -1 4378 4361 4374 -1 4270 4371 4269 -1 4304 4306 4376 -1 4304 4268 4306 -1 4270 4324 4371 -1 4324 4270 4289 -1 4322 4324 4289 -1 4379 4306 4380 -1 4354 4377 4359 -1 4352 4354 4359 -1 4357 4352 4359 -1 4226 4223 4224 -1 4323 4377 4324 -1 4164 4309 4338 -1 4377 4329 4359 -1 4231 4338 4309 -1 4377 4323 4329 -1 4165 4309 4164 -1 4276 4263 4246 -1 4231 4309 4237 -1 4309 4112 4169 -1 4263 4276 4277 -1 4237 4309 4169 -1 4277 4276 4282 -1 4263 4277 4264 -1 4282 4288 4278 -1 4380 4306 4272 -1 4381 4379 4380 -1 4283 4278 4288 -1 4288 4291 4283 -1 4380 4272 4273 -1 4381 4380 4273 -1 4275 4242 4274 -1 4273 4382 4383 -1 4291 4288 4287 -1 4275 4382 4273 -1 4287 4286 4223 -1 4193 4223 4286 -1 4383 4384 4381 -1 4287 4223 4226 -1 4273 4383 4381 -1 4383 4382 4385 -1 4384 4383 4386 -1 4241 4245 4274 -1 4245 4387 4274 -1 4275 4274 4387 -1 4387 4245 4279 -1 4279 4388 4387 -1 4248 4388 4279 -1 4318 4315 4316 -1 4221 4220 4368 -1 4321 4366 4216 -1 4149 4319 4348 -1 4389 4314 4214 -1 4216 4389 4214 -1 4216 4366 4390 -1 4391 4325 4327 -1 4330 4253 4281 -1 4330 4341 4327 -1 4196 4347 4085 -1 4149 4205 4319 -1 4319 4211 4392 -1 4217 4218 4349 -1 4349 4218 4315 -1 4349 4315 4318 -1 4357 4364 4300 -1 4358 4364 4357 -1 4364 4358 4360 -1 4364 4361 4363 -1 4360 4361 4364 -1 4363 4367 4366 -1 4368 4369 4393 -1 4313 4215 4394 -1 4362 4372 4373 -1 4372 4328 4373 -1 4208 4213 4395 -1 4374 4373 4396 -1 4396 4373 4376 -1 4361 4378 4397 -1 4341 4340 4327 -1 4327 4340 4398 -1 4336 4398 4340 -1 4399 4374 4396 -1 4374 4399 4378 -1 4400 4378 4399 -1 4336 4335 4401 -1 4396 4376 4402 -1 4379 4376 4306 -1 4399 4402 4403 -1 4402 4376 4379 -1 4335 4337 4342 -1 4404 4379 4381 -1 4384 4404 4381 -1 4330 4339 4341 -1 4215 4303 4394 -1 4405 4335 4342 -1 4406 4405 4342 -1 4371 4324 4377 -1 4344 4407 4342 -1 4406 4342 4407 -1 4386 4383 4385 -1 4386 4385 4408 -1 4275 4409 4382 -1 4387 4388 4275 -1 4409 4275 4410 -1 4388 4248 4325 -1 4391 4388 4325 -1 4411 4401 4412 -1 4356 4233 4243 -1 4222 4155 4356 -1 4243 4259 4356 -1 4290 4322 4289 -1 4322 4290 4331 -1 4287 4338 4291 -1 4334 4332 4294 -1 4357 4359 4358 -1 4164 4338 4226 -1 4221 4368 4393 -1 4413 4385 4409 -1 4314 4389 4303 -1 4414 4369 4313 -1 4397 4367 4361 -1 4397 4378 4400 -1 4403 4400 4399 -1 4400 4403 4415 -1 4396 4402 4399 -1 4416 4402 4379 -1 4403 4402 4416 -1 4403 4416 4415 -1 4379 4417 4416 -1 4417 4379 4404 -1 4384 4417 4404 -1 4418 4417 4384 -1 4384 4386 4419 -1 4419 4386 4420 -1 4388 4410 4275 -1 4410 4388 4391 -1 4385 4382 4409 -1 4411 4409 4410 -1 4413 4409 4411 -1 4413 4408 4385 -1 4413 4411 4412 -1 4410 4391 4411 -1 4411 4391 4398 -1 4401 4411 4398 -1 4265 4312 4421 -1 4412 4422 4413 -1 4412 4423 4422 -1 4312 4127 4351 -1 4129 4317 4351 -1 4317 4147 4424 -1 4401 4398 4336 -1 4398 4391 4327 -1 4297 4087 4348 -1 4335 4412 4401 -1 4348 4319 4425 -1 4211 4349 4392 -1 4412 4405 4423 -1 4392 4349 4318 -1 4335 4405 4412 -1 4407 4426 4406 -1 4216 4390 4427 -1 4428 4216 4427 -1 4216 4428 4389 -1 4394 4303 4389 -1 4394 4389 4428 -1 4369 4429 4393 -1 4416 4430 4415 -1 4431 4430 4416 -1 4418 4431 4416 -1 4418 4416 4417 -1 4394 4432 4313 -1 4384 4419 4418 -1 4422 4408 4413 -1 4405 4433 4423 -1 4434 4433 4405 -1 4405 4406 4434 -1 4213 4212 4435 -1 4262 4265 4436 -1 4437 4436 4265 -1 4437 4265 4421 -1 4421 4312 4351 -1 4353 4424 4147 -1 4296 4438 4346 -1 4439 4221 4393 -1 4395 4440 4208 -1 4428 4441 4394 -1 4432 4394 4441 -1 4442 4422 4443 -1 4443 4422 4444 -1 4439 4318 4221 -1 4429 4369 4414 -1 4367 4397 4390 -1 4400 4390 4397 -1 4418 4419 4445 -1 4446 4420 4386 -1 4408 4446 4386 -1 4408 4447 4446 -1 4422 4447 4408 -1 4444 4422 4423 -1 4423 4433 4444 -1 4435 4395 4213 -1 4435 4212 4448 -1 4448 4212 4077 -1 4449 4351 4317 -1 4449 4317 4424 -1 4424 4353 4450 -1 4353 4345 4450 -1 4196 4075 4451 -1 4452 4451 4075 -1 4075 4297 4452 -1 4453 4452 4297 -1 4367 4390 4366 -1 4427 4441 4428 -1 4454 4318 4455 -1 4439 4455 4318 -1 4439 4393 4456 -1 4393 4429 4456 -1 4414 4313 4457 -1 4313 4432 4457 -1 4427 4390 4458 -1 4458 4390 4400 -1 4441 4427 4458 -1 4458 4400 4415 -1 4431 4418 4445 -1 4422 4442 4447 -1 4434 4406 4426 -1 4448 4077 4459 -1 4077 4262 4459 -1 4196 4451 4460 -1 4425 4319 4461 -1 4392 4461 4319 -1 4392 4318 4454 -1 4438 4296 4347 -1 4462 4442 4443 -1 4347 4196 4460 -1 4297 4348 4453 -1 4348 4425 4453 -1 4429 4414 4457 -1 4457 4432 4463 -1 4464 4441 4458 -1 4441 4464 4432 -1 4464 4463 4432 -1 4458 4415 4465 -1 4466 4465 4415 -1 4430 4466 4415 -1 4431 4445 4430 -1 4449 4424 4467 -1 4351 4449 4421 -1 4450 4468 4424 -1 4458 4465 4464 -1 4434 4426 4469 -1 4446 4447 4470 -1 4471 4438 4347 -1 4460 4471 4347 -1 4392 4472 4461 -1 4433 4473 4444 -1 4448 4459 4474 -1 4475 4474 4459 -1 4436 4459 4262 -1 4476 4436 4437 -1 4345 4477 4450 -1 4477 4345 4346 -1 4451 4452 4478 -1 4479 4469 4426 -1 4443 4480 4462 -1 4464 4465 4481 -1 4482 4465 4466 -1 4477 4468 4450 -1 4483 4460 4451 -1 4484 4425 4461 -1 4485 4455 4439 -1 4463 4464 4486 -1 4466 4430 4482 -1 4430 4445 4487 -1 4487 4482 4430 -1 4488 4445 4419 -1 4419 4420 4488 -1 4420 4446 4488 -1 4442 4462 4447 -1 4480 4443 4444 -1 4475 4459 4436 -1 4473 4480 4444 -1 4433 4434 4473 -1 4473 4434 4469 -1 4462 4480 4489 -1 4490 4438 4471 -1 4491 4471 4460 -1 4425 4484 4453 -1 4461 4472 4492 -1 4392 4454 4472 -1 4456 4485 4439 -1 4456 4493 4485 -1 4429 4493 4456 -1 4486 4464 4481 -1 4465 4482 4481 -1 4494 4487 4445 -1 4445 4488 4494 -1 4470 4447 4495 -1 4447 4462 4495 -1 4496 4497 4469 -1 4479 4498 4469 -1 4395 4435 4499 -1 4421 4449 4500 -1 4424 4468 4467 -1 4501 4346 4438 -1 4502 4490 4503 -1 4395 4499 4440 -1 4435 4448 4474 -1 4475 4436 4504 -1 4421 4500 4505 -1 4490 4471 4503 -1 4491 4503 4471 -1 4460 4483 4491 -1 4506 4483 4451 -1 4506 4451 4478 -1 4452 4453 4478 -1 4484 4461 4492 -1 4455 4507 4454 -1 4457 4508 4429 -1 4463 4486 4509 -1 4495 4462 4489 -1 4496 4469 4498 -1 4510 4440 4499 -1 4511 4499 4435 -1 4474 4511 4435 -1 4449 4467 4500 -1 4509 4508 4457 -1 4457 4463 4509 -1 4512 4482 4487 -1 4487 4494 4512 -1 4488 4446 4470 -1 4469 4497 4473 -1 4346 4513 4477 -1 4346 4501 4513 -1 4507 4455 4485 -1 4493 4429 4508 -1 4514 4481 4482 -1 4437 4421 4515 -1 4515 4421 4505 -1 4516 4494 4488 -1 4517 4467 4468 -1 4470 4516 4488 -1 4468 4477 4518 -1 4489 4480 4519 -1 4520 4502 4503 -1 4521 4506 4478 -1 4478 4453 4521 -1 4484 4521 4453 -1 4492 4472 4522 -1 4480 4473 4519 -1 4519 4473 4523 -1 4523 4473 4497 -1 4524 4507 4485 -1 4508 4509 4525 -1 4511 4474 4526 -1 4467 4517 4500 -1 4494 4516 4512 -1 4495 4516 4470 -1 4495 4489 4527 -1 4528 4529 4530 -1 4529 4528 4531 -1 4501 4438 4532 -1 4490 4532 4438 -1 4490 4502 4532 -1 4491 4483 4506 -1 4521 4484 4533 -1 4534 4522 4472 -1 4534 4507 4535 -1 4454 4507 4534 -1 4535 4507 4524 -1 4472 4454 4534 -1 4496 4498 4536 -1 4537 4538 4539 -1 4540 4539 4538 -1 4540 4541 4539 -1 4523 4497 4542 -1 4524 4485 4543 -1 4544 4485 4493 -1 4544 4493 4508 -1 4544 4508 4525 -1 4525 4509 4545 -1 4545 4509 4486 -1 4545 4486 4546 -1 4546 4486 4481 -1 4512 4514 4482 -1 4499 4547 4510 -1 4474 4475 4526 -1 4504 4548 4475 -1 4504 4436 4476 -1 4518 4549 4468 -1 4550 4551 4552 -1 4550 4553 4551 -1 4551 4553 4554 -1 4530 4555 4556 -1 4553 4557 4554 -1 4497 4496 4558 -1 4558 4496 4536 -1 4559 4528 4530 -1 4528 4559 4560 -1 4555 4529 4561 -1 4531 4528 4560 -1 4551 4554 4562 -1 4563 4564 4565 -1 4564 4563 4566 -1 4567 4565 4564 -1 4565 4567 4568 -1 4568 4569 4565 -1 4567 4570 4568 -1 4554 4555 4561 -1 4571 4572 4562 -1 4573 4572 4571 -1 4529 4574 4561 -1 4574 4529 4531 -1 4567 4573 4575 -1 4567 4575 4576 -1 4577 4576 4575 -1 4570 4567 4576 -1 4518 4513 4578 -1 4477 4513 4518 -1 4513 4501 4532 -1 4502 4520 4579 -1 4580 4581 4535 -1 4582 4581 4580 -1 4534 4535 4581 -1 4583 4580 4535 -1 4583 4535 4524 -1 4581 4584 4522 -1 4581 4522 4534 -1 4585 4586 4583 -1 4524 4585 4583 -1 4585 4524 4587 -1 4587 4524 4543 -1 4588 4589 4590 -1 4591 4540 4538 -1 4541 4592 4539 -1 4593 4592 4541 -1 4540 4594 4541 -1 4542 4497 4558 -1 4551 4566 4595 -1 4593 4541 4594 -1 4596 4574 4597 -1 4598 4599 4600 -1 4600 4597 4598 -1 4601 4602 4603 -1 4604 4605 4606 -1 4552 4551 4607 -1 4595 4607 4551 -1 4537 4539 4608 -1 4593 4594 4609 -1 4543 4485 4544 -1 4610 4525 4545 -1 4611 4546 4481 -1 4481 4612 4611 -1 4612 4481 4514 -1 4613 4614 4615 -1 4615 4614 4616 -1 4616 4614 4617 -1 4618 4616 4617 -1 4616 4618 4619 -1 4616 4619 4620 -1 4619 4621 4620 -1 4619 4622 4621 -1 4620 4621 4623 -1 4602 4601 4624 -1 4526 4475 4548 -1 4621 4624 4625 -1 4515 4476 4437 -1 4500 4517 4626 -1 4626 4517 4627 -1 4549 4517 4468 -1 4595 4566 4563 -1 4555 4628 4556 -1 4629 4557 4553 -1 4557 4628 4554 -1 4554 4628 4555 -1 4560 4559 4630 -1 4563 4631 4632 -1 4563 4565 4631 -1 4631 4565 4569 -1 4568 4633 4569 -1 4634 4573 4571 -1 4561 4574 4596 -1 4575 4573 4635 -1 4512 4516 4636 -1 4516 4495 4527 -1 4635 4577 4575 -1 4527 4489 4637 -1 4568 4638 4633 -1 4638 4568 4570 -1 4638 4570 4604 -1 4604 4639 4638 -1 4570 4576 4604 -1 4577 4640 4576 -1 4604 4576 4640 -1 4640 4577 4641 -1 4640 4605 4604 -1 4605 4640 4641 -1 4603 4605 4601 -1 4513 4532 4578 -1 4532 4502 4579 -1 4520 4503 4642 -1 4503 4491 4642 -1 4643 4644 4538 -1 4580 4645 4582 -1 4584 4581 4582 -1 4585 4646 4586 -1 4585 4587 4647 -1 4529 4555 4530 -1 4566 4551 4572 -1 4551 4562 4572 -1 4566 4572 4564 -1 4573 4567 4564 -1 4562 4554 4561 -1 4561 4571 4562 -1 4564 4572 4573 -1 4620 4648 4616 -1 4648 4620 4649 -1 4649 4620 4623 -1 4625 4623 4621 -1 4598 4597 4574 -1 4650 4651 4588 -1 4531 4598 4574 -1 4589 4588 4652 -1 4614 4613 4653 -1 4583 4654 4580 -1 4592 4655 4539 -1 4583 4586 4654 -1 4599 4598 4656 -1 4652 4657 4589 -1 4639 4604 4658 -1 4606 4658 4604 -1 4603 4602 4659 -1 4519 4523 4637 -1 4660 4523 4542 -1 4527 4636 4516 -1 4489 4519 4637 -1 4542 4558 4661 -1 4547 4499 4662 -1 4499 4511 4663 -1 4505 4500 4626 -1 4550 4552 4664 -1 4595 4563 4632 -1 4553 4550 4664 -1 4559 4530 4665 -1 4631 4569 4666 -1 4571 4561 4634 -1 4561 4596 4634 -1 4531 4560 4667 -1 4668 4596 4597 -1 4573 4634 4635 -1 4633 4638 4669 -1 4670 4605 4641 -1 4605 4603 4606 -1 4671 4605 4670 -1 4642 4491 4672 -1 4506 4672 4491 -1 4521 4673 4506 -1 4538 4537 4643 -1 4591 4538 4644 -1 4582 4645 4674 -1 4533 4484 4675 -1 4584 4676 4522 -1 4676 4677 4522 -1 4646 4647 4678 -1 4585 4647 4646 -1 4587 4679 4647 -1 4543 4679 4587 -1 4544 4525 4680 -1 4613 4681 4653 -1 4682 4617 4614 -1 4618 4617 4682 -1 4683 4684 4622 -1 4684 4602 4622 -1 4618 4683 4619 -1 4683 4622 4619 -1 4605 4671 4601 -1 4624 4622 4602 -1 4671 4624 4601 -1 4624 4671 4685 -1 4685 4625 4624 -1 4625 4685 4686 -1 4686 4687 4625 -1 4623 4625 4688 -1 4688 4625 4687 -1 4689 4589 4690 -1 4690 4589 4657 -1 4659 4602 4684 -1 4691 4692 4639 -1 4652 4647 4693 -1 4588 4651 4652 -1 4537 4694 4643 -1 4608 4539 4655 -1 4527 4637 4695 -1 4660 4637 4523 -1 4662 4499 4663 -1 4661 4660 4542 -1 4526 4663 4511 -1 4661 4696 4697 -1 4696 4661 4558 -1 4698 4504 4476 -1 4697 4696 4699 -1 4696 4558 4536 -1 4549 4700 4517 -1 4549 4518 4701 -1 4699 4696 4702 -1 4696 4536 4702 -1 4629 4553 4664 -1 4703 4556 4628 -1 4704 4530 4556 -1 4630 4559 4705 -1 4667 4560 4630 -1 4569 4633 4666 -1 4634 4596 4668 -1 4598 4531 4656 -1 4638 4639 4692 -1 4641 4577 4706 -1 4659 4606 4603 -1 4578 4532 4707 -1 4579 4707 4532 -1 4579 4520 4708 -1 4642 4708 4520 -1 4672 4506 4673 -1 4582 4709 4584 -1 4654 4645 4580 -1 4484 4492 4675 -1 4522 4677 4492 -1 4492 4677 4675 -1 4693 4647 4679 -1 4543 4544 4710 -1 4711 4545 4546 -1 4514 4512 4612 -1 4653 4681 4712 -1 4713 4682 4614 -1 4683 4618 4682 -1 4624 4621 4622 -1 4714 4715 4716 -1 4537 4608 4694 -1 4684 4683 4717 -1 4668 4597 4600 -1 4600 4599 4718 -1 4599 4719 4718 -1 4599 4656 4719 -1 4647 4652 4678 -1 4720 4651 4689 -1 4721 4643 4694 -1 4652 4651 4720 -1 4700 4627 4517 -1 4722 4607 4595 -1 4552 4607 4664 -1 4595 4723 4722 -1 4632 4723 4595 -1 4704 4665 4530 -1 4665 4705 4559 -1 4704 4556 4703 -1 4666 4633 4724 -1 4725 4634 4668 -1 4635 4706 4577 -1 4658 4606 4726 -1 4641 4727 4670 -1 4716 4606 4659 -1 4701 4518 4728 -1 4518 4578 4728 -1 4721 4644 4643 -1 4645 4654 4729 -1 4673 4521 4533 -1 4594 4540 4730 -1 4544 4680 4710 -1 4525 4610 4680 -1 4611 4612 4731 -1 4682 4732 4683 -1 4717 4683 4733 -1 4660 4661 4734 -1 4652 4735 4678 -1 4639 4658 4736 -1 4609 4737 4738 -1 4697 4699 4739 -1 4718 4668 4600 -1 4691 4639 4736 -1 4594 4730 4609 -1 4737 4740 4741 -1 4742 4675 4677 -1 4720 4735 4652 -1 4626 4627 4743 -1 4700 4743 4627 -1 4549 4701 4744 -1 4745 4703 4628 -1 4745 4557 4746 -1 4557 4745 4628 -1 4747 4748 4630 -1 4748 4667 4630 -1 4631 4749 4632 -1 4633 4669 4724 -1 4750 4531 4667 -1 4656 4531 4750 -1 4634 4751 4635 -1 4751 4752 4635 -1 4725 4668 4718 -1 4669 4638 4692 -1 4706 4727 4641 -1 4726 4606 4716 -1 4578 4707 4753 -1 4707 4579 4753 -1 4579 4708 4753 -1 4674 4709 4582 -1 4644 4721 4754 -1 4674 4645 4755 -1 4756 4674 4755 -1 4754 4591 4644 -1 4591 4754 4757 -1 4755 4645 4757 -1 4729 4757 4645 -1 4758 4591 4757 -1 4533 4759 4673 -1 4533 4675 4742 -1 4709 4676 4584 -1 4608 4655 4760 -1 4730 4540 4591 -1 4729 4654 4758 -1 4655 4761 4760 -1 4652 4762 4657 -1 4710 4679 4543 -1 4711 4546 4611 -1 4763 4764 4765 -1 4712 4765 4764 -1 4713 4614 4653 -1 4732 4733 4683 -1 4685 4671 4766 -1 4686 4685 4767 -1 4768 4512 4636 -1 4637 4660 4769 -1 4663 4526 4770 -1 4515 4698 4476 -1 4771 4737 4609 -1 4762 4690 4657 -1 4716 4772 4714 -1 4741 4740 4773 -1 4677 4676 4774 -1 4740 4737 4771 -1 4742 4677 4774 -1 4659 4684 4775 -1 4662 4663 4776 -1 4776 4777 4662 -1 4515 4505 4778 -1 4626 4778 4505 -1 4557 4629 4746 -1 4665 4704 4779 -1 4703 4780 4704 -1 4694 4748 4747 -1 4748 4694 4608 -1 4666 4749 4631 -1 4760 4748 4608 -1 4634 4725 4751 -1 4706 4635 4752 -1 4716 4659 4781 -1 4782 4671 4670 -1 4728 4744 4701 -1 4642 4672 4759 -1 4755 4757 4754 -1 4672 4673 4759 -1 4729 4758 4757 -1 4730 4591 4758 -1 4710 4693 4679 -1 4783 4762 4693 -1 4693 4710 4783 -1 4652 4693 4762 -1 4710 4680 4783 -1 4690 4784 4689 -1 4545 4711 4610 -1 4653 4712 4785 -1 4713 4786 4682 -1 4732 4682 4787 -1 4684 4717 4788 -1 4788 4775 4684 -1 4782 4766 4671 -1 4687 4686 4767 -1 4695 4637 4789 -1 4790 4637 4769 -1 4661 4697 4791 -1 4791 4697 4739 -1 4737 4741 4738 -1 4774 4676 4792 -1 4735 4758 4646 -1 4718 4719 4793 -1 4719 4794 4793 -1 4795 4758 4735 -1 4770 4526 4548 -1 4504 4698 4548 -1 4698 4515 4796 -1 4515 4778 4796 -1 4629 4664 4746 -1 4664 4607 4797 -1 4797 4746 4664 -1 4778 4626 4743 -1 4743 4700 4798 -1 4799 4700 4549 -1 4798 4700 4799 -1 4744 4799 4549 -1 4630 4705 4747 -1 4694 4747 4800 -1 4801 4723 4632 -1 4749 4666 4802 -1 4667 4748 4760 -1 4794 4656 4750 -1 4718 4751 4725 -1 4794 4719 4656 -1 4692 4803 4669 -1 4736 4658 4726 -1 4753 4728 4578 -1 4728 4753 4804 -1 4804 4753 4805 -1 4805 4708 4806 -1 4753 4708 4805 -1 4642 4806 4708 -1 4807 4642 4759 -1 4806 4642 4807 -1 4756 4709 4674 -1 4694 4808 4721 -1 4754 4809 4755 -1 4809 4756 4755 -1 4807 4759 4742 -1 4742 4759 4533 -1 4676 4709 4792 -1 4810 4690 4762 -1 4811 4812 4612 -1 4811 4612 4768 -1 4512 4768 4612 -1 4767 4685 4766 -1 4813 4687 4767 -1 4527 4695 4789 -1 4814 4637 4790 -1 4789 4637 4814 -1 4734 4769 4660 -1 4663 4815 4776 -1 4816 4817 4740 -1 4761 4818 4819 -1 4773 4818 4741 -1 4716 4781 4772 -1 4774 4792 4742 -1 4820 4548 4698 -1 4636 4527 4821 -1 4527 4789 4821 -1 4663 4770 4815 -1 4723 4822 4722 -1 4607 4722 4797 -1 4778 4743 4823 -1 4780 4824 4704 -1 4824 4779 4704 -1 4798 4799 4825 -1 4826 4825 4799 -1 4779 4798 4665 -1 4665 4798 4705 -1 4780 4703 4745 -1 4666 4724 4802 -1 4667 4760 4750 -1 4794 4750 4827 -1 4669 4803 4724 -1 4803 4692 4828 -1 4727 4706 4752 -1 4727 4829 4670 -1 4782 4670 4829 -1 4804 4830 4728 -1 4830 4804 4831 -1 4721 4832 4754 -1 4833 4804 4805 -1 4833 4805 4834 -1 4805 4806 4834 -1 4792 4834 4806 -1 4709 4756 4834 -1 4834 4792 4709 -1 4832 4721 4808 -1 4694 4800 4808 -1 4792 4806 4807 -1 4807 4742 4792 -1 4760 4761 4819 -1 4730 4758 4795 -1 4771 4609 4730 -1 4773 4740 4835 -1 4740 4771 4836 -1 4783 4810 4762 -1 4784 4690 4837 -1 4838 4690 4810 -1 4783 4680 4810 -1 4711 4680 4610 -1 4731 4711 4611 -1 4764 4763 4839 -1 4682 4786 4787 -1 4733 4788 4717 -1 4840 4736 4726 -1 4841 4687 4813 -1 4636 4821 4768 -1 4821 4789 4814 -1 4842 4734 4661 -1 4791 4842 4661 -1 4791 4843 4842 -1 4844 4770 4548 -1 4548 4820 4844 -1 4698 4845 4820 -1 4698 4796 4845 -1 4845 4796 4846 -1 4847 4848 4849 -1 4847 4849 4850 -1 4850 4849 4851 -1 4851 4745 4746 -1 4823 4796 4778 -1 4823 4743 4779 -1 4852 4849 4853 -1 4852 4851 4849 -1 4851 4852 4780 -1 4780 4852 4824 -1 4823 4779 4853 -1 4852 4853 4824 -1 4824 4853 4779 -1 4798 4779 4743 -1 4799 4744 4826 -1 4798 4825 4705 -1 4705 4825 4747 -1 4825 4826 4747 -1 4826 4800 4747 -1 4826 4808 4800 -1 4749 4801 4632 -1 4827 4750 4760 -1 4751 4854 4752 -1 4751 4718 4854 -1 4793 4854 4718 -1 4794 4855 4793 -1 4744 4728 4826 -1 4826 4728 4830 -1 4832 4826 4830 -1 4830 4831 4856 -1 4857 4754 4832 -1 4809 4858 4756 -1 4833 4756 4858 -1 4833 4834 4756 -1 4795 4735 4859 -1 4816 4740 4836 -1 4837 4690 4838 -1 4835 4740 4817 -1 4680 4711 4860 -1 4711 4861 4860 -1 4861 4711 4731 -1 4812 4861 4731 -1 4731 4612 4812 -1 4785 4712 4862 -1 4862 4764 4839 -1 4862 4712 4764 -1 4786 4713 4653 -1 4863 4732 4787 -1 4846 4796 4823 -1 4714 4772 4864 -1 4816 4865 4817 -1 4864 4726 4716 -1 4866 4867 4847 -1 4795 4771 4730 -1 4784 4859 4735 -1 4784 4837 4859 -1 4868 4835 4817 -1 4838 4869 4870 -1 4838 4810 4869 -1 4860 4810 4680 -1 4871 4811 4768 -1 4763 4872 4839 -1 4785 4873 4653 -1 4733 4732 4863 -1 4777 4776 4874 -1 4781 4659 4875 -1 4659 4775 4875 -1 4815 4874 4776 -1 4876 4877 4878 -1 4879 4876 4878 -1 4876 4880 4877 -1 4881 4815 4770 -1 4770 4844 4881 -1 4820 4881 4844 -1 4820 4867 4881 -1 4867 4848 4847 -1 4882 4769 4734 -1 4734 4842 4882 -1 4848 4846 4849 -1 4722 4822 4797 -1 4822 4723 4801 -1 4883 4850 4851 -1 4883 4851 4746 -1 4797 4883 4746 -1 4846 4853 4849 -1 4851 4780 4745 -1 4749 4884 4801 -1 4802 4884 4749 -1 4760 4819 4827 -1 4827 4855 4794 -1 4885 4793 4855 -1 4828 4692 4691 -1 4727 4752 4886 -1 4885 4854 4793 -1 4857 4832 4830 -1 4832 4808 4826 -1 4857 4830 4809 -1 4831 4804 4856 -1 4856 4804 4833 -1 4856 4833 4858 -1 4857 4809 4754 -1 4856 4858 4809 -1 4864 4887 4726 -1 4817 4865 4888 -1 4889 4817 4888 -1 4795 4859 4771 -1 4818 4773 4835 -1 4865 4816 4836 -1 4869 4810 4890 -1 4839 4872 4891 -1 4775 4788 4875 -1 4892 4782 4829 -1 4893 4813 4894 -1 4841 4813 4893 -1 4815 4878 4874 -1 4895 4878 4877 -1 4879 4878 4896 -1 4878 4897 4896 -1 4871 4768 4898 -1 4768 4821 4898 -1 4790 4821 4814 -1 4739 4843 4791 -1 4896 4866 4899 -1 4897 4866 4896 -1 4866 4897 4867 -1 4827 4819 4818 -1 4840 4828 4691 -1 4772 4781 4900 -1 4885 4901 4854 -1 4830 4856 4809 -1 4815 4881 4897 -1 4881 4867 4897 -1 4820 4845 4867 -1 4848 4867 4845 -1 4845 4846 4848 -1 4823 4853 4846 -1 4901 4752 4854 -1 4886 4752 4901 -1 4782 4892 4766 -1 4902 4813 4767 -1 4868 4817 4903 -1 4889 4903 4817 -1 4889 4888 4904 -1 4840 4726 4887 -1 4905 4724 4803 -1 4901 4885 4906 -1 4907 4885 4855 -1 4829 4727 4886 -1 4836 4771 4908 -1 4836 4908 4865 -1 4908 4888 4865 -1 4837 4838 4870 -1 4890 4810 4860 -1 4861 4909 4860 -1 4861 4812 4910 -1 4812 4811 4910 -1 4863 4788 4733 -1 4911 4874 4878 -1 4878 4895 4911 -1 4897 4878 4815 -1 4790 4769 4912 -1 4876 4879 4913 -1 4879 4896 4914 -1 4843 4739 4915 -1 4915 4739 4916 -1 4883 4917 4850 -1 4918 4822 4919 -1 4822 4917 4797 -1 4797 4917 4883 -1 4822 4801 4919 -1 4801 4920 4919 -1 4884 4802 4921 -1 4724 4921 4802 -1 4921 4724 4905 -1 4855 4827 4835 -1 4887 4864 4772 -1 4818 4835 4827 -1 4887 4828 4840 -1 4907 4906 4885 -1 4922 4901 4906 -1 4922 4886 4901 -1 4908 4859 4837 -1 4771 4859 4908 -1 4837 4923 4908 -1 4909 4890 4860 -1 4924 4904 4925 -1 4811 4871 4910 -1 4839 4926 4862 -1 4785 4862 4926 -1 4926 4927 4785 -1 4873 4785 4927 -1 4653 4873 4786 -1 4781 4875 4900 -1 4876 4913 4928 -1 4899 4914 4896 -1 4847 4899 4866 -1 4899 4847 4850 -1 4882 4912 4769 -1 4891 4929 4930 -1 4801 4884 4920 -1 4880 4876 4931 -1 4931 4876 4928 -1 4892 4902 4766 -1 4902 4894 4813 -1 4889 4904 4924 -1 4904 4888 4923 -1 4925 4904 4923 -1 4909 4932 4869 -1 4861 4910 4909 -1 4863 4787 4933 -1 4788 4863 4934 -1 4914 4913 4879 -1 4913 4914 4928 -1 4918 4919 4935 -1 4910 4871 4936 -1 4821 4790 4898 -1 4930 4937 4938 -1 4919 4920 4939 -1 4921 4940 4884 -1 4803 4941 4905 -1 4855 4835 4907 -1 4922 4906 4942 -1 4906 4907 4943 -1 4888 4908 4923 -1 4837 4870 4923 -1 4869 4890 4909 -1 4869 4944 4870 -1 4944 4869 4932 -1 4931 4928 4945 -1 4928 4914 4946 -1 4947 4928 4948 -1 4946 4949 4928 -1 4787 4786 4933 -1 4863 4933 4934 -1 4899 4850 4917 -1 4899 4917 4918 -1 4918 4917 4822 -1 4950 4894 4902 -1 4891 4930 4951 -1 4919 4939 4935 -1 4920 4884 4940 -1 4898 4790 4912 -1 4905 4940 4921 -1 4882 4952 4912 -1 4941 4803 4953 -1 4842 4952 4882 -1 4803 4828 4953 -1 4954 4772 4955 -1 4900 4955 4772 -1 4907 4835 4943 -1 4943 4835 4868 -1 4942 4906 4943 -1 4956 4886 4922 -1 4892 4829 4957 -1 4902 4892 4957 -1 4958 4893 4894 -1 4899 4946 4914 -1 4829 4886 4956 -1 4891 4951 4959 -1 4839 4891 4959 -1 4926 4839 4959 -1 4900 4875 4960 -1 4788 4934 4960 -1 4788 4960 4875 -1 4928 4947 4945 -1 4902 4957 4950 -1 4948 4928 4949 -1 4961 4962 4963 -1 4946 4899 4918 -1 4918 4935 4946 -1 4964 4962 4961 -1 4965 4936 4871 -1 4871 4898 4965 -1 4966 4967 4968 -1 4968 4967 4969 -1 4970 4938 4937 -1 4920 4971 4939 -1 4842 4972 4952 -1 4972 4842 4843 -1 4920 4940 4971 -1 4973 4843 4915 -1 4915 4974 4973 -1 4905 4975 4940 -1 4976 4887 4954 -1 4772 4954 4887 -1 4943 4868 4977 -1 4978 4942 4943 -1 4922 4942 4978 -1 4922 4979 4956 -1 4903 4977 4868 -1 4889 4924 4903 -1 4925 4980 4924 -1 4932 4925 4944 -1 4909 4910 4981 -1 4910 4936 4981 -1 4786 4873 4933 -1 4955 4900 4982 -1 4900 4960 4982 -1 4956 4983 4957 -1 4964 4961 4984 -1 4936 4985 4981 -1 4898 4986 4965 -1 4986 4898 4912 -1 4986 4912 4987 -1 4952 4987 4912 -1 4987 4952 4972 -1 4972 4843 4973 -1 4969 4938 4970 -1 4974 4915 4988 -1 4916 4988 4915 -1 4975 4971 4940 -1 4905 4941 4989 -1 4953 4828 4990 -1 4943 4977 4978 -1 4979 4922 4978 -1 4978 4991 4979 -1 4977 4991 4978 -1 4924 4977 4903 -1 4991 4977 4924 -1 4991 4924 4980 -1 4925 4932 4992 -1 4980 4925 4992 -1 4932 4909 4981 -1 4870 4944 4923 -1 4925 4923 4944 -1 4958 4894 4950 -1 4962 4958 4963 -1 4993 4949 4946 -1 4993 4994 4949 -1 4995 4966 4968 -1 4946 4935 4993 -1 4993 4935 4939 -1 4926 4959 4927 -1 4956 4979 4996 -1 4949 4994 4948 -1 4948 4994 4997 -1 4997 4994 4998 -1 4994 4993 4999 -1 4995 5000 4966 -1 4992 4981 4985 -1 4936 4965 4985 -1 4966 5000 4967 -1 5001 4985 4965 -1 4986 5001 4965 -1 5002 4987 4972 -1 4999 4993 4939 -1 5003 4961 5004 -1 4999 4939 4971 -1 5005 4975 4905 -1 5005 4905 4989 -1 5006 4941 4953 -1 4990 5006 4953 -1 4990 4828 4887 -1 4887 4976 4990 -1 4979 4991 5007 -1 4991 4980 5007 -1 5007 4980 5008 -1 5008 4980 4992 -1 4960 4934 4982 -1 4934 4933 5009 -1 5004 5010 5003 -1 5003 5010 4973 -1 4961 5003 4984 -1 5003 4974 5011 -1 4973 4974 5003 -1 5012 4997 4998 -1 5013 5014 4999 -1 5014 5013 5000 -1 5013 4975 5005 -1 4954 4955 5015 -1 4955 4982 5015 -1 4981 4992 4932 -1 5007 4996 4979 -1 4996 4983 4956 -1 4957 4983 4950 -1 5016 4950 4983 -1 4958 4950 5016 -1 5016 4983 5017 -1 4958 5016 4963 -1 5004 4963 5016 -1 4963 5004 4961 -1 5007 5008 5018 -1 5008 4992 5019 -1 5019 4992 5001 -1 5008 5019 5018 -1 4992 4985 5001 -1 4945 4947 5020 -1 5021 5020 4947 -1 5021 4947 4997 -1 5019 5001 4987 -1 5001 4986 4987 -1 4947 4948 4997 -1 5019 4987 5002 -1 5012 5021 4997 -1 4999 4998 4994 -1 5010 5004 5022 -1 5012 4998 5023 -1 4998 5014 5023 -1 5010 5002 4972 -1 4972 4973 5010 -1 4999 5014 4998 -1 5000 4995 5014 -1 4975 4999 4971 -1 4975 5013 4999 -1 4873 4927 5024 -1 5025 4873 5024 -1 4933 4873 5025 -1 5015 4982 5026 -1 4982 4934 5027 -1 5009 5027 4934 -1 5011 4974 5028 -1 4988 5029 4974 -1 4967 5000 5030 -1 4930 4938 5031 -1 4951 4930 5032 -1 4989 4941 5033 -1 4976 4954 5034 -1 5015 5034 4954 -1 4959 5035 4927 -1 5009 4933 5025 -1 5029 5028 4974 -1 5000 5013 5030 -1 4930 5031 5032 -1 4976 5034 4990 -1 4996 5017 4983 -1 5022 5016 5017 -1 5007 5018 4996 -1 4996 5018 5017 -1 5017 5019 5036 -1 5018 5019 5017 -1 5036 5022 5017 -1 5010 5036 5002 -1 5002 5036 5019 -1 5016 5022 5004 -1 5010 5022 5036 -1 5035 4959 5037 -1 5026 4982 5027 -1 4938 4969 5038 -1 5030 5038 4967 -1 4969 4967 5038 -1 4951 5032 5037 -1 4959 4951 5037 -1 5005 4989 5039 -1 4941 5006 5033 -1 5040 5034 5041 -1 5041 5015 5042 -1 5041 5034 5015 -1 5034 5040 4990 -1 5026 5042 5015 -1 4927 5035 5043 -1 5038 5030 5044 -1 4938 5038 5031 -1 5030 5013 5045 -1 5005 5045 5013 -1 5033 5039 4989 -1 4927 5043 5024 -1 5046 5027 5009 -1 5009 5025 5046 -1 5006 4990 5040 -1 5037 5032 5047 -1 5024 5046 5025 -1 5043 5046 5024 -1 5044 5030 5045 -1 5038 5048 5031 -1 5045 5005 5039 -1 5006 5040 5033 -1 5040 5041 5049 -1 5041 5042 5050 -1 5035 5037 5047 -1 5032 5031 5051 -1 5048 5038 5044 -1 5031 5048 5051 -1 5052 5045 5039 -1 5052 5039 5033 -1 5040 5053 5033 -1 5049 5053 5040 -1 5045 5054 5044 -1 5048 5044 5055 -1 5044 5054 5055 -1 5047 5032 5056 -1 5052 5054 5045 -1 5049 5055 5052 -1 5052 5053 5049 -1 5052 5033 5053 -1 5041 5057 5049 -1 5057 5041 5058 -1 5042 5026 5059 -1 5056 5032 5051 -1 5054 5052 5055 -1 5055 5049 5060 -1 5061 5060 5049 -1 5061 5049 5057 -1 5058 5041 5050 -1 5050 5042 5059 -1 5043 5035 5062 -1 5046 5043 5062 -1 5027 5046 5063 -1 5026 5027 5063 -1 5063 5064 5026 -1 5059 5026 5064 -1 5055 5065 5048 -1 5051 5048 5065 -1 5035 5047 5066 -1 5062 5035 5066 -1 5062 5067 5046 -1 5066 5047 5056 -1 5046 5067 5063 -1 5055 5060 5065 -1 5068 5069 5050 -1 5068 5050 5059 -1 5060 5061 5070 -1 5071 5059 5064 -1 5063 5071 5064 -1 5065 5060 5072 -1 5072 5060 5070 -1 5069 5058 5050 -1 5068 5059 5071 -1 5066 5056 5073 -1 5073 5062 5066 -1 5051 5065 5074 -1 5051 5073 5056 -1 5072 5074 5065 -1 5061 5057 5075 -1 5075 5070 5061 -1 5075 5057 5058 -1 5071 5063 5076 -1 5062 5077 5067 -1 5051 5074 5078 -1 5073 5051 5078 -1 5067 5077 5079 -1 5063 5067 5076 -1 5068 5071 5076 -1 5077 5062 5073 -1 5069 5068 5080 -1 5079 5076 5067 -1 5081 5074 5072 -1 5070 5081 5072 -1 5078 5074 5082 -1 5083 5073 5078 -1 5077 5073 5084 -1 5075 5058 5069 -1 5068 5076 5085 -1 5079 5077 5086 -1 5076 5079 5087 -1 5074 5081 5082 -1 5070 5075 5088 -1 5085 5076 5087 -1 5085 5080 5068 -1 5079 5086 5087 -1 5081 5070 5088 -1 5075 5069 5088 -1 5083 5078 5082 -1 5084 5086 5077 -1 5081 5088 5089 -1 5090 5088 5069 -1 5082 5091 5083 -1 5084 5073 5083 -1 5091 5084 5083 -1 5089 5082 5081 -1 5084 5091 5086 -1 5089 5088 5090 -1 5069 5080 5090 -1 5091 5087 5086 -1 5085 5087 5080 -1 5091 5082 5089 -1 5089 5090 5087 -1 5090 5080 5087 -1 5087 5091 5089 -1 4766 4902 4767 -1 4957 4829 4956 -1 4654 4586 4646 -1 4758 4654 4646 -1 4650 4588 4590 -1 4689 4651 4650 -1 4590 4589 4689 -1 4646 4678 4735 -1 4784 4735 4720 -1 4784 4720 4689 -1 4590 4689 4650 -1 5092 5093 5094 -1 5095 5093 5092 -1 5096 5097 5098 -1 5094 5099 5100 -1 5100 5099 5097 -1 5094 5100 5101 -1 5102 5092 5103 -1 5095 5092 5102 -1 5104 5105 5099 -1 5104 5106 5107 -1 5099 5106 5104 -1 5106 5099 5094 -1 5106 5094 5093 -1 5108 5109 5110 -1 5097 5099 5105 -1 5111 5107 5106 -1 5112 5107 5111 -1 5111 5106 5093 -1 5113 5109 5108 -1 5113 5108 5114 -1 5112 5114 5108 -1 5115 5113 5114 -1 5112 5111 5093 -1 5112 5093 5095 -1 5112 5095 5114 -1 5115 5114 5116 -1 5117 5118 5119 -1 5117 5119 5120 -1 5098 5121 5122 -1 5098 5122 5096 -1 5123 5104 5107 -1 5124 5125 5126 -1 5127 5124 5126 -1 5124 5127 5128 -1 5127 5129 5128 -1 5130 5128 5131 -1 5096 5130 5131 -1 5131 5132 5096 -1 5097 5096 5132 -1 5101 5133 5094 -1 5092 5094 5133 -1 5125 5134 5135 -1 5135 5136 5137 -1 5135 5134 5136 -1 5137 5138 5135 -1 5126 5125 5135 -1 5126 5135 5138 -1 5139 5140 5141 -1 5139 5141 5142 -1 5143 5118 5117 -1 5144 5145 5146 -1 5142 5147 5148 -1 5148 5119 5149 -1 5119 5148 5150 -1 5150 5148 5147 -1 5120 5119 5150 -1 5151 5125 5152 -1 5153 5151 5152 -1 5122 5151 5153 -1 5153 5152 5128 -1 5150 5147 5121 -1 5130 5122 5153 -1 5124 5152 5125 -1 5152 5124 5128 -1 5130 5153 5128 -1 5122 5130 5096 -1 5129 5131 5128 -1 5100 5097 5154 -1 5092 5133 5103 -1 5103 5155 5102 -1 5156 5157 5158 -1 5159 5134 5125 -1 5159 5160 5161 -1 5125 5160 5159 -1 5136 5144 5146 -1 5144 5136 5162 -1 5137 5136 5146 -1 5126 5138 5163 -1 5148 5139 5142 -1 5139 5148 5149 -1 5164 5165 5166 -1 5167 5164 5166 -1 5166 5157 5156 -1 5157 5166 5168 -1 5136 5134 5162 -1 5156 5167 5166 -1 5156 5140 5167 -1 5141 5140 5156 -1 5156 5142 5141 -1 5139 5149 5140 -1 5156 5158 5142 -1 5158 5147 5142 -1 5119 5118 5149 -1 5120 5150 5121 -1 5147 5161 5151 -1 5151 5161 5160 -1 5151 5122 5147 -1 5147 5122 5121 -1 5151 5160 5125 -1 5117 5110 5143 -1 5123 5110 5117 -1 5117 5120 5123 -1 5109 5143 5110 -1 5110 5123 5107 -1 5108 5110 5107 -1 5104 5120 5105 -1 5121 5105 5120 -1 5105 5121 5098 -1 5123 5120 5104 -1 5097 5105 5098 -1 5107 5112 5108 -1 5169 5170 5171 -1 5169 5172 5170 -1 5170 5173 5171 -1 5174 5175 5176 -1 5174 5165 5175 -1 5157 5177 5158 -1 5162 5178 5144 -1 5161 5179 5159 -1 5159 5162 5134 -1 5144 5178 5180 -1 5144 5180 5145 -1 5101 5100 5181 -1 5171 5182 5169 -1 5183 5184 5172 -1 5185 5186 5187 -1 5188 5186 5185 -1 5189 5186 5188 -1 5190 5168 5189 -1 5191 5192 5193 -1 5194 5193 5192 -1 5193 5194 5195 -1 5196 5193 5195 -1 5197 5195 5194 -1 5198 5196 5195 -1 5196 5198 5178 -1 5190 5189 5199 -1 5200 5193 5201 -1 5199 5200 5202 -1 5201 5193 5196 -1 5196 5162 5201 -1 5201 5202 5203 -1 5201 5162 5202 -1 5162 5196 5178 -1 5162 5159 5179 -1 5138 5137 5204 -1 5127 5205 5129 -1 5132 5154 5097 -1 5181 5100 5154 -1 5206 5133 5101 -1 5103 5133 5206 -1 5207 5173 5170 -1 5207 5170 5176 -1 5176 5170 5172 -1 5172 5174 5176 -1 5175 5207 5176 -1 5174 5172 5184 -1 5184 5185 5174 -1 5174 5185 5187 -1 5165 5174 5187 -1 5165 5164 5175 -1 5186 5168 5187 -1 5165 5187 5168 -1 5165 5168 5166 -1 5168 5186 5189 -1 5190 5157 5168 -1 5191 5193 5200 -1 5199 5202 5177 -1 5177 5202 5179 -1 5190 5199 5157 -1 5199 5177 5157 -1 5161 5177 5179 -1 5161 5158 5177 -1 5179 5202 5162 -1 5147 5158 5161 -1 5198 5195 5208 -1 5209 5178 5198 -1 5172 5169 5210 -1 5183 5172 5210 -1 5183 5211 5184 -1 5211 5212 5184 -1 5184 5212 5185 -1 5185 5212 5213 -1 5192 5188 5214 -1 5215 5188 5192 -1 5189 5188 5215 -1 5191 5215 5192 -1 5194 5192 5216 -1 5208 5195 5197 -1 5191 5189 5215 -1 5191 5199 5189 -1 5199 5191 5200 -1 5201 5203 5200 -1 5200 5203 5202 -1 5145 5180 5209 -1 5209 5180 5178 -1 5146 5145 5217 -1 5204 5137 5218 -1 5138 5204 5163 -1 5127 5126 5163 -1 5131 5129 5205 -1 5205 5219 5131 -1 5219 5132 5131 -1 5154 5132 5220 -1 5209 5198 5208 -1 5182 5221 5169 -1 5213 5214 5188 -1 5188 5185 5213 -1 5192 5214 5216 -1 5208 5197 5222 -1 5223 5145 5209 -1 5224 5146 5217 -1 5137 5146 5224 -1 5154 5225 5181 -1 5226 5169 5221 -1 5145 5223 5217 -1 5227 5214 5213 -1 5194 5228 5197 -1 5220 5132 5219 -1 5221 5182 5229 -1 5210 5169 5226 -1 5211 5183 5210 -1 5213 5212 5227 -1 5230 5226 5221 -1 5216 5214 5231 -1 5194 5216 5232 -1 5222 5197 5228 -1 5218 5137 5224 -1 5223 5233 5217 -1 5234 5163 5204 -1 5103 5206 5235 -1 5236 5212 5211 -1 5227 5212 5236 -1 5237 5229 5182 -1 5238 5211 5210 -1 5194 5232 5239 -1 5228 5240 5222 -1 5208 5222 5240 -1 5241 5208 5240 -1 5209 5208 5241 -1 5127 5163 5205 -1 5205 5242 5219 -1 5220 5219 5242 -1 5154 5220 5225 -1 5181 5206 5101 -1 5230 5243 5226 -1 5229 5237 5244 -1 5245 5236 5211 -1 5214 5227 5246 -1 5223 5209 5247 -1 5248 5218 5224 -1 5243 5249 5226 -1 5230 5221 5229 -1 5238 5210 5226 -1 5236 5250 5227 -1 5246 5231 5214 -1 5232 5216 5251 -1 5239 5228 5194 -1 5224 5217 5233 -1 5234 5204 5252 -1 5163 5234 5253 -1 5205 5163 5253 -1 5103 5254 5155 -1 5238 5245 5211 -1 5251 5216 5231 -1 5209 5241 5247 -1 5223 5247 5233 -1 5204 5218 5255 -1 5252 5204 5255 -1 5242 5205 5256 -1 5220 5242 5257 -1 5257 5225 5220 -1 5181 5225 5258 -1 5230 5229 5244 -1 5243 5230 5259 -1 5236 5245 5250 -1 5253 5234 5252 -1 5206 5181 5258 -1 5103 5235 5254 -1 5244 5237 5260 -1 5244 5259 5230 -1 5261 5226 5249 -1 5238 5226 5261 -1 5262 5227 5250 -1 5231 5246 5263 -1 5264 5265 5241 -1 5247 5241 5265 -1 5224 5233 5266 -1 5218 5248 5255 -1 5205 5253 5267 -1 5225 5268 5258 -1 5225 5257 5268 -1 5249 5259 5269 -1 5243 5259 5249 -1 5270 5238 5261 -1 5245 5238 5270 -1 5246 5227 5262 -1 5240 5228 5239 -1 5271 5233 5247 -1 5266 5233 5271 -1 5256 5205 5267 -1 5242 5256 5272 -1 5235 5206 5258 -1 5259 5244 5273 -1 5274 5251 5231 -1 5271 5247 5265 -1 5266 5275 5224 -1 5248 5224 5275 -1 5276 5242 5272 -1 5257 5242 5276 -1 5244 5260 5273 -1 5269 5261 5249 -1 5270 5261 5277 -1 5240 5239 5278 -1 5279 5240 5278 -1 5241 5240 5279 -1 5235 5258 5280 -1 5254 5235 5280 -1 5281 5254 5280 -1 5155 5254 5281 -1 5269 5259 5273 -1 5282 5262 5250 -1 5246 5262 5282 -1 5231 5263 5283 -1 5274 5231 5283 -1 5284 5251 5274 -1 5239 5251 5285 -1 5232 5251 5239 -1 5241 5286 5264 -1 5275 5266 5287 -1 5255 5248 5288 -1 5252 5255 5289 -1 5289 5290 5252 -1 5253 5252 5290 -1 5276 5291 5257 -1 5245 5270 5292 -1 5293 5250 5245 -1 5285 5251 5284 -1 5279 5286 5241 -1 5264 5294 5265 -1 5271 5265 5295 -1 5266 5271 5287 -1 5288 5248 5275 -1 5255 5288 5289 -1 5268 5257 5296 -1 5258 5268 5297 -1 5280 5258 5298 -1 5282 5250 5293 -1 5299 5300 5260 -1 5261 5269 5301 -1 5277 5261 5301 -1 5292 5270 5277 -1 5246 5282 5263 -1 5278 5239 5302 -1 5264 5286 5294 -1 5267 5253 5290 -1 5296 5257 5291 -1 5298 5258 5297 -1 5303 5304 5282 -1 5273 5260 5300 -1 5269 5273 5305 -1 5292 5293 5245 -1 5265 5294 5295 -1 5306 5287 5271 -1 5272 5256 5307 -1 5281 5280 5308 -1 5309 5303 5293 -1 5293 5303 5282 -1 5280 5298 5310 -1 5280 5310 5308 -1 5308 5311 5281 -1 5305 5273 5300 -1 5301 5269 5305 -1 5302 5239 5285 -1 5271 5295 5306 -1 5267 5290 5312 -1 5267 5307 5256 -1 5276 5272 5307 -1 5297 5268 5313 -1 5309 5293 5314 -1 5314 5315 5303 -1 5304 5303 5315 -1 5263 5282 5304 -1 5310 5298 5316 -1 5308 5310 5317 -1 5292 5277 5318 -1 5303 5309 5314 -1 5263 5319 5283 -1 5284 5274 5283 -1 5285 5284 5320 -1 5320 5302 5285 -1 5321 5302 5322 -1 5302 5321 5278 -1 5278 5321 5279 -1 5286 5321 5294 -1 5295 5294 5323 -1 5324 5287 5306 -1 5275 5287 5324 -1 5293 5292 5314 -1 5297 5313 5316 -1 5298 5297 5316 -1 5318 5314 5292 -1 5289 5312 5290 -1 5307 5267 5312 -1 5307 5291 5276 -1 5325 5313 5296 -1 5268 5296 5313 -1 5317 5310 5316 -1 5300 5299 5326 -1 5305 5327 5301 -1 5277 5301 5327 -1 5284 5283 5319 -1 5279 5321 5286 -1 5323 5294 5321 -1 5328 5300 5326 -1 5328 5329 5305 -1 5300 5328 5305 -1 5329 5327 5305 -1 5327 5330 5277 -1 5330 5318 5277 -1 5319 5304 5315 -1 5263 5304 5319 -1 5306 5295 5331 -1 5332 5324 5306 -1 5288 5275 5333 -1 5334 5312 5289 -1 5296 5291 5325 -1 5333 5275 5324 -1 5288 5335 5289 -1 5334 5289 5335 -1 5307 5312 5334 -1 5291 5307 5336 -1 5313 5325 5337 -1 5308 5317 5338 -1 5311 5308 5338 -1 5339 5311 5338 -1 5340 5341 5342 -1 5342 5343 5340 -1 5344 5345 5346 -1 5344 5341 5345 -1 5347 5348 5349 -1 5344 5350 5351 -1 5351 5350 5352 -1 5353 5352 5350 -1 5329 5328 5354 -1 5354 5327 5329 -1 5354 5330 5327 -1 5355 5318 5330 -1 5314 5318 5355 -1 5315 5314 5356 -1 5320 5284 5319 -1 5302 5320 5322 -1 5321 5322 5357 -1 5323 5321 5358 -1 5359 5288 5333 -1 5360 5361 5362 -1 5361 5360 5363 -1 5364 5363 5360 -1 5365 5361 5366 -1 5366 5361 5363 -1 5325 5291 5336 -1 5313 5367 5316 -1 5316 5367 5368 -1 5316 5368 5317 -1 5317 5368 5369 -1 5369 5338 5317 -1 5338 5370 5339 -1 5371 5372 5326 -1 5372 5373 5326 -1 5374 5375 5376 -1 5346 5345 5377 -1 5378 5351 5352 -1 5378 5352 5379 -1 5328 5326 5373 -1 5356 5314 5355 -1 5319 5315 5356 -1 5357 5358 5321 -1 5332 5306 5331 -1 5332 5333 5324 -1 5288 5359 5335 -1 5380 5381 5382 -1 5383 5384 5385 -1 5385 5386 5383 -1 5386 5385 5361 -1 5361 5387 5362 -1 5384 5387 5385 -1 5385 5387 5361 -1 5363 5364 5388 -1 5365 5389 5390 -1 5363 5388 5391 -1 5392 5393 5389 -1 5388 5364 5394 -1 5388 5394 5391 -1 5334 5395 5307 -1 5336 5307 5395 -1 5396 5325 5336 -1 5325 5396 5337 -1 5313 5337 5367 -1 5368 5397 5369 -1 5370 5369 5397 -1 5338 5369 5370 -1 5370 5397 5398 -1 5398 5339 5370 -1 5399 5374 5376 -1 5400 5343 5401 -1 5402 5375 5401 -1 5343 5342 5349 -1 5349 5342 5351 -1 5342 5341 5344 -1 5344 5351 5342 -1 5350 5344 5346 -1 5376 5375 5402 -1 5401 5348 5402 -1 5402 5348 5347 -1 5347 5376 5402 -1 5401 5343 5348 -1 5349 5348 5343 -1 5347 5349 5378 -1 5347 5403 5376 -1 5404 5347 5378 -1 5404 5403 5347 -1 5405 5404 5378 -1 5404 5405 5382 -1 5349 5351 5378 -1 5405 5378 5379 -1 5403 5404 5406 -1 5381 5406 5404 -1 5381 5404 5382 -1 5361 5365 5386 -1 5390 5389 5407 -1 5366 5363 5408 -1 5363 5391 5408 -1 5366 5389 5365 -1 5407 5389 5393 -1 5393 5409 5407 -1 5410 5409 5393 -1 5393 5392 5410 -1 5366 5408 5389 -1 5408 5392 5389 -1 5392 5411 5410 -1 5412 5410 5411 -1 5413 5412 5411 -1 5411 5392 5408 -1 5414 5410 5412 -1 5414 5412 5415 -1 5416 5415 5412 -1 5412 5413 5416 -1 5397 5416 5413 -1 5417 5415 5416 -1 5417 5368 5367 -1 5417 5416 5368 -1 5397 5368 5416 -1 5413 5418 5397 -1 5346 5377 5419 -1 5346 5420 5350 -1 5421 5350 5420 -1 5405 5422 5382 -1 5422 5423 5382 -1 5362 5424 5425 -1 5354 5328 5426 -1 5319 5427 5320 -1 5357 5322 5428 -1 5295 5323 5429 -1 5331 5295 5429 -1 5430 5431 5406 -1 5406 5431 5403 -1 5380 5382 5432 -1 5433 5390 5434 -1 5423 5432 5382 -1 5423 5383 5432 -1 5383 5423 5422 -1 5384 5383 5422 -1 5386 5432 5383 -1 5435 5362 5436 -1 5362 5387 5436 -1 5432 5386 5365 -1 5437 5438 5439 -1 5440 5441 5415 -1 5334 5335 5442 -1 5396 5336 5443 -1 5337 5443 5417 -1 5337 5396 5443 -1 5367 5337 5417 -1 5346 5419 5420 -1 5444 5353 5350 -1 5353 5445 5352 -1 5353 5444 5445 -1 5379 5352 5446 -1 5447 5379 5446 -1 5405 5379 5447 -1 5422 5405 5447 -1 5422 5447 5448 -1 5424 5362 5435 -1 5426 5328 5373 -1 5354 5449 5330 -1 5355 5330 5449 -1 5449 5450 5355 -1 5320 5427 5451 -1 5322 5320 5451 -1 5451 5428 5322 -1 5429 5323 5358 -1 5452 5333 5332 -1 5359 5333 5452 -1 5359 5442 5335 -1 5453 5403 5431 -1 5454 5431 5430 -1 5455 5434 5439 -1 5422 5448 5384 -1 5384 5436 5387 -1 5456 5455 5457 -1 5438 5458 5457 -1 5334 5442 5395 -1 5459 5460 5442 -1 5442 5460 5395 -1 5443 5460 5440 -1 5395 5460 5336 -1 5460 5443 5336 -1 5461 5399 5376 -1 5453 5399 5461 -1 5376 5403 5461 -1 5403 5453 5461 -1 5462 5453 5463 -1 5463 5453 5454 -1 5464 5463 5454 -1 5464 5465 5463 -1 5465 5466 5463 -1 5466 5465 5467 -1 5467 5455 5456 -1 5454 5453 5431 -1 5430 5464 5454 -1 5468 5465 5464 -1 5464 5430 5468 -1 5430 5406 5381 -1 5381 5468 5430 -1 5433 5468 5381 -1 5380 5433 5381 -1 5468 5467 5465 -1 5468 5433 5467 -1 5467 5433 5434 -1 5467 5434 5455 -1 5433 5380 5390 -1 5469 5374 5462 -1 5434 5407 5439 -1 5407 5434 5390 -1 5399 5462 5374 -1 5432 5365 5380 -1 5365 5390 5380 -1 5457 5455 5438 -1 5462 5399 5453 -1 5455 5439 5438 -1 5407 5437 5439 -1 5437 5407 5409 -1 5437 5458 5438 -1 5437 5409 5470 -1 5414 5409 5410 -1 5471 5458 5470 -1 5471 5470 5441 -1 5441 5472 5471 -1 5472 5441 5473 -1 5458 5437 5470 -1 5414 5470 5409 -1 5414 5441 5470 -1 5441 5414 5474 -1 5474 5414 5415 -1 5441 5474 5415 -1 5472 5473 5459 -1 5459 5473 5440 -1 5473 5441 5440 -1 5459 5440 5460 -1 5415 5417 5440 -1 5417 5443 5440 -1 5442 5475 5459 -1 5476 5372 5371 -1 5477 5372 5476 -1 5372 5477 5478 -1 5444 5350 5421 -1 5446 5352 5445 -1 5448 5447 5479 -1 5480 5384 5448 -1 5425 5424 5481 -1 5372 5478 5373 -1 5478 5426 5373 -1 5426 5482 5354 -1 5449 5354 5482 -1 5483 5449 5482 -1 5450 5484 5355 -1 5356 5485 5319 -1 5486 5487 5488 -1 5487 5489 5490 -1 5491 5492 5486 -1 5485 5427 5319 -1 5357 5493 5358 -1 5358 5494 5429 -1 5495 5496 5497 -1 5498 5495 5493 -1 5497 5499 5495 -1 5500 5499 5452 -1 5429 5332 5331 -1 5359 5452 5499 -1 5499 5501 5359 -1 5501 5475 5359 -1 5442 5359 5475 -1 5480 5436 5384 -1 5477 5502 5503 -1 5477 5503 5478 -1 5479 5480 5448 -1 5478 5504 5426 -1 5478 5503 5504 -1 5426 5504 5482 -1 5482 5504 5505 -1 5483 5482 5505 -1 5506 5450 5483 -1 5450 5449 5483 -1 5450 5487 5484 -1 5484 5356 5355 -1 5484 5490 5356 -1 5490 5485 5356 -1 5485 5507 5427 -1 5427 5507 5451 -1 5451 5507 5428 -1 5498 5428 5507 -1 5498 5493 5428 -1 5428 5493 5357 -1 5495 5494 5493 -1 5494 5358 5493 -1 5507 5489 5492 -1 5507 5492 5498 -1 5492 5495 5498 -1 5494 5500 5429 -1 5429 5500 5332 -1 5500 5452 5332 -1 5480 5435 5436 -1 5504 5503 5463 -1 5466 5505 5504 -1 5466 5504 5463 -1 5466 5506 5505 -1 5483 5505 5506 -1 5488 5506 5466 -1 5466 5467 5488 -1 5490 5507 5485 -1 5487 5506 5488 -1 5487 5450 5506 -1 5487 5490 5484 -1 5488 5467 5456 -1 5456 5486 5488 -1 5457 5486 5456 -1 5487 5486 5489 -1 5486 5492 5489 -1 5490 5489 5507 -1 5486 5457 5458 -1 5458 5491 5486 -1 5471 5508 5491 -1 5496 5495 5492 -1 5508 5496 5492 -1 5509 5496 5508 -1 5497 5496 5509 -1 5491 5508 5492 -1 5509 5508 5471 -1 5509 5471 5472 -1 5494 5495 5499 -1 5501 5499 5497 -1 5494 5499 5500 -1 5502 5477 5469 -1 5497 5509 5501 -1 5475 5501 5509 -1 5502 5462 5503 -1 5462 5502 5469 -1 5463 5503 5462 -1 5471 5491 5458 -1 5475 5509 5459 -1 5509 5472 5459 -1 5510 5481 5511 -1 5446 5445 5479 -1 5445 5512 5479 -1 5447 5446 5479 -1 5424 5512 5481 -1 5512 5480 5479 -1 5480 5512 5424 -1 5435 5480 5424 -1 5444 5512 5445 -1 5419 5511 5420 -1 5511 5421 5420 -1 5421 5511 5444 -1 5444 5511 5481 -1 5481 5512 5444 -1 5513 5514 5515 -1 5516 5517 5518 -1 5519 5520 5521 -1 5520 5522 5515 -1 5523 5520 5519 -1 5522 5520 5523 -1 5522 5524 5515 -1 5513 5515 5524 -1 5513 5525 5526 -1 5525 5513 5524 -1 5525 5527 5526 -1 5528 5529 5530 -1 5531 5532 5533 -1 5531 5533 5534 -1 5535 5531 5536 -1 5536 5531 5534 -1 5536 5537 5538 -1 5539 5538 5537 -1 5533 5540 5534 -1 5534 5541 5536 -1 5542 5540 5528 -1 5521 5541 5540 -1 5543 5541 5521 -1 5516 5518 5544 -1 5517 5545 5530 -1 5517 5516 5546 -1 5545 5517 5546 -1 5530 5545 5528 -1 5528 5545 5542 -1 5519 5521 5547 -1 5521 5548 5547 -1 5549 5550 5551 -1 5551 5550 5552 -1 5552 5553 5554 -1 5555 5554 5556 -1 5556 5538 5539 -1 5555 5556 5539 -1 5557 5555 5539 -1 5555 5557 5552 -1 5551 5552 5557 -1 5557 5558 5551 -1 5557 5559 5558 -1 5537 5560 5539 -1 5557 5539 5561 -1 5560 5561 5539 -1 5560 5562 5563 -1 5564 5526 5527 -1 5524 5565 5525 -1 5565 5566 5525 -1 5527 5525 5566 -1 5567 5527 5566 -1 5568 5535 5538 -1 5532 5569 5533 -1 5570 5517 5530 -1 5517 5570 5518 -1 5571 5529 5533 -1 5530 5529 5571 -1 5529 5540 5533 -1 5531 5535 5532 -1 5536 5538 5535 -1 5537 5536 5572 -1 5560 5537 5562 -1 5540 5541 5534 -1 5543 5572 5541 -1 5540 5542 5548 -1 5548 5521 5540 -1 5572 5536 5541 -1 5537 5572 5514 -1 5562 5537 5514 -1 5514 5572 5543 -1 5521 5520 5543 -1 5514 5543 5520 -1 5520 5515 5514 -1 5553 5552 5550 -1 5554 5568 5538 -1 5555 5552 5554 -1 5556 5554 5538 -1 5514 5513 5562 -1 5562 5573 5563 -1 5573 5562 5513 -1 5513 5526 5573 -1 5528 5540 5529 -1 5542 5545 5546 -1 5542 5574 5548 -1 5575 5576 5577 -1 5576 5549 5578 -1 5549 5551 5578 -1 5559 5579 5558 -1 5557 5580 5559 -1 5561 5560 5563 -1 5561 5580 5557 -1 5563 5573 5564 -1 5581 5564 5527 -1 5567 5581 5527 -1 5547 5548 5574 -1 5519 5582 5523 -1 5583 5575 5577 -1 5576 5578 5577 -1 5579 5578 5551 -1 5579 5551 5558 -1 5563 5580 5561 -1 5563 5564 5580 -1 5580 5564 5584 -1 5585 5565 5524 -1 5586 5581 5567 -1 5554 5553 5568 -1 5526 5564 5573 -1 5522 5523 5582 -1 5575 5583 5587 -1 5588 5587 5583 -1 5589 5578 5579 -1 5583 5577 5578 -1 5583 5578 5589 -1 5579 5559 5590 -1 5559 5580 5591 -1 5592 5564 5581 -1 5590 5559 5591 -1 5546 5574 5542 -1 5589 5579 5590 -1 5591 5580 5584 -1 5592 5584 5564 -1 5593 5584 5592 -1 5593 5591 5584 -1 5585 5524 5522 -1 5567 5566 5594 -1 5594 5586 5567 -1 5595 5587 5588 -1 5595 5596 5597 -1 5595 5588 5596 -1 5583 5598 5588 -1 5596 5588 5598 -1 5598 5599 5596 -1 5583 5589 5598 -1 5589 5590 5600 -1 5595 5597 5601 -1 5602 5601 5597 -1 5516 5544 5603 -1 5582 5547 5604 -1 5599 5598 5605 -1 5606 5607 5608 -1 5609 5610 5606 -1 5593 5592 5611 -1 5592 5581 5586 -1 5600 5590 5591 -1 5612 5591 5593 -1 5613 5614 5615 -1 5616 5617 5613 -1 5617 5614 5613 -1 5546 5516 5618 -1 5574 5546 5619 -1 5519 5547 5582 -1 5522 5582 5620 -1 5621 5610 5609 -1 5622 5611 5592 -1 5623 5624 5611 -1 5623 5611 5625 -1 5626 5623 5627 -1 5614 5626 5627 -1 5628 5614 5629 -1 5627 5623 5630 -1 5630 5631 5627 -1 5631 5614 5627 -1 5631 5615 5614 -1 5614 5617 5629 -1 5616 5632 5617 -1 5633 5634 5635 -1 5634 5616 5635 -1 5636 5633 5635 -1 5636 5635 5637 -1 5605 5598 5638 -1 5638 5598 5589 -1 5589 5600 5638 -1 5639 5605 5638 -1 5608 5605 5639 -1 5599 5605 5608 -1 5638 5600 5640 -1 5640 5641 5638 -1 5638 5641 5639 -1 5606 5608 5609 -1 5609 5608 5639 -1 5600 5591 5612 -1 5640 5600 5612 -1 5640 5642 5641 -1 5642 5640 5612 -1 5611 5612 5593 -1 5624 5612 5611 -1 5626 5614 5628 -1 5639 5641 5621 -1 5609 5639 5621 -1 5610 5621 5643 -1 5634 5633 5644 -1 5603 5618 5516 -1 5547 5574 5604 -1 5625 5611 5622 -1 5624 5642 5612 -1 5565 5585 5645 -1 5566 5565 5645 -1 5594 5566 5645 -1 5630 5623 5625 -1 5621 5642 5646 -1 5647 5646 5642 -1 5643 5646 5648 -1 5634 5648 5632 -1 5647 5628 5629 -1 5617 5649 5629 -1 5617 5632 5649 -1 5634 5632 5616 -1 5648 5634 5644 -1 5635 5616 5650 -1 5619 5546 5618 -1 5622 5592 5586 -1 5585 5522 5620 -1 5647 5629 5649 -1 5651 5646 5647 -1 5651 5648 5646 -1 5647 5649 5651 -1 5651 5649 5632 -1 5615 5631 5652 -1 5650 5616 5613 -1 5635 5650 5653 -1 5637 5635 5653 -1 5626 5642 5624 -1 5628 5642 5626 -1 5624 5623 5626 -1 5641 5642 5621 -1 5646 5643 5621 -1 5644 5643 5648 -1 5642 5628 5647 -1 5651 5632 5648 -1 5613 5615 5652 -1 5613 5654 5650 -1 5604 5574 5655 -1 5620 5656 5585 -1 5585 5657 5645 -1 5658 5645 5657 -1 5658 5594 5645 -1 5594 5659 5586 -1 5622 5586 5659 -1 5660 5625 5622 -1 5661 5625 5660 -1 5630 5625 5661 -1 5662 5630 5661 -1 5631 5630 5662 -1 5653 5650 5663 -1 5582 5604 5664 -1 5656 5657 5585 -1 5652 5631 5665 -1 5619 5655 5574 -1 5594 5658 5666 -1 5660 5622 5667 -1 5652 5654 5613 -1 5654 5663 5650 -1 5620 5668 5656 -1 5659 5594 5669 -1 5667 5622 5659 -1 5662 5665 5631 -1 5582 5670 5620 -1 5670 5668 5620 -1 5671 5672 5673 -1 5674 5658 5657 -1 5618 5603 5675 -1 5594 5666 5669 -1 5676 5655 5619 -1 5604 5655 5676 -1 5604 5677 5664 -1 5582 5664 5670 -1 5656 5668 5657 -1 5652 5678 5654 -1 5679 5619 5618 -1 5672 5680 5673 -1 5671 5673 5681 -1 5673 5682 5683 -1 5673 5680 5682 -1 5674 5657 5684 -1 5666 5658 5685 -1 5669 5666 5685 -1 5686 5657 5668 -1 5682 5687 5683 -1 5673 5683 5681 -1 5685 5658 5674 -1 5661 5660 5688 -1 5662 5661 5688 -1 5689 5662 5688 -1 5618 5675 5690 -1 5679 5618 5690 -1 5691 5619 5679 -1 5677 5604 5676 -1 5686 5668 5670 -1 5692 5687 5682 -1 5672 5671 5693 -1 5681 5694 5671 -1 5682 5680 5695 -1 5696 5682 5695 -1 5657 5697 5684 -1 5659 5669 5698 -1 5699 5659 5698 -1 5699 5667 5659 -1 5660 5667 5688 -1 5700 5665 5701 -1 5675 5603 5702 -1 5700 5652 5665 -1 5678 5652 5700 -1 5676 5619 5691 -1 5669 5685 5703 -1 5698 5669 5703 -1 5681 5704 5694 -1 5694 5693 5671 -1 5705 5681 5683 -1 5696 5692 5682 -1 5674 5684 5706 -1 5701 5662 5689 -1 5665 5662 5701 -1 5707 5708 5678 -1 5654 5678 5708 -1 5709 5654 5708 -1 5709 5663 5654 -1 5686 5670 5664 -1 5697 5657 5686 -1 5704 5681 5710 -1 5681 5705 5710 -1 5711 5696 5695 -1 5687 5712 5683 -1 5687 5692 5713 -1 5713 5712 5687 -1 5714 5684 5697 -1 5706 5715 5674 -1 5685 5674 5715 -1 5699 5698 5716 -1 5688 5667 5699 -1 5685 5715 5717 -1 5703 5685 5718 -1 5719 5710 5720 -1 5704 5710 5719 -1 5672 5693 5721 -1 5722 5672 5721 -1 5680 5672 5722 -1 5705 5720 5710 -1 5723 5705 5683 -1 5692 5696 5711 -1 5692 5724 5713 -1 5715 5706 5725 -1 5706 5684 5714 -1 5690 5675 5726 -1 5676 5691 5727 -1 5677 5676 5727 -1 5678 5700 5707 -1 5728 5693 5694 -1 5664 5677 5729 -1 5717 5718 5685 -1 5730 5731 5689 -1 5703 5716 5698 -1 5730 5689 5688 -1 5675 5702 5726 -1 5732 5690 5726 -1 5679 5690 5732 -1 5691 5679 5732 -1 5733 5686 5664 -1 5728 5694 5734 -1 5693 5728 5721 -1 5722 5695 5680 -1 5712 5723 5683 -1 5724 5692 5711 -1 5712 5713 5735 -1 5713 5724 5736 -1 5737 5699 5716 -1 5730 5699 5737 -1 5699 5730 5688 -1 5731 5701 5689 -1 5738 5729 5677 -1 5718 5717 5715 -1 5730 5739 5731 -1 5726 5702 5740 -1 5691 5732 5727 -1 5727 5738 5677 -1 5697 5686 5741 -1 5742 5720 5705 -1 5705 5723 5742 -1 5722 5743 5695 -1 5711 5695 5743 -1 5713 5744 5735 -1 5736 5724 5745 -1 5744 5713 5746 -1 5731 5747 5701 -1 5748 5701 5747 -1 5747 5731 5749 -1 5701 5748 5700 -1 5748 5747 5750 -1 5707 5700 5748 -1 5707 5748 5750 -1 5750 5751 5707 -1 5708 5751 5752 -1 5663 5709 5753 -1 5733 5754 5686 -1 5755 5726 5740 -1 5732 5726 5755 -1 5727 5732 5756 -1 5664 5729 5733 -1 5741 5686 5754 -1 5757 5721 5728 -1 5758 5721 5757 -1 5742 5759 5720 -1 5694 5704 5734 -1 5722 5721 5760 -1 5743 5761 5711 -1 5711 5761 5745 -1 5735 5723 5712 -1 5745 5724 5711 -1 5745 5762 5736 -1 5736 5746 5713 -1 5762 5746 5736 -1 5714 5697 5741 -1 5739 5730 5737 -1 5749 5731 5739 -1 5750 5747 5749 -1 5751 5708 5707 -1 5709 5708 5752 -1 5733 5763 5754 -1 5718 5715 5725 -1 5732 5755 5756 -1 5764 5738 5727 -1 5720 5765 5719 -1 5760 5743 5722 -1 5735 5744 5766 -1 5721 5758 5760 -1 5758 5767 5768 -1 5768 5769 5770 -1 5762 5745 5771 -1 5746 5772 5744 -1 5773 5706 5714 -1 5703 5718 5774 -1 5775 5703 5774 -1 5716 5703 5775 -1 5737 5716 5775 -1 5739 5737 5775 -1 5776 5750 5749 -1 5752 5777 5709 -1 5753 5709 5777 -1 5778 5753 5777 -1 5768 5761 5743 -1 5770 5779 5768 -1 5779 5761 5768 -1 5761 5779 5771 -1 5771 5779 5780 -1 5745 5761 5771 -1 5771 5780 5781 -1 5780 5782 5783 -1 5784 5785 5786 -1 5787 5785 5788 -1 5725 5789 5718 -1 5786 5785 5790 -1 5787 5790 5785 -1 5734 5791 5728 -1 5728 5791 5792 -1 5793 5794 5758 -1 5795 5758 5794 -1 5757 5793 5758 -1 5758 5795 5767 -1 5796 5797 5798 -1 5798 5797 5799 -1 5798 5799 5800 -1 5801 5802 5803 -1 5804 5805 5806 -1 5805 5804 5807 -1 5720 5759 5765 -1 5756 5764 5727 -1 5704 5719 5808 -1 5734 5704 5808 -1 5764 5809 5738 -1 5809 5810 5729 -1 5729 5738 5809 -1 5723 5735 5766 -1 5733 5729 5810 -1 5768 5760 5758 -1 5743 5760 5768 -1 5769 5768 5811 -1 5770 5812 5779 -1 5780 5779 5812 -1 5812 5813 5780 -1 5782 5780 5813 -1 5772 5746 5814 -1 5815 5746 5762 -1 5816 5781 5817 -1 5818 5813 5819 -1 5782 5818 5820 -1 5782 5820 5783 -1 5821 5783 5820 -1 5774 5718 5789 -1 5749 5739 5776 -1 5776 5822 5750 -1 5751 5750 5822 -1 5752 5751 5822 -1 5823 5777 5752 -1 5824 5778 5777 -1 5824 5777 5825 -1 5826 5827 5828 -1 5790 5829 5786 -1 5830 5831 5832 -1 5832 5833 5830 -1 5834 5835 5836 -1 5837 5838 5839 -1 5728 5792 5793 -1 5793 5757 5728 -1 5734 5840 5791 -1 5839 5841 5842 -1 5842 5841 5843 -1 5795 5844 5767 -1 5768 5767 5811 -1 5845 5843 5846 -1 5845 5769 5811 -1 5846 5769 5845 -1 5847 5796 5838 -1 5796 5841 5838 -1 5848 5797 5796 -1 5849 5850 5851 -1 5851 5852 5849 -1 5852 5851 5853 -1 5799 5854 5800 -1 5855 5853 5851 -1 5853 5855 5856 -1 5857 5858 5859 -1 5723 5766 5860 -1 5770 5800 5812 -1 5812 5800 5819 -1 5812 5819 5813 -1 5861 5862 5863 -1 5801 5863 5862 -1 5788 5785 5784 -1 5864 5865 5866 -1 5867 5868 5869 -1 5870 5871 5872 -1 5803 5865 5801 -1 5800 5854 5819 -1 5826 5865 5803 -1 5803 5802 5826 -1 5826 5802 5873 -1 5818 5874 5820 -1 5875 5876 5877 -1 5878 5879 5880 -1 5875 5877 5881 -1 5882 5865 5828 -1 5828 5865 5826 -1 5828 5827 5883 -1 5884 5828 5883 -1 5884 5883 5885 -1 5886 5787 5788 -1 5883 5887 5888 -1 5888 5885 5883 -1 5885 5888 5806 -1 5889 5787 5886 -1 5890 5888 5887 -1 5886 5891 5889 -1 5889 5891 5892 -1 5893 5892 5891 -1 5891 5886 5894 -1 5894 5895 5891 -1 5714 5741 5773 -1 5773 5896 5706 -1 5897 5806 5805 -1 5725 5706 5896 -1 5898 5805 5899 -1 5899 5900 5901 -1 5900 5902 5901 -1 5822 5823 5752 -1 5823 5825 5777 -1 5740 5903 5755 -1 5904 5764 5756 -1 5809 5764 5905 -1 5905 5906 5809 -1 5809 5906 5810 -1 5733 5810 5763 -1 5831 5830 5907 -1 5835 5834 5832 -1 5832 5834 5833 -1 5832 5908 5835 -1 5838 5841 5839 -1 5798 5909 5843 -1 5909 5846 5843 -1 5846 5909 5769 -1 5769 5909 5770 -1 5909 5798 5800 -1 5909 5800 5770 -1 5910 5851 5850 -1 5911 5851 5910 -1 5843 5841 5798 -1 5796 5798 5841 -1 5859 5858 5912 -1 5859 5912 5913 -1 5914 5771 5781 -1 5783 5781 5780 -1 5868 5862 5915 -1 5915 5862 5861 -1 5866 5916 5864 -1 5863 5864 5861 -1 5864 5863 5865 -1 5781 5783 5817 -1 5783 5917 5817 -1 5863 5801 5865 -1 5914 5815 5762 -1 5771 5914 5762 -1 5914 5871 5815 -1 5882 5866 5865 -1 5914 5781 5816 -1 5914 5816 5918 -1 5919 5918 5816 -1 5866 5882 5879 -1 5817 5917 5816 -1 5917 5919 5816 -1 5872 5871 5914 -1 5828 5884 5882 -1 5882 5884 5879 -1 5866 5879 5878 -1 5918 5872 5914 -1 5813 5818 5782 -1 5885 5879 5884 -1 5880 5879 5885 -1 5880 5885 5806 -1 5881 5877 5920 -1 5920 5921 5881 -1 5783 5821 5917 -1 5917 5821 5922 -1 5923 5922 5821 -1 5917 5922 5919 -1 5880 5924 5878 -1 5897 5880 5806 -1 5925 5924 5880 -1 5880 5897 5925 -1 5897 5805 5898 -1 5925 5897 5898 -1 5898 5901 5925 -1 5926 5832 5831 -1 5908 5832 5926 -1 5805 5807 5927 -1 5784 5786 5829 -1 5790 5787 5928 -1 5890 5806 5888 -1 5806 5890 5804 -1 5927 5899 5805 -1 5870 5929 5930 -1 5741 5931 5773 -1 5830 5833 5932 -1 5933 5932 5833 -1 5833 5934 5933 -1 5908 5935 5835 -1 5834 5934 5833 -1 5935 5908 5936 -1 5934 5834 5937 -1 5834 5836 5937 -1 5836 5938 5939 -1 5835 5938 5836 -1 5938 5835 5935 -1 5937 5836 5939 -1 5837 5847 5838 -1 5940 5793 5792 -1 5840 5734 5808 -1 5839 5842 5941 -1 5795 5794 5844 -1 5794 5942 5844 -1 5811 5767 5844 -1 5845 5842 5843 -1 5796 5847 5943 -1 5944 5945 5946 -1 5943 5848 5796 -1 5946 5945 5947 -1 5948 5946 5947 -1 5949 5799 5797 -1 5854 5799 5950 -1 5951 5946 5948 -1 5952 5857 5859 -1 5952 5859 5913 -1 5953 5952 5913 -1 5953 5913 5954 -1 5857 5955 5858 -1 5858 5955 5956 -1 5957 5912 5858 -1 5958 5912 5959 -1 5742 5723 5860 -1 5744 5772 5814 -1 5815 5871 5960 -1 5961 5929 5870 -1 5872 5961 5870 -1 5784 5929 5961 -1 5788 5784 5961 -1 5854 5950 5819 -1 5950 5818 5819 -1 5818 5950 5874 -1 5962 5877 5874 -1 5962 5963 5877 -1 5964 5965 5966 -1 5966 5965 5920 -1 5820 5874 5876 -1 5874 5877 5876 -1 5875 5967 5876 -1 5820 5876 5821 -1 5967 5821 5876 -1 5923 5821 5967 -1 5920 5965 5921 -1 5881 5921 5968 -1 5969 5889 5892 -1 5787 5889 5969 -1 5893 5891 5970 -1 5970 5891 5895 -1 5971 5895 5725 -1 5970 5895 5971 -1 5789 5725 5895 -1 5894 5789 5895 -1 5971 5725 5896 -1 5774 5789 5894 -1 5894 5972 5774 -1 5774 5972 5775 -1 5972 5973 5775 -1 5739 5775 5973 -1 5973 5974 5739 -1 5739 5974 5776 -1 5822 5776 5974 -1 5975 5822 5974 -1 5976 5977 5978 -1 5861 5978 5958 -1 5915 5979 5868 -1 5980 5864 5916 -1 5869 5868 5979 -1 5868 5867 5862 -1 5981 5862 5867 -1 5801 5862 5981 -1 5981 5982 5801 -1 5802 5801 5982 -1 5827 5983 5883 -1 5887 5883 5983 -1 5898 5899 5901 -1 5902 5900 5984 -1 5906 5902 5985 -1 5903 5986 5755 -1 5987 5904 5986 -1 5755 5904 5756 -1 5986 5904 5755 -1 5904 5987 5905 -1 5904 5905 5764 -1 5906 5985 5810 -1 5988 5754 5763 -1 5830 5989 5907 -1 5989 5830 5932 -1 5907 5989 5990 -1 5807 5804 5890 -1 5741 5754 5931 -1 5928 5829 5790 -1 5930 5929 5991 -1 5928 5787 5992 -1 5934 5937 5993 -1 5938 5935 5994 -1 5837 5839 5995 -1 5847 5837 5996 -1 5997 5793 5940 -1 5839 5998 5995 -1 5998 5839 5941 -1 5941 5999 6000 -1 5794 5793 5997 -1 6000 5999 5942 -1 5999 5844 5942 -1 5811 5844 5999 -1 5811 5999 5845 -1 5797 5848 6001 -1 6001 5949 5797 -1 6002 5849 5852 -1 5949 6003 5799 -1 6004 5945 5944 -1 5950 5799 6003 -1 5853 6005 6006 -1 6005 5853 5856 -1 6007 6005 6008 -1 6005 5856 6009 -1 6010 6009 5856 -1 5956 5957 5858 -1 5959 5912 5957 -1 5979 5958 5959 -1 5958 5979 5915 -1 5719 5765 6011 -1 6011 5765 6012 -1 5766 5744 6013 -1 5746 6014 5814 -1 5746 5815 6014 -1 5815 5960 6014 -1 5784 6015 5929 -1 6015 5784 5829 -1 5960 5871 5870 -1 5962 5950 6016 -1 5874 5950 5962 -1 6008 5963 5962 -1 6017 5964 6008 -1 5964 6017 5965 -1 5963 5966 5920 -1 5881 5967 5875 -1 5968 5967 5881 -1 5967 5968 5923 -1 5968 5921 6018 -1 5923 5968 6019 -1 6020 5968 6018 -1 6019 5968 6020 -1 6017 6010 6021 -1 6021 6022 6017 -1 5980 6023 5978 -1 6023 5980 5916 -1 5864 5980 5978 -1 6022 5965 6017 -1 5869 6024 5867 -1 6022 5921 5965 -1 6025 5826 5873 -1 6018 5921 6022 -1 6025 5827 5826 -1 6026 5827 6025 -1 5983 5827 6026 -1 5890 5887 6027 -1 5992 5787 5969 -1 6028 6029 6030 -1 5900 5899 6031 -1 6028 6030 6032 -1 6028 6032 5973 -1 5973 6032 6033 -1 6033 5974 5973 -1 5975 5974 6033 -1 5975 5823 5822 -1 5824 5825 6034 -1 5941 5842 5999 -1 5999 5842 5845 -1 6008 6005 6009 -1 5851 5911 6035 -1 5855 5851 6035 -1 5954 6036 5953 -1 6036 5954 6037 -1 5912 5977 5913 -1 5977 5912 5958 -1 5872 6038 5961 -1 5872 5918 6038 -1 5919 6038 5918 -1 5966 5963 6008 -1 6008 5964 5966 -1 5877 5963 5920 -1 6039 5922 5923 -1 5954 5913 5977 -1 5954 5977 5976 -1 5978 5977 5958 -1 6019 6039 5923 -1 5954 5976 6037 -1 5915 5861 5958 -1 6040 6039 6041 -1 5978 5861 5864 -1 6042 5922 6039 -1 5976 5978 6023 -1 5916 6043 6023 -1 6042 5919 5922 -1 6044 6043 5916 -1 5919 6042 6045 -1 6042 6039 6040 -1 6044 5916 5866 -1 6040 6041 6046 -1 5866 6047 6044 -1 6046 6042 6040 -1 6048 6042 6046 -1 5878 6047 5866 -1 6019 6020 6039 -1 5878 6049 6047 -1 6039 6020 6041 -1 5886 5788 6029 -1 5886 6029 5894 -1 5972 5894 6028 -1 5961 6029 5788 -1 5961 6038 6030 -1 6050 6030 6038 -1 5919 6050 6038 -1 6051 6050 5919 -1 6049 5878 5924 -1 6028 5894 6029 -1 6030 6029 5961 -1 6028 5973 5972 -1 5924 5925 5987 -1 5987 6052 5924 -1 5987 5986 6052 -1 6051 5919 6045 -1 5987 5925 5905 -1 6045 6042 6048 -1 5925 5901 5905 -1 5906 5905 5901 -1 5902 5906 5901 -1 5931 5754 5988 -1 5870 5930 5960 -1 5807 5890 6053 -1 5989 5932 6054 -1 5994 5935 6055 -1 5937 5939 6056 -1 5939 5938 5994 -1 5996 5837 6057 -1 6058 6059 5995 -1 5837 5995 6057 -1 5792 5791 6060 -1 5940 5792 6060 -1 6061 5998 5941 -1 5941 6000 6061 -1 5997 6062 5794 -1 5848 5943 6001 -1 5850 5849 6063 -1 5853 6006 5852 -1 6016 5950 6003 -1 6064 6016 6003 -1 6065 6006 6005 -1 6066 6067 6068 -1 6066 6068 6069 -1 6070 6071 6072 -1 6072 6071 6073 -1 6074 6073 6071 -1 5952 6075 5857 -1 5953 6076 5952 -1 6077 6078 6079 -1 6080 6079 6078 -1 6081 5956 5955 -1 5765 5759 6082 -1 5840 5808 6083 -1 6079 6080 6084 -1 5759 5742 5860 -1 6085 6086 6074 -1 5814 6087 5744 -1 6086 6085 6080 -1 5814 6014 6088 -1 6080 6085 6089 -1 6089 6084 6080 -1 5956 6090 6091 -1 6091 5957 5956 -1 6016 6007 6008 -1 6064 6007 6016 -1 6016 6008 5962 -1 6092 5957 6091 -1 6009 6017 6008 -1 5957 6092 6093 -1 5957 6093 5959 -1 5959 6093 6094 -1 5959 6094 5979 -1 6018 6022 6095 -1 6096 5979 6094 -1 6018 6095 6020 -1 5892 5893 6097 -1 5893 5970 6098 -1 5970 5971 6099 -1 6032 6100 6033 -1 6101 6033 6100 -1 5975 6033 6101 -1 5975 6102 5823 -1 6102 5825 5823 -1 5979 6096 5869 -1 6024 5869 6096 -1 5981 5867 6103 -1 6104 5802 6105 -1 5873 5802 6104 -1 5983 6106 5887 -1 6106 6027 5887 -1 6031 5899 5927 -1 6107 5902 5984 -1 5810 5985 6108 -1 5763 5810 6108 -1 5927 5807 6053 -1 5990 5989 6109 -1 6110 5932 5933 -1 6110 5933 6111 -1 5933 5934 6111 -1 5935 5936 6112 -1 5993 5937 6113 -1 5937 6056 6113 -1 6057 5995 6059 -1 5997 5940 6060 -1 5942 5794 6114 -1 5943 5847 6115 -1 5943 6115 6116 -1 6116 6001 5943 -1 5850 6063 6117 -1 6063 5849 6002 -1 5852 6006 6118 -1 6003 5949 6119 -1 6003 6119 6064 -1 6077 6120 6068 -1 6070 6121 6122 -1 6070 6122 6071 -1 6074 6071 6123 -1 5947 5945 6124 -1 5948 5947 6124 -1 6075 6125 5857 -1 6077 6079 6120 -1 6126 6120 6079 -1 6081 6127 5956 -1 5956 6127 6090 -1 6126 6079 6128 -1 6084 6128 6079 -1 6085 6129 6089 -1 6084 6089 6130 -1 6130 6089 6129 -1 6094 6093 6131 -1 6094 6131 6096 -1 6012 5765 6082 -1 6083 5719 6011 -1 5808 5719 6083 -1 5860 5766 6132 -1 6132 5766 6013 -1 5744 6087 6013 -1 5960 5930 6133 -1 5991 5929 6015 -1 5928 5992 6134 -1 6097 5893 6098 -1 6098 5970 6135 -1 6101 6136 6102 -1 6101 6102 5975 -1 6024 6096 6137 -1 5981 6105 5982 -1 5802 5982 6105 -1 6027 6138 5890 -1 6139 5890 6138 -1 5985 5902 6107 -1 5988 5763 6108 -1 6007 6064 6065 -1 6065 6005 6007 -1 6140 6067 6066 -1 6072 6140 6070 -1 6072 6067 6140 -1 6067 6072 6078 -1 6077 6068 6067 -1 6078 6077 6067 -1 6078 6072 6086 -1 6073 6086 6072 -1 6078 6086 6080 -1 6073 6074 6086 -1 6010 6017 6009 -1 6100 6030 6050 -1 6030 6100 6032 -1 6045 6048 6141 -1 6051 6045 6141 -1 6050 6051 6100 -1 6101 6100 6051 -1 6051 6141 6136 -1 6101 6051 6136 -1 5927 6053 6139 -1 6106 5983 6142 -1 6139 6053 5890 -1 5989 6054 6109 -1 6111 5934 6143 -1 5939 5994 6144 -1 6057 6059 6145 -1 6060 5791 6146 -1 6146 5791 5840 -1 6062 5997 6147 -1 6000 5942 6148 -1 6117 6149 5850 -1 6150 5949 6001 -1 6118 6002 5852 -1 5949 6150 6119 -1 6119 6118 6065 -1 6118 6006 6065 -1 6151 6069 6068 -1 6064 6119 6065 -1 6152 6011 6012 -1 6124 5945 6153 -1 6082 5759 6154 -1 5759 5860 6154 -1 6155 5948 6124 -1 5960 6088 6014 -1 6015 5829 6156 -1 5857 6125 6157 -1 6156 5829 5928 -1 6075 5952 6076 -1 6097 6158 5892 -1 5969 5892 6158 -1 6099 6135 5970 -1 5896 5773 6159 -1 5971 5896 6159 -1 6074 6160 6085 -1 6160 6161 6085 -1 6129 6085 6161 -1 6084 6130 6128 -1 5867 6024 6137 -1 6103 5867 6162 -1 6025 5873 6163 -1 6142 6164 6106 -1 6165 6027 6106 -1 5984 5900 6166 -1 5988 6167 5931 -1 6110 6054 5932 -1 5993 6143 5934 -1 6056 5939 6144 -1 6057 6145 5996 -1 6060 6168 5997 -1 5840 6083 6169 -1 6058 5998 6170 -1 6061 6170 5998 -1 6000 6148 6061 -1 6114 5794 6062 -1 6148 5942 6114 -1 5996 6115 5847 -1 6151 6068 6171 -1 6122 6172 6071 -1 6150 6001 6173 -1 6071 6174 6123 -1 6074 6123 6174 -1 6117 6063 6002 -1 6118 6173 6002 -1 6173 6118 6150 -1 6119 6150 6118 -1 6083 6011 6175 -1 6152 6012 6176 -1 6176 6012 6177 -1 6012 6082 6177 -1 6082 6154 6177 -1 5860 6132 6178 -1 6088 5960 6179 -1 6180 5991 6015 -1 6015 6156 6181 -1 6158 6097 6182 -1 6183 6081 6157 -1 6099 5971 6184 -1 6185 6137 6096 -1 6112 6055 5935 -1 5945 6004 6153 -1 5955 6157 6081 -1 5857 6157 5955 -1 5867 6137 6162 -1 5981 6103 6186 -1 6186 6105 5981 -1 5873 6104 6163 -1 6142 5983 6026 -1 5985 6107 6187 -1 6108 5985 6187 -1 5993 6113 6188 -1 6144 5994 6189 -1 6190 5997 6168 -1 6168 6060 6146 -1 6146 5840 6169 -1 6191 6114 6062 -1 5996 6192 6115 -1 6193 6149 6194 -1 6117 6195 6149 -1 6196 6116 6197 -1 6116 6115 6197 -1 6195 6117 6196 -1 6196 6001 6116 -1 6001 6196 6173 -1 6002 6196 6117 -1 6196 6002 6173 -1 6011 6152 6175 -1 6154 5860 6178 -1 6198 5814 6088 -1 6151 6199 6069 -1 6068 6120 6171 -1 6015 6181 6180 -1 6200 6201 6121 -1 6122 6121 6201 -1 6202 5928 6134 -1 6174 6203 6074 -1 6155 6124 6204 -1 6098 6205 6097 -1 6206 5992 5969 -1 6205 6098 6207 -1 6098 6135 6207 -1 6159 5931 6167 -1 5773 5931 6159 -1 6184 6135 6099 -1 6184 5971 6159 -1 6208 6126 6128 -1 6127 6081 6183 -1 6090 6127 6209 -1 6091 6090 6209 -1 6208 6128 6210 -1 6093 6211 6131 -1 6212 6131 6211 -1 6213 6162 6137 -1 6103 6162 6214 -1 6215 6152 6216 -1 6026 6025 6217 -1 6218 6217 6025 -1 6219 6218 6220 -1 6138 6027 6165 -1 6139 6138 6221 -1 6031 5927 6222 -1 5900 6031 6166 -1 5984 6166 6223 -1 6107 5984 6223 -1 6107 6223 6187 -1 6224 6108 6187 -1 5988 6108 6225 -1 6226 6054 6110 -1 6110 6111 6227 -1 6227 6111 6143 -1 6055 6228 6189 -1 5994 6055 6189 -1 6112 6228 6055 -1 6192 5996 6229 -1 6190 6147 5997 -1 6230 6062 6147 -1 6148 6231 6061 -1 6232 6148 6114 -1 6233 6193 6194 -1 6149 6195 6194 -1 6197 6115 6192 -1 6195 6196 6197 -1 6216 6152 6176 -1 6234 6175 6152 -1 6087 5814 6198 -1 6179 5960 6133 -1 5991 6180 5930 -1 6172 6122 6201 -1 6182 6097 6205 -1 5969 6235 6206 -1 6155 6204 6236 -1 6155 6236 6237 -1 6237 6236 6125 -1 6236 6238 6125 -1 6125 6238 6157 -1 6237 6125 6075 -1 6127 6239 6209 -1 6128 6130 6240 -1 6241 6130 6129 -1 6240 6130 6241 -1 6093 6242 6211 -1 6096 6131 6212 -1 6185 6096 6212 -1 6153 6069 6199 -1 6243 6124 6153 -1 6243 6204 6124 -1 6120 6126 6171 -1 6171 6126 6244 -1 6074 6203 6160 -1 6209 6092 6091 -1 6238 6245 6183 -1 6238 6183 6157 -1 6244 6126 6208 -1 6239 6127 6246 -1 6128 6240 6247 -1 6137 6185 6213 -1 6248 6162 6249 -1 6186 6103 6214 -1 6250 6251 6252 -1 6250 6215 6216 -1 6253 6251 6250 -1 6025 6163 6218 -1 6218 6163 6254 -1 6026 6255 6142 -1 6255 6026 6217 -1 6217 6218 6219 -1 6222 5927 6139 -1 6166 6031 6256 -1 6225 6108 6224 -1 6167 5988 6225 -1 6143 5993 6188 -1 6257 6189 6228 -1 6189 6257 6144 -1 6144 6258 6056 -1 5996 6145 6229 -1 6058 6259 6059 -1 6170 6259 6058 -1 6175 6234 6260 -1 6169 6083 6261 -1 6215 6262 6152 -1 6152 6262 6234 -1 6176 6263 6216 -1 6176 6177 6264 -1 6177 6154 6264 -1 6198 6265 6087 -1 6088 6179 6266 -1 6156 5928 6202 -1 6134 5992 6206 -1 6235 5969 6158 -1 6174 6071 6172 -1 6204 6267 6236 -1 6221 6138 6268 -1 6153 6269 6243 -1 6267 6243 6269 -1 6270 6171 6244 -1 6245 6246 6183 -1 6183 6246 6127 -1 6203 6271 6160 -1 6129 6161 6272 -1 6185 6212 6273 -1 6185 6273 6213 -1 6248 6249 6274 -1 6275 6251 6248 -1 6252 6251 6275 -1 6250 6216 6263 -1 6163 6104 6254 -1 6104 6276 6254 -1 6220 6218 6254 -1 6219 6277 6217 -1 6164 6165 6106 -1 6031 6222 6256 -1 6278 6167 6225 -1 6278 6159 6167 -1 6109 6054 6226 -1 6279 6228 6280 -1 6279 6280 6281 -1 6257 6228 6282 -1 6283 6059 6259 -1 6113 6056 6258 -1 6144 6257 6283 -1 6059 6284 6145 -1 6259 6170 6285 -1 6146 6286 6168 -1 6261 6083 6175 -1 6231 6148 6287 -1 6148 6232 6287 -1 6170 6061 6285 -1 6061 6231 6285 -1 6230 6191 6062 -1 6288 6233 6194 -1 6194 6195 6192 -1 6192 6195 6197 -1 6263 6176 6289 -1 6264 6289 6176 -1 6265 6013 6087 -1 6198 6088 6266 -1 5930 6290 6133 -1 6182 6205 6291 -1 6291 6205 6292 -1 6158 6182 6293 -1 6294 6207 6135 -1 6295 6135 6184 -1 6174 6172 6296 -1 6204 6243 6267 -1 6238 6236 6297 -1 6238 6297 6245 -1 6153 6199 6269 -1 6270 6151 6171 -1 6210 6128 6247 -1 6241 6129 6272 -1 6092 6209 6298 -1 6298 6242 6092 -1 6092 6242 6093 -1 6234 6262 6299 -1 6271 6203 6300 -1 6211 6242 6212 -1 6249 6162 6213 -1 6274 6275 6248 -1 6301 6214 6162 -1 6248 6301 6162 -1 6262 6215 6302 -1 6303 6105 6186 -1 6104 6105 6303 -1 6304 6142 6255 -1 6217 6277 6255 -1 6305 6187 6223 -1 6306 6187 6305 -1 6306 6307 6295 -1 6278 6224 6187 -1 6187 6306 6278 -1 6224 6278 6225 -1 6306 6295 6278 -1 6109 6226 6308 -1 6226 6110 6309 -1 6228 6279 6282 -1 6229 6145 6310 -1 6059 6283 6257 -1 6258 6188 6113 -1 6144 6283 6311 -1 6283 6259 6285 -1 6059 6257 6284 -1 6147 6190 6230 -1 6299 6260 6234 -1 6261 6312 6169 -1 6146 6169 6286 -1 6191 6230 6313 -1 6232 6114 6313 -1 6232 6313 6287 -1 6114 6191 6313 -1 6233 6288 6314 -1 6288 6194 6192 -1 6264 6154 6315 -1 6315 6154 6178 -1 6209 6239 6298 -1 6266 6179 6316 -1 6181 6156 6317 -1 6180 6181 6318 -1 5930 6180 6319 -1 6182 6291 6320 -1 6207 6294 6321 -1 6205 6207 6292 -1 6295 6294 6135 -1 6307 6294 6295 -1 6184 6278 6295 -1 6278 6184 6159 -1 6299 6262 6322 -1 6302 6322 6262 -1 6323 6240 6241 -1 6214 6301 6303 -1 6214 6303 6186 -1 6324 6248 6251 -1 6252 6325 6250 -1 6215 6250 6325 -1 6302 6215 6325 -1 6253 6250 6326 -1 6251 6253 6324 -1 6327 6324 6253 -1 6104 6303 6276 -1 6254 6276 6328 -1 6142 6304 6164 -1 6329 6138 6165 -1 6268 6138 6329 -1 6222 6139 6221 -1 6256 6222 6330 -1 6305 6307 6306 -1 6331 6279 6281 -1 6331 6310 6279 -1 6282 6284 6257 -1 6284 6282 6145 -1 6282 6279 6310 -1 6310 6331 6229 -1 6310 6145 6282 -1 6229 6331 6288 -1 6258 6144 6311 -1 6192 6229 6288 -1 6175 6260 6332 -1 6333 6286 6169 -1 6285 6231 6287 -1 6334 6263 6289 -1 6315 6178 6335 -1 6200 6336 6201 -1 6317 6156 6202 -1 6319 6180 6318 -1 6320 6291 6337 -1 6291 6292 6337 -1 6293 6182 6320 -1 6199 6338 6269 -1 6292 6207 6339 -1 6340 6199 6151 -1 6199 6340 6338 -1 6270 6244 6341 -1 6342 6341 6244 -1 6208 6342 6244 -1 6208 6210 6342 -1 6297 6246 6245 -1 6239 6246 6343 -1 6298 6239 6343 -1 6161 6271 6272 -1 6161 6160 6271 -1 6336 6172 6201 -1 6322 6344 6299 -1 6242 6298 6345 -1 6242 6345 6212 -1 6346 6240 6323 -1 6347 6213 6273 -1 6249 6213 6348 -1 6301 6248 6324 -1 6349 6250 6263 -1 6350 6324 6327 -1 6303 6350 6276 -1 6350 6327 6276 -1 6276 6327 6328 -1 6277 6219 6351 -1 6351 6219 6352 -1 6256 6353 6166 -1 6223 6166 6353 -1 6308 6226 6354 -1 6354 6226 6309 -1 6309 6110 6355 -1 6227 6143 6356 -1 6188 6356 6143 -1 6285 6311 6283 -1 6299 6332 6260 -1 6175 6332 6261 -1 6190 6168 6357 -1 6168 6286 6357 -1 6358 6258 6311 -1 6285 6359 6311 -1 6285 6287 6359 -1 6311 6359 6358 -1 6314 6288 6331 -1 6336 6200 6360 -1 6336 6296 6172 -1 6318 6181 6317 -1 6340 6297 6338 -1 6340 6151 6270 -1 6206 6361 6134 -1 6269 6297 6267 -1 6134 6361 6202 -1 6297 6269 6338 -1 6297 6236 6267 -1 6339 6207 6321 -1 6297 6340 6246 -1 6340 6270 6341 -1 6246 6340 6343 -1 6343 6362 6298 -1 6210 6247 6363 -1 6364 6241 6272 -1 6345 6298 6362 -1 6345 6365 6212 -1 6212 6365 6273 -1 6240 6346 6247 -1 6249 6348 6274 -1 6301 6350 6303 -1 6350 6301 6324 -1 6275 6274 6366 -1 6252 6275 6366 -1 6326 6250 6349 -1 6367 6253 6326 -1 6327 6253 6367 -1 6220 6352 6219 -1 6368 6268 6329 -1 6221 6268 6368 -1 6256 6330 6369 -1 6353 6256 6369 -1 6188 6258 6370 -1 6370 6371 6188 -1 6230 6190 6357 -1 6332 6299 6344 -1 6372 6261 6332 -1 6312 6333 6169 -1 6258 6358 6370 -1 6313 6359 6287 -1 6263 6334 6349 -1 6289 6264 6373 -1 6264 6315 6373 -1 6013 6265 6374 -1 6198 6266 6375 -1 6266 6316 6376 -1 6316 6179 6377 -1 6133 6377 6179 -1 5930 6319 6290 -1 6158 6293 6235 -1 6362 6343 6378 -1 6378 6379 6362 -1 6294 6307 6380 -1 6203 6381 6300 -1 6132 6335 6178 -1 6013 6374 6132 -1 6203 6174 6381 -1 6340 6341 6378 -1 6343 6340 6378 -1 6378 6341 6382 -1 6341 6342 6382 -1 6345 6362 6383 -1 6365 6345 6383 -1 6325 6252 6366 -1 6384 6255 6385 -1 6304 6255 6384 -1 6351 6352 6386 -1 6254 6387 6220 -1 6165 6164 6304 -1 6221 6368 6388 -1 6221 6330 6222 -1 6389 6223 6353 -1 6305 6223 6389 -1 6307 6305 6380 -1 6110 6227 6355 -1 6312 6261 6372 -1 6357 6286 6390 -1 6286 6333 6390 -1 6391 6358 6359 -1 6391 6359 6313 -1 6230 6391 6313 -1 6375 6266 6376 -1 6337 6292 6339 -1 6361 6392 6202 -1 6339 6321 6393 -1 6321 6294 6394 -1 6294 6380 6394 -1 6395 6174 6296 -1 6381 6174 6395 -1 6382 6379 6378 -1 6323 6241 6396 -1 6383 6362 6379 -1 6346 6363 6247 -1 6397 6273 6365 -1 6273 6397 6347 -1 6213 6347 6348 -1 6327 6367 6398 -1 6328 6327 6398 -1 6255 6277 6385 -1 6220 6399 6352 -1 6329 6165 6400 -1 6330 6221 6388 -1 6389 6401 6305 -1 6354 6402 6308 -1 6355 6227 6356 -1 6372 6332 6344 -1 6370 6358 6403 -1 6403 6391 6404 -1 6358 6391 6403 -1 6230 6404 6391 -1 6334 6289 6405 -1 6373 6405 6289 -1 6360 6200 6406 -1 6360 6407 6336 -1 6407 6296 6336 -1 6272 6271 6408 -1 6320 6337 6409 -1 6364 6272 6408 -1 6241 6364 6396 -1 6337 6339 6410 -1 6409 6293 6320 -1 6293 6206 6235 -1 6410 6339 6393 -1 6342 6210 6363 -1 6363 6382 6342 -1 6379 6382 6411 -1 6363 6411 6382 -1 6328 6387 6254 -1 6374 6412 6132 -1 6274 6348 6413 -1 6325 6414 6302 -1 6414 6415 6302 -1 6415 6322 6302 -1 6416 6367 6326 -1 6401 6380 6305 -1 6354 6309 6417 -1 6371 6356 6188 -1 6418 6371 6370 -1 6230 6357 6404 -1 6404 6357 6390 -1 6312 6419 6333 -1 6420 6370 6403 -1 6373 6315 6405 -1 6265 6198 6375 -1 6202 6421 6317 -1 6296 6422 6395 -1 6202 6392 6421 -1 6377 6133 6290 -1 6346 6411 6363 -1 6394 6393 6321 -1 6323 6423 6346 -1 6411 6346 6423 -1 6366 6274 6413 -1 6414 6325 6424 -1 6325 6366 6424 -1 6277 6351 6425 -1 6426 6165 6304 -1 6329 6400 6427 -1 6329 6427 6368 -1 6428 6353 6369 -1 6389 6353 6429 -1 6401 6389 6429 -1 6402 6354 6417 -1 6309 6355 6430 -1 6355 6356 6431 -1 6312 6372 6432 -1 6333 6419 6390 -1 6375 6376 6433 -1 6433 6376 6316 -1 6316 6377 6433 -1 6319 6318 6421 -1 6318 6317 6421 -1 6290 6319 6434 -1 6395 6435 6381 -1 6436 6364 6408 -1 6437 6361 6206 -1 6396 6364 6436 -1 6410 6393 6438 -1 6423 6379 6411 -1 6379 6423 6439 -1 6439 6383 6379 -1 6423 6323 6396 -1 6365 6439 6397 -1 6300 6381 6440 -1 6441 6300 6440 -1 6408 6271 6300 -1 6439 6365 6383 -1 6387 6328 6398 -1 6387 6399 6220 -1 6335 6132 6412 -1 6442 6360 6406 -1 6407 6360 6442 -1 6422 6296 6407 -1 6414 6443 6415 -1 6416 6326 6349 -1 6444 6304 6384 -1 6304 6444 6426 -1 6445 6330 6388 -1 6428 6369 6446 -1 6429 6353 6428 -1 6309 6430 6417 -1 6370 6420 6447 -1 6322 6415 6448 -1 6448 6344 6322 -1 6344 6432 6372 -1 6403 6404 6449 -1 6349 6334 6450 -1 6334 6405 6450 -1 6405 6315 6451 -1 6452 6412 6374 -1 6374 6265 6452 -1 6265 6375 6453 -1 6435 6395 6422 -1 6409 6337 6410 -1 6409 6454 6293 -1 6394 6438 6393 -1 6423 6455 6439 -1 6439 6455 6456 -1 6456 6397 6439 -1 6457 6361 6458 -1 6458 6361 6437 -1 6425 6385 6277 -1 6426 6400 6165 -1 6446 6330 6445 -1 6369 6330 6446 -1 6355 6431 6430 -1 6418 6370 6447 -1 6404 6459 6449 -1 6448 6432 6344 -1 6312 6432 6460 -1 6459 6390 6419 -1 6390 6459 6404 -1 6442 6461 6407 -1 6461 6422 6407 -1 6462 6453 6375 -1 6462 6375 6433 -1 6319 6421 6434 -1 6421 6392 6463 -1 6397 6456 6464 -1 6347 6397 6464 -1 6348 6347 6464 -1 6437 6206 6293 -1 6402 6465 6308 -1 6402 6417 6466 -1 6441 6440 6467 -1 6408 6300 6441 -1 6361 6457 6392 -1 6468 6399 6387 -1 6399 6386 6352 -1 6417 6430 6469 -1 6431 6470 6430 -1 6312 6471 6419 -1 6420 6403 6449 -1 6451 6315 6472 -1 6315 6335 6472 -1 6473 6436 6408 -1 6473 6408 6474 -1 6392 6457 6458 -1 6427 6400 6426 -1 6351 6386 6425 -1 6475 6388 6368 -1 6476 6445 6388 -1 6380 6401 6477 -1 6478 6438 6394 -1 6417 6469 6479 -1 6469 6430 6480 -1 6480 6430 6470 -1 6431 6356 6371 -1 6415 6481 6448 -1 6448 6482 6432 -1 6467 6435 6483 -1 6459 6419 6484 -1 6485 6420 6449 -1 6413 6486 6366 -1 6265 6453 6452 -1 6487 6414 6424 -1 6366 6486 6424 -1 6377 6290 6488 -1 6416 6349 6450 -1 6421 6463 6489 -1 6290 6434 6488 -1 6410 6438 6490 -1 6409 6410 6491 -1 6454 6409 6491 -1 6293 6454 6492 -1 6490 6438 6478 -1 6493 6367 6416 -1 6494 6495 6442 -1 6442 6406 6494 -1 6432 6482 6460 -1 6461 6442 6495 -1 6496 6461 6495 -1 6422 6461 6496 -1 6335 6412 6472 -1 6496 6435 6422 -1 6483 6435 6496 -1 6408 6441 6474 -1 6396 6455 6423 -1 6497 6418 6447 -1 6449 6459 6498 -1 6482 6448 6481 -1 6471 6312 6460 -1 6464 6456 6499 -1 6484 6419 6500 -1 6450 6405 6501 -1 6493 6416 6450 -1 6433 6377 6502 -1 6490 6491 6410 -1 6475 6368 6427 -1 6388 6475 6476 -1 6392 6458 6463 -1 6437 6293 6492 -1 6429 6428 6503 -1 6477 6401 6429 -1 6504 6505 6506 -1 6504 6506 6507 -1 6470 6508 6480 -1 6431 6371 6509 -1 6467 6510 6441 -1 6510 6467 6511 -1 6396 6436 6512 -1 6485 6449 6498 -1 6513 6455 6396 -1 6499 6456 6455 -1 6464 6413 6348 -1 6482 6514 6460 -1 6443 6414 6487 -1 6415 6443 6481 -1 6497 6420 6485 -1 6385 6515 6384 -1 6399 6468 6516 -1 6501 6405 6451 -1 6386 6399 6517 -1 6384 6515 6444 -1 6475 6427 6518 -1 6434 6421 6489 -1 6463 6519 6489 -1 6478 6380 6477 -1 6394 6380 6478 -1 6520 6494 6521 -1 6494 6520 6522 -1 6520 6523 6522 -1 6495 6494 6522 -1 6524 6495 6522 -1 6525 6526 6466 -1 6525 6466 6506 -1 6524 6527 6495 -1 6504 6507 6528 -1 6525 6506 6505 -1 6496 6495 6527 -1 6527 6529 6496 -1 6483 6496 6529 -1 6479 6507 6506 -1 6466 6479 6506 -1 6530 6507 6479 -1 6511 6483 6529 -1 6511 6467 6483 -1 6480 6530 6469 -1 6469 6530 6479 -1 6398 6367 6531 -1 6398 6468 6387 -1 6452 6532 6412 -1 6371 6418 6509 -1 6497 6447 6420 -1 6485 6498 6533 -1 6481 6514 6482 -1 6531 6367 6493 -1 6460 6534 6471 -1 6385 6425 6515 -1 6425 6386 6535 -1 6419 6471 6500 -1 6427 6426 6518 -1 6503 6428 6446 -1 6474 6441 6510 -1 6452 6453 6532 -1 6511 6536 6510 -1 6453 6462 6537 -1 6538 6453 6537 -1 6539 6505 6504 -1 6436 6473 6512 -1 6502 6377 6488 -1 6540 6513 6396 -1 6455 6513 6499 -1 6541 6530 6480 -1 6490 6542 6491 -1 6431 6509 6470 -1 6463 6458 6543 -1 6542 6490 6478 -1 6443 6487 6544 -1 6481 6443 6545 -1 6464 6499 6546 -1 6546 6413 6464 -1 6497 6485 6533 -1 6460 6514 6547 -1 6534 6460 6547 -1 6533 6498 6548 -1 6450 6501 6493 -1 6473 6474 6510 -1 6532 6453 6549 -1 6549 6453 6538 -1 6446 6445 6550 -1 6462 6433 6551 -1 6477 6429 6503 -1 6551 6433 6502 -1 6552 6551 6502 -1 6489 6488 6434 -1 6519 6463 6543 -1 6480 6508 6541 -1 6458 6437 6492 -1 6553 6554 6505 -1 6553 6524 6522 -1 6539 6553 6505 -1 6523 6555 6522 -1 6522 6555 6553 -1 6505 6554 6525 -1 6524 6553 6539 -1 6524 6539 6527 -1 6507 6556 6528 -1 6557 6529 6527 -1 6527 6539 6557 -1 6504 6557 6539 -1 6557 6504 6528 -1 6529 6557 6528 -1 6556 6507 6558 -1 6511 6528 6556 -1 6529 6528 6511 -1 6530 6558 6507 -1 6556 6558 6541 -1 6541 6559 6556 -1 6530 6541 6558 -1 6536 6556 6559 -1 6511 6556 6536 -1 6398 6531 6468 -1 6451 6472 6532 -1 6532 6472 6412 -1 6516 6560 6399 -1 6517 6399 6560 -1 6444 6561 6426 -1 6548 6498 6562 -1 6547 6563 6534 -1 6534 6564 6471 -1 6500 6471 6564 -1 6565 6476 6475 -1 6476 6566 6550 -1 6445 6476 6550 -1 6501 6567 6493 -1 6568 6501 6451 -1 6396 6512 6540 -1 6451 6532 6569 -1 6508 6470 6570 -1 6462 6551 6537 -1 6545 6443 6544 -1 6488 6489 6519 -1 6492 6571 6458 -1 6516 6468 6572 -1 6516 6573 6560 -1 6517 6574 6386 -1 6548 6547 6514 -1 6575 6560 6576 -1 6547 6548 6562 -1 6515 6561 6444 -1 6577 6426 6561 -1 6515 6425 6578 -1 6518 6426 6577 -1 6484 6498 6459 -1 6579 6535 6386 -1 6510 6580 6473 -1 6568 6567 6501 -1 6569 6568 6451 -1 6503 6446 6581 -1 6513 6582 6499 -1 6541 6508 6583 -1 6570 6470 6509 -1 6584 6487 6424 -1 6585 6509 6418 -1 6586 6413 6546 -1 6586 6486 6413 -1 6514 6587 6588 -1 6424 6486 6584 -1 6493 6567 6531 -1 6542 6589 6491 -1 6572 6573 6516 -1 6541 6590 6559 -1 6590 6541 6583 -1 6572 6468 6531 -1 6514 6545 6587 -1 6514 6481 6545 -1 6425 6535 6578 -1 6536 6580 6510 -1 6565 6475 6518 -1 6484 6500 6591 -1 6591 6500 6564 -1 6535 6579 6592 -1 6574 6579 6386 -1 6566 6476 6565 -1 6593 6550 6566 -1 6550 6593 6446 -1 6513 6540 6582 -1 6477 6503 6594 -1 6546 6499 6595 -1 6569 6532 6596 -1 6478 6477 6594 -1 6597 6478 6594 -1 6596 6532 6549 -1 6549 6538 6596 -1 6598 6544 6487 -1 6599 6583 6508 -1 6570 6509 6585 -1 6587 6544 6600 -1 6544 6587 6545 -1 6454 6491 6589 -1 6576 6560 6573 -1 6492 6454 6601 -1 6543 6458 6571 -1 6542 6478 6597 -1 6560 6575 6602 -1 6574 6517 6602 -1 6603 6548 6514 -1 6603 6533 6548 -1 6578 6561 6515 -1 6547 6562 6563 -1 6578 6535 6592 -1 6562 6498 6591 -1 6604 6512 6473 -1 6540 6512 6604 -1 6592 6579 6605 -1 6580 6536 6606 -1 6498 6484 6591 -1 6564 6534 6563 -1 6581 6446 6593 -1 6499 6582 6595 -1 6607 6568 6569 -1 6608 6583 6599 -1 6609 6608 6599 -1 6608 6609 6588 -1 6546 6595 6586 -1 6584 6486 6586 -1 6610 6596 6538 -1 6567 6611 6531 -1 6612 6610 6613 -1 6610 6538 6613 -1 6538 6537 6613 -1 6497 6585 6418 -1 6551 6614 6537 -1 6615 6573 6616 -1 6573 6615 6576 -1 6617 6519 6618 -1 6602 6517 6560 -1 6543 6618 6519 -1 6519 6617 6488 -1 6562 6591 6563 -1 6590 6583 6619 -1 6619 6583 6608 -1 6587 6600 6619 -1 6587 6619 6608 -1 6590 6620 6559 -1 6559 6620 6606 -1 6587 6608 6588 -1 6570 6599 6508 -1 6514 6588 6609 -1 6514 6609 6603 -1 6568 6621 6567 -1 6579 6574 6622 -1 6623 6578 6592 -1 6473 6580 6604 -1 6518 6624 6565 -1 6596 6607 6569 -1 6620 6619 6625 -1 6626 6627 6610 -1 6503 6581 6628 -1 6610 6607 6596 -1 6594 6503 6628 -1 6610 6612 6626 -1 6629 6582 6630 -1 6582 6629 6595 -1 6614 6613 6537 -1 6614 6551 6552 -1 6584 6598 6487 -1 6617 6502 6488 -1 6567 6621 6611 -1 6531 6611 6572 -1 6572 6611 6616 -1 6572 6616 6573 -1 6575 6576 6602 -1 6591 6564 6563 -1 6624 6518 6577 -1 6606 6604 6580 -1 6623 6592 6605 -1 6568 6607 6621 -1 6605 6579 6622 -1 6604 6631 6540 -1 6632 6607 6627 -1 6610 6627 6607 -1 6540 6631 6582 -1 6630 6582 6631 -1 6628 6581 6593 -1 6599 6570 6609 -1 6603 6609 6633 -1 6630 6598 6629 -1 6552 6502 6617 -1 6570 6633 6609 -1 6598 6595 6629 -1 6634 6618 6635 -1 6585 6633 6570 -1 6595 6598 6584 -1 6634 6617 6618 -1 6584 6586 6595 -1 6618 6543 6636 -1 6633 6585 6497 -1 6543 6571 6636 -1 6633 6497 6533 -1 6492 6637 6571 -1 6611 6621 6616 -1 6602 6622 6574 -1 6638 6602 6576 -1 6626 6638 6576 -1 6577 6561 6578 -1 6619 6620 6590 -1 6625 6619 6600 -1 6600 6598 6630 -1 6598 6600 6544 -1 6615 6627 6576 -1 6627 6626 6576 -1 6624 6639 6565 -1 6565 6639 6566 -1 6594 6628 6640 -1 6603 6633 6533 -1 6492 6601 6637 -1 6454 6589 6601 -1 6616 6621 6632 -1 6589 6542 6640 -1 6597 6640 6542 -1 6597 6594 6640 -1 6616 6627 6615 -1 6623 6577 6578 -1 6614 6612 6613 -1 6624 6641 6639 -1 6604 6606 6625 -1 6631 6604 6625 -1 6593 6566 6642 -1 6606 6620 6625 -1 6552 6617 6634 -1 6628 6593 6642 -1 6607 6632 6621 -1 6627 6616 6632 -1 6618 6636 6635 -1 6552 6634 6614 -1 6643 6589 6642 -1 6643 6644 6589 -1 6601 6589 6644 -1 6630 6625 6600 -1 6602 6638 6622 -1 6622 6638 6645 -1 6622 6645 6605 -1 6612 6614 6646 -1 6646 6614 6634 -1 6624 6577 6647 -1 6641 6624 6647 -1 6648 6635 6649 -1 6646 6634 6648 -1 6634 6635 6648 -1 6630 6631 6625 -1 6640 6628 6642 -1 6636 6649 6635 -1 6645 6638 6646 -1 6638 6612 6646 -1 6644 6643 6650 -1 6626 6612 6638 -1 6640 6642 6589 -1 6605 6651 6623 -1 6646 6652 6645 -1 6652 6646 6648 -1 6649 6653 6648 -1 6643 6642 6650 -1 6566 6639 6654 -1 6649 6636 6655 -1 6636 6637 6655 -1 6571 6637 6636 -1 6577 6623 6647 -1 6644 6637 6601 -1 6642 6566 6654 -1 6653 6652 6648 -1 6651 6647 6623 -1 6650 6653 6649 -1 6650 6649 6644 -1 6647 6651 6641 -1 6639 6641 6656 -1 6656 6654 6639 -1 6644 6655 6637 -1 6653 6650 6657 -1 6657 6650 6654 -1 6645 6651 6605 -1 6650 6642 6654 -1 6651 6645 6658 -1 6644 6649 6655 -1 6651 6656 6641 -1 6656 6657 6654 -1 6658 6652 6653 -1 6658 6653 6657 -1 6652 6658 6645 -1 6658 6656 6651 -1 6657 6656 6658 -1 6058 5995 5998 -1 6233 6314 6193 -1 6467 6440 6381 -1 6467 6381 6435 -1 6402 6466 6465 -1 6466 6526 6465 -1 6466 6417 6479 -1 6559 6606 6536 -1 6659 6660 6661 -1 6662 6663 6664 -1 6662 6664 6665 -1 6666 6667 6668 -1 6665 6664 6669 -1 6662 6670 6663 -1 6670 6662 6671 -1 6671 6662 6665 -1 6663 6670 6672 -1 6666 6673 6674 -1 6674 6675 6666 -1 6674 6673 6676 -1 6668 6677 6666 -1 6666 6677 6673 -1 6678 6679 6667 -1 6680 6681 6679 -1 6682 6683 6684 -1 6685 6686 6681 -1 6687 6667 6666 -1 6675 6687 6666 -1 6661 6688 6689 -1 6688 6661 6660 -1 6688 6660 6683 -1 6690 6688 6683 -1 6688 6691 6692 -1 6692 6691 6678 -1 6667 6692 6678 -1 6667 6679 6668 -1 6688 6690 6691 -1 6678 6691 6690 -1 6690 6679 6678 -1 6690 6680 6679 -1 6690 6683 6680 -1 6683 6682 6680 -1 6685 6681 6680 -1 6660 6659 6693 -1 6693 6694 6660 -1 6694 6695 6660 -1 6695 6683 6660 -1 6695 6696 6683 -1 6684 6683 6696 -1 6696 6697 6684 -1 6698 6684 6697 -1 6682 6685 6680 -1 6682 6684 6698 -1 6699 6700 6697 -1 6664 6663 6701 -1 6702 6674 6676 -1 6703 6674 6702 -1 6702 6676 6704 -1 6668 6705 6706 -1 6679 6707 6705 -1 6682 6708 6709 -1 6709 6686 6685 -1 6710 6686 6711 -1 6686 6709 6711 -1 6711 6709 6712 -1 6709 6708 6713 -1 6711 6712 6714 -1 6715 6711 6716 -1 6711 6714 6716 -1 6717 6718 6719 -1 6720 6721 6722 -1 6723 6724 6725 -1 6717 6719 6726 -1 6726 6727 6717 -1 6724 6717 6727 -1 6728 6724 6727 -1 6725 6724 6728 -1 6676 6673 6677 -1 6677 6729 6676 -1 6677 6706 6730 -1 6704 6676 6729 -1 6704 6729 6731 -1 6677 6730 6729 -1 6732 6733 6734 -1 6734 6735 6732 -1 6671 6732 6735 -1 6670 6671 6735 -1 6736 6737 6738 -1 6739 6665 6669 -1 6739 6736 6738 -1 6740 6739 6669 -1 6736 6739 6740 -1 6741 6736 6740 -1 6742 6669 6664 -1 6672 6670 6735 -1 6743 6703 6702 -1 6704 6743 6702 -1 6744 6743 6704 -1 6704 6731 6744 -1 6745 6744 6731 -1 6706 6705 6707 -1 6714 6712 6713 -1 6716 6714 6746 -1 6714 6713 6747 -1 6720 6748 6747 -1 6748 6720 6722 -1 6714 6749 6746 -1 6725 6750 6723 -1 6751 6733 6752 -1 6733 6751 6753 -1 6726 6719 6754 -1 6725 6755 6750 -1 6731 6729 6756 -1 6731 6756 6757 -1 6730 6706 6758 -1 6758 6706 6707 -1 6745 6731 6757 -1 6757 6759 6745 -1 6760 6732 6761 -1 6732 6762 6763 -1 6762 6732 6671 -1 6732 6760 6733 -1 6764 6765 6762 -1 6766 6762 6671 -1 6766 6764 6762 -1 6739 6766 6665 -1 6766 6671 6665 -1 6738 6767 6768 -1 6769 6737 6736 -1 6740 6669 6742 -1 6741 6769 6736 -1 6770 6737 6769 -1 6771 6733 6753 -1 6734 6733 6771 -1 6734 6672 6735 -1 6663 6672 6772 -1 6701 6663 6772 -1 6705 6668 6679 -1 6679 6681 6707 -1 6686 6707 6681 -1 6697 6700 6708 -1 6685 6682 6709 -1 6708 6682 6698 -1 6686 6710 6707 -1 6698 6697 6708 -1 6712 6709 6713 -1 6700 6713 6708 -1 6773 6715 6716 -1 6773 6716 6774 -1 6699 6721 6700 -1 6720 6700 6721 -1 6747 6713 6700 -1 6720 6747 6700 -1 6714 6747 6749 -1 6746 6774 6716 -1 6746 6749 6775 -1 6722 6721 6776 -1 6776 6718 6722 -1 6723 6748 6722 -1 6724 6722 6718 -1 6717 6724 6718 -1 6724 6723 6722 -1 6723 6749 6748 -1 6751 6749 6723 -1 6775 6749 6751 -1 6751 6752 6775 -1 6751 6723 6750 -1 6668 6706 6677 -1 6756 6729 6730 -1 6730 6758 6777 -1 6778 6730 6777 -1 6756 6730 6778 -1 6777 6779 6778 -1 6758 6707 6710 -1 6711 6715 6710 -1 6710 6715 6773 -1 6780 6773 6774 -1 6774 6781 6780 -1 6782 6773 6780 -1 6780 6783 6782 -1 6781 6774 6746 -1 6783 6780 6781 -1 6781 6763 6783 -1 6761 6746 6775 -1 6763 6781 6746 -1 6761 6763 6746 -1 6763 6762 6765 -1 6760 6761 6775 -1 6752 6760 6775 -1 6763 6761 6732 -1 6760 6752 6733 -1 6784 6738 6737 -1 6753 6785 6771 -1 6753 6750 6755 -1 6786 6787 6759 -1 6738 6784 6767 -1 6770 6784 6737 -1 6701 6742 6664 -1 6743 6744 6788 -1 6789 6788 6744 -1 6790 6789 6744 -1 6790 6744 6745 -1 6754 6791 6726 -1 6727 6726 6791 -1 6728 6727 6792 -1 6750 6753 6751 -1 6793 6757 6778 -1 6779 6793 6778 -1 6759 6787 6790 -1 6790 6745 6759 -1 6759 6757 6793 -1 6794 6795 6796 -1 6794 6797 6795 -1 6783 6763 6765 -1 6783 6765 6798 -1 6766 6799 6764 -1 6799 6766 6768 -1 6768 6767 6800 -1 6784 6800 6767 -1 6739 6768 6766 -1 6768 6739 6738 -1 6734 6801 6672 -1 6802 6789 6790 -1 6790 6787 6802 -1 6753 6755 6803 -1 6804 6800 6805 -1 6805 6784 6770 -1 6725 6728 6792 -1 6792 6755 6725 -1 6793 6806 6759 -1 6759 6807 6786 -1 6759 6806 6807 -1 6807 6806 6808 -1 6809 6807 6808 -1 6810 6796 6808 -1 6809 6808 6811 -1 6811 6808 6796 -1 6811 6795 6812 -1 6810 6813 6814 -1 6815 6816 6817 -1 6782 6798 6815 -1 6814 6796 6810 -1 6811 6796 6795 -1 6814 6817 6796 -1 6796 6817 6794 -1 6812 6795 6818 -1 6795 6797 6818 -1 6817 6816 6794 -1 6816 6819 6794 -1 6819 6797 6794 -1 6797 6819 6820 -1 6821 6797 6820 -1 6797 6822 6818 -1 6822 6797 6821 -1 6823 6822 6821 -1 6798 6765 6824 -1 6764 6824 6765 -1 6764 6799 6824 -1 6820 6825 6821 -1 6799 6825 6826 -1 6826 6825 6820 -1 6821 6825 6823 -1 6825 6800 6823 -1 6800 6804 6823 -1 6799 6768 6825 -1 6800 6825 6768 -1 6805 6800 6784 -1 6804 6822 6823 -1 6827 6741 6740 -1 6734 6771 6801 -1 6701 6772 6742 -1 6748 6749 6747 -1 6756 6778 6757 -1 6777 6758 6813 -1 6828 6813 6758 -1 6779 6777 6813 -1 6813 6810 6779 -1 6793 6779 6808 -1 6806 6793 6808 -1 6808 6779 6810 -1 6828 6758 6710 -1 6773 6828 6710 -1 6813 6828 6829 -1 6814 6813 6829 -1 6829 6828 6773 -1 6814 6829 6830 -1 6782 6829 6773 -1 6830 6829 6782 -1 6817 6814 6830 -1 6817 6830 6815 -1 6782 6815 6830 -1 6783 6798 6782 -1 6789 6802 6831 -1 6809 6811 6832 -1 6822 6804 6833 -1 6833 6804 6805 -1 6787 6786 6834 -1 6792 6727 6791 -1 6786 6807 6835 -1 6807 6809 6832 -1 6832 6811 6812 -1 6836 6816 6815 -1 6798 6836 6815 -1 6816 6836 6826 -1 6812 6818 6837 -1 6838 6837 6818 -1 6819 6816 6820 -1 6820 6816 6826 -1 6798 6824 6836 -1 6826 6836 6824 -1 6824 6799 6826 -1 6833 6805 6770 -1 6742 6839 6740 -1 6769 6741 6840 -1 6770 6769 6841 -1 6801 6771 6842 -1 6802 6787 6834 -1 6843 6772 6672 -1 6844 6788 6845 -1 6803 6755 6846 -1 6785 6753 6803 -1 6847 6834 6786 -1 6848 6812 6837 -1 6849 6818 6822 -1 6822 6833 6849 -1 6740 6839 6827 -1 6850 6741 6827 -1 6850 6840 6741 -1 6842 6771 6785 -1 6672 6801 6851 -1 6831 6802 6852 -1 6845 6788 6789 -1 6846 6755 6853 -1 6755 6792 6853 -1 6847 6786 6835 -1 6835 6807 6854 -1 6833 6770 6855 -1 6856 6851 6801 -1 6789 6857 6845 -1 6857 6789 6831 -1 6858 6843 6672 -1 6852 6802 6834 -1 6754 6859 6791 -1 6807 6832 6860 -1 6812 6861 6832 -1 6848 6837 6862 -1 6837 6838 6862 -1 6818 6849 6838 -1 6833 6863 6849 -1 6841 6769 6840 -1 6801 6842 6856 -1 6857 6831 6864 -1 6845 6865 6844 -1 6831 6852 6864 -1 6792 6791 6866 -1 6803 6867 6785 -1 6854 6807 6860 -1 6863 6833 6855 -1 6827 6839 6868 -1 6742 6772 6839 -1 6852 6834 6869 -1 6847 6835 6870 -1 6870 6835 6854 -1 6871 6785 6867 -1 6872 6785 6871 -1 6842 6785 6872 -1 6858 6672 6851 -1 6772 6843 6839 -1 6860 6832 6861 -1 6812 6848 6861 -1 6855 6770 6841 -1 6865 6845 6873 -1 6853 6792 6866 -1 6853 6803 6846 -1 6847 6869 6834 -1 6850 6827 6874 -1 6856 6875 6851 -1 6856 6842 6872 -1 6858 6851 6876 -1 6872 6877 6856 -1 6868 6839 6878 -1 6857 6873 6845 -1 6879 6791 6859 -1 6870 6854 6880 -1 6854 6860 6880 -1 6839 6843 6881 -1 6878 6839 6881 -1 6848 6882 6861 -1 6838 6849 6883 -1 6883 6849 6863 -1 6868 6874 6827 -1 6851 6875 6876 -1 6884 6850 6885 -1 6865 6873 6886 -1 6869 6864 6852 -1 6853 6867 6803 -1 6869 6847 6887 -1 6880 6860 6861 -1 6841 6840 6888 -1 6888 6840 6884 -1 6850 6874 6885 -1 6850 6884 6840 -1 6857 6864 6889 -1 6875 6856 6877 -1 6874 6868 6878 -1 6870 6880 6890 -1 6891 6881 6843 -1 6848 6862 6892 -1 6893 6862 6838 -1 6875 6877 6876 -1 6879 6859 6894 -1 6866 6791 6895 -1 6887 6847 6896 -1 6847 6870 6896 -1 6897 6870 6890 -1 6882 6898 6861 -1 6855 6841 6888 -1 6858 6876 6891 -1 6843 6858 6891 -1 6867 6899 6871 -1 6871 6900 6872 -1 6901 6865 6886 -1 6857 6889 6873 -1 6864 6869 6902 -1 6903 6853 6904 -1 6853 6903 6867 -1 6887 6902 6869 -1 6898 6890 6880 -1 6888 6905 6855 -1 6881 6906 6878 -1 6848 6892 6882 -1 6892 6862 6893 -1 6883 6893 6838 -1 6863 6855 6905 -1 6866 6895 6904 -1 6907 6899 6867 -1 6877 6872 6900 -1 6908 6873 6889 -1 6879 6894 6909 -1 6791 6879 6895 -1 6853 6866 6904 -1 6903 6907 6867 -1 6896 6870 6897 -1 6880 6861 6898 -1 6882 6892 6910 -1 6905 6888 6911 -1 6886 6873 6908 -1 6884 6885 6912 -1 6876 6877 6913 -1 6881 6891 6914 -1 6914 6906 6881 -1 6863 6905 6915 -1 6916 6901 6886 -1 6908 6889 6917 -1 6864 6918 6889 -1 6909 6919 6879 -1 6920 6895 6879 -1 6920 6921 6895 -1 6920 6879 6919 -1 6904 6895 6921 -1 6903 6904 6922 -1 6907 6903 6922 -1 6890 6898 6923 -1 6923 6897 6890 -1 6883 6863 6924 -1 6874 6878 6906 -1 6885 6874 6912 -1 6871 6899 6900 -1 6900 6913 6877 -1 6913 6891 6876 -1 6918 6864 6902 -1 6921 6920 6925 -1 6904 6921 6922 -1 6926 6898 6882 -1 6926 6882 6910 -1 6906 6914 6927 -1 6863 6915 6924 -1 6928 6929 6930 -1 6908 6931 6886 -1 6917 6889 6918 -1 6918 6902 6932 -1 6933 6934 6935 -1 6922 6936 6907 -1 6921 6937 6922 -1 6899 6907 6936 -1 6932 6902 6887 -1 6887 6896 6938 -1 6896 6897 6939 -1 6897 6923 6939 -1 6893 6910 6892 -1 6893 6883 6940 -1 6883 6924 6941 -1 6874 6906 6912 -1 6884 6912 6911 -1 6888 6884 6911 -1 6891 6913 6942 -1 6914 6891 6943 -1 6944 6945 6946 -1 6928 6930 6947 -1 6930 6934 6947 -1 6948 6949 6930 -1 6934 6930 6949 -1 6931 6916 6886 -1 6934 6933 6947 -1 6935 6950 6933 -1 6934 6949 6951 -1 6935 6952 6950 -1 6952 6935 6953 -1 6920 6919 6925 -1 6937 6921 6925 -1 6936 6922 6937 -1 6936 6954 6899 -1 6887 6938 6932 -1 6938 6896 6939 -1 6939 6923 6955 -1 6926 6955 6923 -1 6926 6923 6898 -1 6940 6883 6941 -1 6927 6956 6906 -1 6905 6911 6915 -1 6956 6912 6906 -1 6911 6912 6957 -1 6899 6954 6900 -1 6913 6900 6958 -1 6891 6942 6943 -1 6927 6914 6959 -1 6959 6914 6943 -1 6960 6946 6945 -1 6944 6946 6961 -1 6944 6961 6962 -1 6963 6962 6961 -1 6929 6964 6945 -1 6945 6944 6929 -1 6929 6928 6964 -1 6929 6944 6948 -1 6962 6948 6944 -1 6948 6930 6929 -1 6949 6948 6965 -1 6962 6966 6965 -1 6965 6948 6962 -1 6935 6934 6967 -1 6934 6951 6968 -1 6965 6951 6949 -1 6951 6965 6969 -1 6968 6967 6934 -1 6969 6968 6951 -1 6935 6967 6970 -1 6970 6953 6935 -1 6967 6968 6971 -1 6967 6971 6970 -1 6972 6971 6968 -1 6970 6973 6953 -1 6974 6973 6970 -1 6975 6953 6973 -1 6973 6974 6976 -1 6974 6970 6971 -1 6917 6931 6908 -1 6977 6918 6932 -1 6925 6978 6979 -1 6980 6939 6981 -1 6981 6939 6955 -1 6982 6983 6984 -1 6982 6984 6985 -1 6983 6986 6987 -1 6986 6988 6987 -1 6893 6989 6910 -1 6940 6941 6990 -1 6941 6991 6990 -1 6941 6924 6991 -1 6915 6992 6924 -1 6957 6912 6956 -1 6900 6954 6958 -1 6958 6942 6913 -1 6993 6943 6942 -1 6927 6994 6956 -1 6994 6927 6959 -1 6995 6931 6996 -1 6996 6931 6917 -1 6977 6917 6918 -1 6917 6977 6997 -1 6977 6932 6997 -1 6998 6979 6978 -1 6979 6999 6925 -1 6999 6937 6925 -1 6936 6937 7000 -1 6954 6936 7000 -1 6988 6981 7001 -1 6938 6997 6932 -1 6938 6980 6997 -1 6939 6980 6938 -1 6981 6955 7001 -1 6926 7001 6955 -1 6987 6988 7001 -1 6985 6984 7002 -1 6984 6987 7001 -1 6984 7003 7002 -1 6984 7001 7003 -1 6926 7004 7001 -1 6989 7004 6910 -1 7004 6926 6910 -1 6940 6989 6893 -1 6924 7005 6991 -1 6992 7005 6924 -1 6915 7006 6992 -1 6915 6911 7006 -1 7006 6911 6957 -1 7007 6954 7000 -1 6954 7007 6958 -1 6993 6942 6958 -1 6959 6943 6993 -1 6963 6966 6962 -1 6966 6995 7008 -1 6996 7008 6995 -1 6965 6966 7009 -1 6966 7008 7009 -1 7009 7008 7010 -1 7008 6996 7010 -1 7010 6996 7011 -1 6996 6917 7011 -1 7011 6917 6997 -1 6971 6972 6974 -1 6976 6974 6982 -1 6976 6982 7012 -1 6975 6973 7013 -1 6976 7013 6973 -1 6976 7012 7014 -1 6998 7015 6979 -1 7016 7017 7013 -1 7016 7018 7017 -1 7013 6976 7019 -1 7013 7019 7016 -1 6976 7014 7019 -1 7019 7014 7016 -1 7016 7014 7020 -1 7018 7016 7021 -1 7020 7021 7016 -1 6969 6965 7009 -1 7009 7010 6969 -1 6969 7010 6972 -1 6986 6972 7010 -1 7010 7011 6981 -1 6981 6986 7010 -1 7011 6980 6981 -1 6969 6972 6968 -1 6972 6983 6982 -1 6972 6986 6983 -1 6986 6981 6988 -1 6980 7011 6997 -1 6972 6982 6974 -1 6984 6983 6987 -1 6985 7012 6982 -1 7012 6985 7002 -1 7012 7002 7022 -1 7022 7023 7012 -1 7023 7014 7012 -1 7001 6989 7003 -1 6979 7021 6999 -1 6999 7024 6937 -1 7000 6937 7024 -1 7002 7003 7022 -1 7022 7003 7025 -1 7001 7004 6989 -1 7003 6989 6940 -1 7003 6990 7025 -1 7003 6940 6990 -1 7025 6991 7005 -1 7022 7026 7023 -1 7027 7005 6992 -1 6992 7006 7027 -1 7028 7027 7006 -1 7029 7006 6957 -1 7029 6956 7030 -1 6956 7029 6957 -1 6959 7030 6994 -1 6956 6994 7030 -1 7007 7024 7020 -1 6999 7021 7024 -1 7025 7031 7026 -1 7032 7033 7026 -1 7034 7035 7007 -1 6959 7036 7037 -1 6959 7037 7030 -1 7025 7005 7031 -1 7005 7027 7031 -1 7031 7027 7028 -1 7031 7028 7032 -1 7026 7031 7032 -1 7029 7032 7028 -1 7006 7029 7028 -1 7037 7032 7029 -1 7037 7029 7030 -1 7024 7007 7000 -1 6958 7007 7036 -1 6958 7036 6993 -1 7036 6959 6993 -1 7018 6979 7015 -1 7014 7023 7034 -1 7018 7021 6979 -1 7020 7014 7034 -1 7023 7035 7034 -1 7021 7020 7024 -1 7034 7007 7020 -1 7025 6990 6991 -1 7026 7035 7023 -1 7035 7026 7033 -1 7025 7026 7022 -1 7007 7035 7033 -1 7037 7033 7032 -1 7033 7037 7036 -1 7033 7036 7007 -1">
    <Coordinate point="-2.51681 -3.61658 -6.65272 -2.44261 -3.66433 -6.6505 -2.51005 -3.68438 -6.65814 -2.39322 -3.6273 -6.66554 -2.32783 -3.69452 -6.65397 -2.38624 -3.26266 -6.65178 -2.19054 -3.20011 -6.63899 -2.37027 -3.38615 -6.65917 -2.25183 -3.13283 -6.64997 -2.49519 -3.24371 -6.65264 -2.43482 -3.16151 -6.65809 -2.4675 -3.0984 -6.64326 -2.34347 -3.04354 -6.64477 -2.16051 -3.45154 -6.65052 -2.01182 -3.54522 -6.63923 -2.13586 -3.62064 -6.65222 -2.12738 -3.37545 -6.64903 -2.25162 -3.39283 -6.65009 -1.94867 -3.42112 -6.64905 -2.5459 -2.92817 -6.6415 -2.49523 -3.01559 -6.65075 -2.59087 -3.00562 -6.65068 -2.8979 -3.5418 -6.65348 -3.07044 -3.53496 -6.64741 -2.92393 -3.48948 -6.64895 -2.87362 -3.41258 -6.6596 -2.74444 -3.54416 -6.65586 -2.94698 -3.40881 -6.64119 -2.74774 -3.48669 -6.64388 -2.81397 -3.34826 -6.65555 -2.91109 -3.35171 -6.65781 -2.72662 -3.31553 -6.65031 -3.08108 -3.22136 -6.64679 -2.97421 -3.20859 -6.64472 -3.0042 -3.37419 -6.64534 -2.80849 -3.23191 -6.64973 -2.92891 -3.12699 -6.65032 -2.58714 -3.64598 -6.62129 -2.3166 -3.51646 -6.6581 -2.25228 -3.67312 -6.64609 -2.1348 -3.65836 -6.66251 -2.52577 -3.535 -6.65101 -2.6564 -3.62636 -6.6386 -2.62891 -3.44644 -6.6596 -2.61645 -3.28833 -6.6596 -2.47712 -3.36956 -6.66632 -2.41526 -3.44995 -6.65159 -2.29661 -3.43916 -6.64194 -2.75138 -3.14979 -6.64107 -2.55909 -3.69324 -6.61089 -1.40752 -3.71319 -6.62939 -1.40177 -3.63719 -6.64155 -1.26672 -3.6906 -6.63309 -2.33807 -3.66604 -6.59207 -1.96854 -3.68535 -6.63901 -1.86596 -3.57646 -6.63582 -2.89724 -3.44666 -6.61074 -1.22226 -3.69024 -6.60567 -1.87838 -3.66616 -6.62781 -1.34895 -3.59152 -6.60762 -2.123 -3.22062 -6.64052 -1.5469 -3.71314 -6.62741 -1.49623 -3.572 -6.64791 -1.26281 -3.63236 -6.60347 -1.55721 -3.51013 -6.6502 -1.65972 -3.71619 -6.63089 -1.78738 -3.50471 -6.64277 -1.53083 -3.44218 -6.63266 -1.96312 -3.23601 -6.62706 -1.77636 -3.66832 -6.62932 -1.41825 -3.46828 -6.64361 -1.81253 -3.38686 -6.64573 -1.63545 -3.39623 -6.63501 -1.47267 -3.36997 -6.64655 -1.36125 -3.38078 -6.64905 -1.87665 -3.20192 -6.61241 -1.60799 -3.22961 -6.62331 -1.48188 -3.23837 -6.6376 -1.55233 -3.07799 -6.62987 -1.38648 -3.26571 -6.63164 -1.46632 -3.11845 -6.63471 -1.19076 -3.37249 -6.63974 -1.29406 -3.14769 -6.63049 -1.10589 -3.08888 -6.61194 -3.2783 -3.04332 -6.63006 -3.2513 -3.13261 -6.63407 -3.34846 -3.03544 -6.64131 -3.09825 -2.91808 -6.6415 -3.15315 -3.09752 -6.63202 -3.21747 -2.85879 -6.62829 -3.06515 -3.08917 -6.63777 -3.1513 -2.82486 -6.6318 -3.28782 -2.80542 -6.62331 -2.8799 -3.00416 -6.63412 -2.92069 -2.82766 -6.64003 -2.85426 -3.15014 -6.64508 -2.72412 -2.98721 -6.64436 -2.68184 -2.86977 -6.63698 -2.7747 -2.89076 -6.62635 -2.75849 -2.75063 -6.63175 -2.90568 -2.73729 -6.62372 -3.19593 -3.46251 -6.62293 -3.20282 -3.57561 -6.63584 -3.31051 -3.59456 -6.63181 -3.12815 -3.68233 -6.60879 -3.04484 -3.62466 -6.63444 -2.56321 -2.72915 -6.63438 -3.12578 -3.3355 -6.62908 -2.43829 -2.8134 -6.63236 -2.79714 -3.61829 -6.64018 -2.14259 -2.98532 -6.63158 -2.22636 -2.84924 -6.63575 -1.70733 -2.32375 -6.62659 -1.89337 -2.30231 -6.62358 -1.7842 -2.11063 -6.6293 -1.62102 -2.07434 -6.62162 -1.1833 -3.6005 -6.63215 -1.3685 -3.49222 -6.60646 -2.07381 -3.65827 -6.61266 -1.15744 -3.71896 -6.6194 -1.05774 -3.71128 -6.60459 -1.56691 -3.72131 -6.60522 -2.0347 -2.23356 -6.61565 -1.90461 -2.21262 -6.61625 -1.9502 -2.14206 -6.62724 -1.03596 -3.6154 -6.61983 -2.0611 -2.15063 -6.61787 -2.00089 -1.98836 -6.61547 -1.87413 -2.045 -6.61691 -1.24922 -3.48437 -6.60923 -1.13843 -3.46985 -6.61543 -1.06958 -3.37081 -6.61769 -1.63481 -3.13282 -6.62129 -1.73888 -3.01917 -6.61349 -1.20098 -3.08217 -6.61339 -1.37241 -2.98942 -6.61602 -1.01293 -3.47671 -6.60398 -0.999896 -3.40109 -6.61368 -0.99677 -3.25308 -6.5946 -1.60096 -2.97489 -6.6278 -1.50388 -2.9104 -6.59567 -1.63514 -2.50677 -6.61381 -1.72229 -2.45953 -6.62409 -1.54976 -2.26873 -6.61335 -1.52956 -2.14776 -6.61606 -1.40683 -2.20558 -6.60135 -1.61594 -1.96801 -6.60229 -3.09889 -3.70516 -6.5962 -2.8515 -3.69272 -6.60465 -2.72804 -3.70702 -6.59656 -1.86032 -3.6562 -6.58112 -1.9742 -3.18045 -6.61097 -2.05053 -3.11819 -6.6117 -1.72819 -3.22267 -6.61632 -1.78616 -3.09237 -6.62114 -3.3855 -2.68284 -6.62788 -3.37423 -2.77214 -6.62982 -3.33838 -2.61709 -6.61903 -3.2063 -2.60126 -6.60709 -3.38744 -2.56903 -6.61226 -3.0492 -2.74169 -6.60778 -3.14588 -2.69852 -6.61814 -2.93947 -2.66301 -6.60238 -2.73322 -2.6045 -6.61416 -2.66199 -2.61841 -6.60317 -2.46434 -2.72119 -6.61688 -2.55905 -2.61476 -6.61914 -2.44425 -2.50782 -6.62993 -2.52015 -2.41552 -6.61478 -2.33194 -2.68571 -6.6274 -2.34317 -2.51365 -6.61126 -2.14132 -2.80024 -6.6242 -2.18514 -2.64576 -6.62172 -2.2442 -2.56749 -6.61549 -2.03975 -2.91207 -6.61272 -2.02097 -2.99061 -6.62908 -2.13528 -2.89373 -6.61091 -1.6442 -2.92036 -6.61687 -2.04718 -2.68354 -6.5991 -2.09185 -2.39572 -6.60941 -2.63595 -2.47951 -6.61677 -2.65676 -2.31175 -6.61456 -2.4886 -2.27365 -6.61878 -2.41836 -2.41009 -6.62124 -2.28841 -2.23862 -6.60651 -1.96089 -2.44349 -6.60839 -1.14908 -3.66702 -6.594 -1.95024 -3.668 -6.56322 -0.984363 -3.71624 -6.61607 -1.62383 -3.67205 -6.5731 -1.41475 -3.67651 -6.59572 -3.17416 -3.75572 -6.58935 -3.22601 -3.74616 -6.61017 -2.55589 -3.66348 -6.56342 -2.46361 -3.66947 -6.54555 -1.98352 -2.94072 -6.59229 -2.1965 -2.2058 -6.60673 -2.14375 -2.03714 -6.57735 -2.02046 -1.88149 -6.58662 -1.8552 -1.93326 -6.5838 -1.7198 -1.99865 -6.59432 -0.825823 -3.71335 -6.591 -0.751653 -3.62572 -6.58462 -0.739292 -3.4786 -6.5802 -0.79999 -3.41609 -6.57173 -1.69715 -2.82876 -6.59669 -1.53907 -2.74767 -6.60542 -1.314 -2.87167 -6.61114 -1.36429 -2.83227 -6.60467 -2.9985 -3.72838 -6.5801 -1.06952 -2.99044 -6.59764 -1.1659 -2.94026 -6.59488 -1.17347 -2.7161 -6.58803 -1.31125 -2.73551 -6.59889 -1.54985 -2.61377 -6.60844 -1.46913 -2.66784 -6.61024 -1.40384 -2.55125 -6.60459 -1.3023 -2.43014 -6.59195 -2.21118 -3.66939 -6.53226 -1.23676 -2.62808 -6.59323 -1.84636 -3.02817 -6.59882 -1.41789 -2.36855 -6.59761 -1.34409 -2.33137 -6.59786 -2.99637 -2.58585 -6.60363 -3.19126 -2.51038 -6.60468 -3.03771 -2.4777 -6.59544 -1.46185 -2.0176 -6.60981 -1.39027 -2.09826 -6.60274 -2.87824 -2.56484 -6.5936 -1.28945 -2.05271 -6.59828 -2.79538 -2.43275 -6.6062 -1.51204 -1.86223 -6.59557 -1.677 -1.89648 -6.60003 -3.60062 -2.38235 -6.59414 -3.50196 -2.27949 -6.61787 -3.36203 -2.40193 -6.60856 -3.43397 -2.49035 -6.59088 -1.29777 -1.83742 -6.59266 -3.34562 -2.33276 -6.60015 -3.25112 -2.36547 -6.5992 -3.36295 -2.18282 -6.59651 -3.29663 -2.26486 -6.5818 -3.28121 -2.12928 -6.60981 -3.3991 -2.06339 -6.60151 -3.08983 -2.35205 -6.59814 -3.16636 -2.29112 -6.60664 -2.9484 -2.33844 -6.60812 -2.95121 -2.1802 -6.59771 -2.9168 -2.49388 -6.61068 -2.73611 -2.45667 -6.6102 -2.87086 -2.2701 -6.59749 -2.76331 -2.25072 -6.60346 -3.15744 -2.16253 -6.59853 -3.1033 -2.03807 -6.59769 -3.21778 -2.01566 -6.60494 -3.04272 -2.1109 -6.59449 -2.80457 -2.03983 -6.5831 -1.93872 -2.9754 -6.60821 -1.9884 -2.79403 -6.60581 -1.91107 -2.76645 -6.5905 -1.79255 -2.94331 -6.60345 -2.04303 -2.50699 -6.60958 -1.85263 -2.56749 -6.60595 -1.76581 -2.67824 -6.59163 -2.69531 -2.19018 -6.59955 -2.32776 -2.39654 -6.60222 -2.25156 -2.39303 -6.6069 -2.56508 -2.21693 -6.59816 -2.63558 -2.1082 -6.60564 -2.50061 -2.09924 -6.59298 -2.66401 -1.9748 -6.58671 -2.38841 -2.13261 -6.58708 -2.3003 -2.13288 -6.60043 -3.27344 -1.7972 -6.61204 -3.21747 -1.90344 -6.60975 -3.05813 -1.77484 -6.60358 -3.07251 -1.63144 -6.59998 -0.980555 -3.67234 -6.55835 -2.24467 -2.03901 -6.55339 -0.891473 -3.72713 -6.57329 -3.15867 -3.67451 -6.5608 -1.0139 -2.6724 -6.56853 -1.03935 -2.87114 -6.58051 -1.13454 -2.49704 -6.58592 -1.20156 -2.49759 -6.59737 -0.983731 -3.05267 -6.5829 -0.960453 -2.92638 -6.57239 -0.951833 -2.79663 -6.56016 -2.6578 -3.6675 -6.57829 -2.36922 -3.65676 -6.4956 -1.24064 -2.2706 -6.58391 -1.15206 -2.29675 -6.57821 -1.32772 -2.17856 -6.5871 -1.16776 -2.10475 -6.5789 -0.978623 -2.42484 -6.5674 -1.04932 -2.29579 -6.57635 -2.97606 -1.89176 -6.58417 -1.68135 -1.70007 -6.59229 -1.6092 -1.58582 -6.58489 -2.8686 -1.93417 -6.57289 -1.4721 -1.64037 -6.5934 -1.19452 -1.79902 -6.57914 -1.1657 -1.63974 -6.58096 -2.72325 -1.85644 -6.58129 -2.45031 -1.89122 -6.58158 -2.55576 -1.98165 -6.58071 -2.42936 -1.7599 -6.57253 -1.26068 -1.54144 -6.58297 -2.3166 -1.89535 -6.58835 -2.28903 -1.99663 -6.58898 -1.09713 -1.49888 -6.57828 -2.27218 -1.76773 -6.59274 -2.1318 -1.9127 -6.58187 -2.18482 -1.99927 -6.56586 -2.16306 -1.75985 -6.59077 -2.29979 -1.64346 -6.57564 -2.05581 -1.65469 -6.57405 -1.9056 -1.78724 -6.58295 -1.85231 -1.63223 -6.57357 -1.72507 -1.521 -6.58271 -2.97688 -1.78309 -6.59127 -1.55457 -3.68664 -6.57472 -1.42446 -3.67802 -6.52407 -1.33162 -3.66319 -6.551 -0.669457 -3.72346 -6.58038 -0.80488 -3.34326 -6.57381 -0.878496 -3.27152 -6.57114 -0.834102 -3.17094 -6.56384 -0.915821 -3.65805 -6.5362 -2.92527 -3.69014 -6.55477 -0.851402 -3.00906 -6.55678 -0.836815 -2.78457 -6.55363 -2.80217 -3.67475 -6.4849 -2.68981 -3.68531 -6.48581 -1.04552 -2.10285 -6.57127 -1.08739 -1.95954 -6.56952 -2.06757 -3.67149 -6.45027 -1.71609 -3.66012 -6.52588 -0.944207 -2.29359 -6.57168 -0.953035 -2.15355 -6.55715 -0.903389 -2.21463 -6.55929 -1.02468 -1.91464 -6.55827 -2.5086 -1.74277 -6.56728 -2.44544 -1.5756 -6.58691 -1.94665 -1.5334 -6.58349 -1.09843 -1.85582 -6.56143 -0.976493 -1.77071 -6.55919 -2.76731 -1.73381 -6.58662 -1.05188 -3.65799 -6.51916 -0.683955 -3.17023 -6.54763 -0.897427 -2.53643 -6.55248 -0.815188 -2.36653 -6.55331 -0.785633 -2.49589 -6.54773 -0.878529 -1.75272 -6.56393 -0.927658 -1.62245 -6.57175 -3.01078 -3.691 -6.48771 -1.88334 -3.66903 -6.49335 -0.699568 -3.04027 -6.53809 -0.778282 -2.91709 -6.55439 -0.76332 -2.6877 -6.54529 -0.697366 -2.80452 -6.53089 -0.837208 -2.00458 -6.54578 -0.685492 -2.20605 -6.5492 -0.876236 -1.85222 -6.55351 -0.77617 -1.96083 -6.53343 -1.52379 -3.66562 -6.52194 -0.821099 -3.69682 -6.52284 -3.058 -3.69779 -6.50112 -2.93205 -3.67408 -6.49355 -1.6734 -3.67255 -6.42445 -1.61184 -3.67014 -6.47561 -1.22532 -3.6795 -6.44831 -1.12993 -3.67534 -6.42405 -3.17996 -3.66035 -6.47793 -2.51614 -3.68049 -6.39623 -2.61923 -3.67185 -6.44742 -0.925021 -3.66919 -6.41875 -1.46797 -3.66528 -6.42667 -0.821149 -3.67498 -6.43614 -2.95468 -3.69955 -6.34972 -2.43378 -3.66694 -6.41611 -2.06128 -3.66771 -6.38446 -3.03956 -3.70885 -6.38413 -3.2145 -3.68449 -6.40194 -1.91884 -3.67298 -6.40026 -2.88767 -3.68626 -6.29281 -1.75401 -3.66499 -6.31569 -1.27963 -3.67182 -6.37413 -1.62592 -3.672 -6.28547 -2.64355 -3.69738 -6.33696 -2.23885 -3.66655 -6.34482 -1.3963 -3.67696 -6.31943 -3.07583 -3.68666 -6.27423 -2.71889 -3.68862 -6.31444 -2.37531 -3.66687 -6.29509 -2.08739 -3.6858 -6.3318 -0.984997 -3.67906 -6.26762 -2.53657 -3.67972 -6.29579 -1.08655 -3.68097 -6.23318 -0.8414 -3.67892 -6.3194 -1.326 -3.68362 -6.23266 -2.22992 -3.65916 -6.26975 -2.16846 -3.67558 -6.24183 -2.0221 -3.67637 -6.27309 -2.33501 -2.04664 -6.28101 -2.33593 -2.13536 -6.25704 -2.29383 -2.13648 -6.27807 -1.22584 -2.01266 -6.26924 -1.18944 -2.10398 -6.27882 -1.16512 -1.92644 -6.27984 -2.04586 -1.98871 -6.27907 -2.15728 -1.8171 -6.28243 -2.153 -2.0602 -6.27805 -0.908714 -3.6669 -6.25888 -1.13787 -2.28331 -6.27567 -1.17539 -2.37085 -6.25805 -1.03716 -2.13978 -6.28461 -1.03817 -2.32543 -6.26162 -0.953838 -2.26415 -6.27134 -0.913726 -2.09451 -6.2803 -0.862107 -2.19211 -6.27021 -0.802448 -2.0565 -6.25099 -2.14177 -2.22256 -6.27259 -2.02006 -2.11866 -6.26327 -2.31641 -2.21152 -6.23381 -1.08589 -2.39199 -6.25907 -2.2342 -2.24469 -6.25178 -0.816231 -2.15496 -6.22829 -1.22466 -1.81279 -6.24147 -2.75619 -3.68524 -6.21972 -2.64514 -3.67544 -6.22629 -2.53881 -3.69367 -6.20713 -1.67909 -3.66064 -6.20783 -1.4257 -3.66864 -6.1505 -1.23541 -2.18763 -6.24294 -2.00572 -2.25451 -6.23309 -0.811054 -2.21705 -6.24349 -1.12393 -2.42066 -6.23094 -0.761535 -2.10898 -6.23672 -1.20417 -2.40797 -6.22472 -1.54344 -3.67101 -6.12015 -1.28348 -2.25722 -6.20969 -1.98834 -3.66256 -6.19806 -2.11255 -2.38908 -6.24664 -2.1963 -2.3594 -6.21379 -1.98386 -2.018 -6.19246 -2.01231 -2.34712 -6.19855 -2.00198 -2.17999 -6.20958 -0.764056 -2.1922 -6.20534 -2.27128 -2.26004 -6.19379 -1.20853 -3.68054 -6.16928 -1.04095 -3.6408 -6.18597 -0.999814 -2.33853 -6.12888 -2.05155 -3.6736 -6.16188 -1.76899 -3.66939 -6.17916 -3.00326 -3.68567 -6.16509 -2.89822 -3.68827 -6.15522 -2.40765 -2.18021 -6.16093 -1.26504 -2.01316 -6.18823 -2.48025 -3.67346 -6.14642 -2.09041 -2.41702 -6.19056 -2.01757 -1.97006 -6.23803 -0.847671 -3.6183 -6.20951 -1.97626 -2.11046 -6.09703 -0.761946 -2.2141 -6.11877 -1.2415 -2.38954 -6.10062 -1.30451 -2.14832 -6.16677 -1.29796 -2.02373 -6.14331 -1.09579 -2.45268 -6.13244 -0.992518 -2.40553 -6.09342 -0.904685 -2.2739 -6.1491 -2.5896 -3.68123 -6.1465 -2.14846 -3.67872 -6.13359 -2.35804 -3.33494 -6.21113 -2.52344 -3.33101 -6.19318 -2.38324 -3.36617 -6.17096 -1.4552 -3.66653 -6.11039 -0.82919 -2.27768 -6.13115 -1.99767 -2.25931 -6.1233 -0.755228 -2.13097 -6.14343 -0.785861 -2.04638 -6.11279 -2.35509 -3.67409 -6.1187 -1.81111 -3.66716 -6.13521 -2.58129 -3.36134 -6.1303 -2.54006 -3.26776 -6.14622 -2.24886 -2.35717 -6.13259 -2.31695 -2.23272 -6.11539 -2.44046 -2.13636 -6.18861 -1.18502 -3.63558 -6.10658 -2.45517 -2.16028 -6.12501 -0.851836 -3.59748 -6.1357 -2.39694 -3.396 -6.10196 -2.25402 -3.3476 -6.14999 -2.39488 -3.16119 -6.10366 -2.32037 -3.25292 -6.15806 -2.22673 -3.26504 -6.16524 -2.1627 -3.3136 -6.16707 -2.14185 -3.2723 -6.148 -2.09531 -2.46501 -6.10501 -1.36733 -3.65114 -6.10008 -1.37181 -3.36147 -6.1662 -1.19382 -3.38612 -6.1085 -1.22438 -3.33198 -6.13152 -1.33205 -3.32349 -6.15544 -3.01303 -3.64755 -6.13338 -2.91698 -3.61415 -6.12186 -1.29848 -2.24377 -6.11827 -1.26294 -2.35391 -6.05042 -2.25897 -3.21014 -6.11173 -2.17102 -3.38713 -6.12524 -2.1025 -3.32495 -6.10855 -2.19448 -2.44264 -6.10739 -2.02816 -2.36037 -6.08358 -1.15041 -3.33582 -6.13443 -1.0979 -3.35719 -6.13536 -1.45844 -3.27993 -6.10278 -1.41957 -3.23688 -6.08053 -1.30992 -3.23795 -6.0611 -0.895701 -3.5833 -6.09481 -0.909866 -3.33731 -6.12484 -2.81701 -3.67048 -6.12337 -2.89758 -3.52411 -6.11683 -2.46648 -3.66205 -6.10542 -2.38399 -3.65079 -6.08344 -2.05667 -3.66699 -6.10985 -2.32406 -3.19048 -6.0882 -1.33143 -2.11944 -6.05726 -1.06566 -2.49656 -6.06256 -0.871976 -2.33498 -6.09431 -2.47559 -2.08156 -6.09212 -2.00714 -1.86902 -6.12083 -2.52318 -3.13153 -6.09132 -2.42021 -2.28927 -6.0733 -2.72907 -3.63942 -6.10788 -1.38933 -3.39749 -6.06384 -2.93625 -3.43666 -6.10739 -2.80719 -3.41732 -6.09505 -2.77761 -3.34666 -6.10799 -2.92441 -3.36608 -6.13446 -1.1685 -3.59732 -6.08772 -0.782159 -3.56792 -6.09628 -1.09214 -3.27661 -6.07752 -2.6177 -3.62336 -6.0925 -2.23736 -3.64124 -6.09236 -2.64312 -3.45759 -6.09578 -2.55939 -3.43504 -6.08626 -2.66466 -3.36913 -6.12141 -2.6147 -3.31367 -6.09826 -2.28325 -3.39857 -6.08564 -2.66527 -3.2349 -6.08502 -2.0858 -3.27348 -6.03961 -1.31274 -1.89514 -6.08768 -0.75075 -2.27969 -6.00902 -0.78409 -2.13148 -6.05599 -2.31436 -2.35291 -6.08466 -2.49837 -2.25732 -6.05523 -2.47902 -2.14408 -6.0345 -1.52958 -3.64146 -6.0737 -1.24981 -3.61742 -6.07569 -1.48631 -3.35877 -6.02932 -2.77075 -3.26319 -6.06451 -1.67454 -3.26282 -6.1033 -1.55341 -3.23993 -6.08765 -1.64011 -3.17933 -6.09321 -1.45025 -3.16927 -6.07715 -2.39179 -3.56488 -6.07861 -2.17652 -3.59702 -6.08797 -1.94902 -3.64641 -6.08345 -1.67338 -3.64586 -6.0702 -1.05368 -3.39734 -6.08333 -1.81308 -3.60353 -6.07427 -0.911951 -3.40126 -6.07479 -0.940624 -3.50658 -6.07952 -2.39804 -3.47298 -6.07499 -2.20857 -3.43681 -6.07477 -2.65061 -3.12261 -6.0681 -2.06396 -3.41552 -6.07574 -2.02945 -3.37908 -6.07144 -1.7755 -3.27037 -6.0617 -1.69727 -3.19398 -6.0904 -1.67984 -2.23294 -6.10196 -1.62046 -2.25686 -6.11024 -1.59327 -2.12984 -6.09093 -2.2164 -2.51279 -6.05215 -1.99574 -2.30114 -6.03507 -1.68121 -2.31935 -6.07324 -1.76215 -2.22331 -6.01602 -1.96516 -2.23535 -6.04343 -2.43413 -3.05182 -6.06703 -1.68219 -1.79548 -6.08391 -1.58628 -1.84299 -6.07861 -1.67732 -1.71755 -6.07125 -1.69275 -1.93143 -6.07534 -1.59994 -1.67516 -6.07835 -1.661 -1.58824 -6.08434 -1.58705 -2.01481 -6.07711 -1.52872 -1.75495 -6.03063 -2.30134 -3.4682 -6.0739 -1.43954 -3.60068 -6.06315 -1.63611 -1.54435 -6.10635 -2.19361 -3.52321 -6.06091 -2.10892 -3.45415 -6.05134 -1.3252 -3.54465 -6.06971 -2.37427 -3.08099 -6.0424 -1.18547 -3.45808 -6.07114 -1.05894 -3.45976 -6.07755 -2.14411 -2.54306 -6.03096 -1.63159 -2.34626 -6.07209 -1.93179 -2.09707 -6.03598 -1.69441 -2.11795 -6.07325 -1.20957 -2.44732 -6.04837 -1.30999 -2.29298 -6.02743 -1.32975 -2.2336 -6.04044 -1.54766 -2.25084 -6.02684 -0.776372 -2.35383 -6.0349 -0.823714 -2.45815 -6.00724 -0.735566 -2.0422 -5.99213 -2.11594 -2.51695 -5.99098 -1.74695 -1.82883 -6.02551 -1.7448 -1.61566 -6.0052 -2.31162 -3.52724 -6.03597 -2.32318 -3.06696 -6.03638 -2.05133 -3.4699 -6.05894 -1.48983 -1.92191 -6.02308 -1.9461 -3.40985 -6.05044 -2.03082 -3.29903 -6.03634 -1.50235 -1.52629 -6.00561 -1.82835 -3.42633 -6.05971 -1.6772 -3.45826 -6.05289 -1.45139 -3.5492 -6.06158 -1.45036 -3.46468 -6.04853 -1.64963 -3.32946 -6.02049 -1.2938 -3.16825 -6.05833 -1.38278 -3.05943 -5.98901 -2.34209 -2.44026 -6.04106 -1.53833 -2.31126 -6.00746 -1.93481 -1.92424 -6.03303 -1.49057 -2.11503 -6.0119 -1.75539 -2.08633 -6.03212 -0.904922 -2.45756 -6.02259 -1.03459 -3.22855 -6.04569 -2.74835 -3.17639 -6.07058 -2.77931 -2.99554 -6.03711 -2.49736 -2.97583 -6.04867 -1.31484 -1.72045 -6.04231 -1.35016 -1.90893 -6.04337 -2.17473 -3.20784 -5.9971 -1.96963 -3.29031 -6.00535 -1.55707 -3.37995 -5.99009 -1.6412 -3.08555 -6.0075 -1.12385 -3.19299 -6.03603 -1.14781 -3.12024 -6.03696 -2.37106 -2.96842 -6.0003 -2.31979 -2.56412 -6.02039 -2.22861 -2.68532 -6.02773 -1.11474 -2.52025 -6.02234 -2.53272 -2.31197 -6.02902 -1.75678 -2.28735 -5.9918 -1.34698 -1.70013 -6.012 -1.38692 -1.91614 -6.02102 -1.80276 -3.34562 -6.01167 -1.67077 -3.38091 -6.0063 -1.87101 -3.2883 -6.01019 -1.81125 -3.24701 -6.00502 -2.4266 -2.90773 -6.04275 -2.60993 -2.84069 -6.02707 -2.32707 -2.75093 -6.02562 -1.02749 -2.58054 -5.99989 -1.66672 -2.42258 -5.97315 -1.60028 -2.40416 -5.99681 -2.55897 -2.49938 -6.01858 -2.467 -2.36377 -6.03972 -1.24972 -2.38861 -5.94503 -2.62468 -2.37803 -5.99955 -1.36425 -2.29097 -6.01213 -1.94989 -2.26979 -6.01365 -1.47027 -1.7798 -6.00823 -2.72037 -2.86027 -6.02872 -1.03151 -3.18667 -6.0241 -1.30118 -3.03451 -5.97934 -2.60678 -2.70735 -6.02059 -0.89601 -3.11135 -5.99774 -2.41816 -2.63068 -6.01634 -1.80315 -2.05924 -6.01087 -1.41626 -1.80803 -6.00568 -1.4358 -1.98988 -6.00944 -1.07249 -3.01334 -5.99752 -1.71595 -3.15676 -5.95896 -2.26573 -2.89732 -5.98139 -2.28288 -2.82039 -5.96612 -1.0802 -2.61619 -5.96791 -2.18834 -2.6412 -5.98591 -1.47455 -2.31895 -6.00148 -1.42646 -2.2083 -6.00031 -2.50143 -2.15956 -5.95971 -2.05423 -2.38795 -5.94404 -1.87063 -2.24879 -6.0098 -1.84579 -1.93104 -6.00484 -1.837 -3.19704 -5.88936 -1.80175 -1.81551 -5.99642 -1.8636 -1.6436 -5.968 -2.18059 -2.97714 -5.89317 -2.19634 -3.09539 -5.92536 -2.19313 -2.73816 -5.94686 -1.84612 -2.37391 -5.9144 -1.74106 -2.35408 -5.91223 -1.00912 -2.69691 -5.96336 -0.9379 -2.69682 -5.96107 -0.704177 -2.55593 -5.96251 -1.42519 -2.32405 -5.98609 -1.15882 -2.52154 -5.9739 -1.44565 -1.46812 -5.98192 -1.39792 -1.48036 -5.97533 -0.98269 -3.00092 -5.96965 -1.61075 -3.00897 -5.96757 -1.98881 -3.1982 -5.9328 -1.4294 -2.98937 -5.9594 -0.950786 -2.88199 -5.95826 -1.16677 -2.9487 -5.96439 -1.04498 -2.85055 -5.96763 -1.21812 -2.46237 -5.92115 -1.31611 -2.34668 -5.94722 -1.6807 -2.9678 -5.9418 -1.44854 -2.89034 -5.94816 -2.14383 -2.76448 -5.89688 -1.36354 -2.90895 -5.95068 -1.13721 -2.67354 -5.81447 -1.18018 -2.84079 -5.94062 -1.93889 -2.37391 -5.923 -1.99383 -2.35093 -5.92636 -1.07377 -2.69574 -5.92234 -0.930619 -2.79206 -5.95565 -1.63703 -2.56882 -5.89679 -1.46117 -2.40635 -5.90817 -1.34806 -2.40666 -5.92696 -1.27273 -2.80954 -5.91193 -2.12144 -3.1476 -5.92236 -1.64695 -2.88747 -5.9289 -2.19313 -2.67834 -5.87112 -2.1893 -2.62311 -5.87496 -1.54601 -2.89121 -5.93718 -1.08034 -2.80582 -5.91081 -1.17779 -2.58744 -5.86901 -1.5966 -2.58431 -5.8679 -1.53933 -2.38949 -5.9058 -1.32649 -2.84691 -5.86267 -1.50337 -2.78411 -5.86192 -1.1635 -2.77663 -5.89465 -2.11826 -2.53964 -5.88184 -1.72259 -2.4816 -5.86867 -1.56976 -2.41265 -5.9202 -1.39784 -2.41867 -5.88564 -1.25188 -2.48335 -5.8988 -1.2852 -2.70172 -5.89801 -1.75116 -3.01067 -5.83961 -1.73977 -2.89085 -5.8948 -2.06578 -2.53378 -5.87746 -1.25786 -2.63601 -5.88548 -1.98653 -2.5149 -5.89011 -1.88017 -2.40834 -5.87626 -1.31886 -2.51415 -5.90151 -1.74538 -2.78236 -5.85562 -1.7965 -2.8084 -5.88731 -2.0728 -3.06894 -5.86808 -1.92459 -3.13389 -5.8776 -1.76683 -3.11513 -5.85323 -1.70453 -2.86779 -5.87746 -2.0403 -2.89463 -5.84539 -2.08273 -2.75876 -5.88352 -1.62444 -2.85005 -5.84888 -1.57484 -2.83466 -5.81857 -1.99467 -2.69081 -5.86996 -1.98714 -2.6183 -5.90965 -2.0431 -2.67469 -5.86639 -1.63017 -2.66585 -5.82687 -1.10854 -2.74519 -5.79512 -1.82623 -2.48916 -5.88059 -1.55584 -2.61699 -5.83833 -1.47915 -2.57161 -5.86243 -1.82526 -2.73843 -5.83789 -1.44713 -2.77084 -5.84562 -1.39325 -2.81368 -5.78704 -2.00468 -2.81744 -5.84991 -1.94254 -2.5632 -5.84698 -1.34173 -2.79772 -5.78568 -1.17445 -2.71382 -5.81667 -1.33875 -2.64533 -5.85713 -1.72441 -2.59846 -5.82702 -1.38148 -2.64958 -5.83686 -1.69149 -2.82834 -5.79925 -1.78765 -2.70652 -5.83264 -1.89048 -2.86257 -5.84102 -2.1358 -2.68805 -5.80812 -1.41873 -2.67465 -5.83942 -1.47652 -2.67647 -5.84874 -1.81285 -2.62132 -5.87658 -1.89652 -2.62013 -5.82101 -1.819 -3.01285 -5.83614 -1.73055 -2.63507 -5.80508 -1.96895 -2.70798 -5.79115 -1.70835 -2.75992 -5.77193 -1.93143 -2.76589 -5.73759 -1.5671 -2.75538 -5.77887 -1.88831 -2.77627 -5.75063 -1.63379 -2.78698 -5.80361 -1.97875 2.74777 -6.66169 -2.20451 2.83676 -6.65324 -2.02945 2.89391 -6.67254 -1.85567 2.78093 -6.66879 -1.7904 2.99291 -6.67587 -1.60416 2.93397 -6.64892 -2.05653 3.14544 -6.67417 -2.1313 3.05514 -6.6679 -2.19314 3.21234 -6.66034 -1.92701 3.31326 -6.67772 -1.89803 3.23248 -6.67517 -2.08929 3.36958 -6.66258 -2.08129 3.51375 -6.67218 -1.72125 3.2569 -6.65747 -1.88137 3.49395 -6.68193 -2.81182 3.5698 -6.66917 -2.63646 3.64676 -6.66748 -2.69784 3.47831 -6.65457 -2.44534 3.80277 -6.6683 -2.48227 3.64054 -6.65855 -2.24228 3.71182 -6.67562 -2.28514 3.57641 -6.65433 -2.3153 3.48624 -6.63635 -2.93754 3.31882 -6.66814 -3.26759 3.3268 -6.6626 -3.09199 3.43763 -6.66881 -2.75256 3.36042 -6.65886 -2.60506 3.06862 -6.65533 -2.74593 3.08914 -6.65564 -2.5922 3.28115 -6.65504 -2.50073 3.17921 -6.65429 -2.36535 2.7053 -6.6451 -2.34117 2.98385 -6.65411 -1.65604 3.08037 -6.65017 -3.04074 2.95195 -6.65424 -2.88305 2.9692 -6.65326 -2.83753 2.83753 -6.6537 -2.69963 2.89077 -6.63951 -1.58867 2.70827 -6.6632 -1.50291 2.56299 -6.64639 -1.62846 2.51481 -6.65734 -1.50716 2.83088 -6.6577 -1.05951 2.75428 -6.66974 -1.11662 2.49941 -6.63616 -1.2274 2.799 -6.64777 -2.78713 3.18709 -6.65355 -1.07701 2.89903 -6.6658 -2.60345 2.86141 -6.64598 -2.52801 2.96017 -6.65663 -2.49369 2.80869 -6.63532 -0.977183 2.416 -6.64979 -0.942492 2.62232 -6.66068 -0.839476 2.57896 -6.63975 -1.77706 2.5996 -6.66071 -1.6981 2.3888 -6.65051 -1.49104 3.07482 -6.67185 -1.42625 2.98234 -6.66748 -1.38609 2.82862 -6.6406 -1.23194 3.03095 -6.66333 -3.33377 1.91851 -6.64047 -3.40057 1.74226 -6.63281 -3.46114 1.88889 -6.61969 -3.21874 1.77743 -6.62738 -3.37832 1.98177 -6.63868 -3.4076 2.07186 -6.63367 -3.16671 2.0911 -6.63549 -3.35896 2.21812 -6.63428 -3.20313 2.24373 -6.63804 -2.50498 2.17424 -6.64174 -2.59618 2.27215 -6.649 -2.37014 2.13423 -6.63741 -2.50396 2.54394 -6.64826 -2.34887 2.29871 -6.62999 -2.2245 2.27184 -6.6402 -2.19147 2.16618 -6.63373 -1.5565 2.32282 -6.63962 -2.14079 2.29471 -6.64367 -1.92937 2.35673 -6.64297 -1.90518 2.2263 -6.64041 -1.7803 2.32605 -6.64265 -0.902486 2.26055 -6.6421 -1.11811 2.32761 -6.62618 -3.85677 2.5938 -6.63167 -3.88565 2.73084 -6.6389 -3.68558 2.75017 -6.6336 -1.35388 2.66754 -6.62395 -3.26565 2.82785 -6.64245 -3.31662 2.72785 -6.6116 -3.38975 2.8373 -6.64206 -0.705695 2.28886 -6.63421 -3.80641 3.05397 -6.63542 -3.65416 3.03174 -6.65013 -3.68811 2.90946 -6.64055 -3.55731 3.15114 -6.65189 -2.36117 2.50177 -6.6275 -2.24887 2.5482 -6.64958 -2.47561 2.65115 -6.64788 -2.70667 2.74913 -6.65017 -1.18308 1.61134 -6.62995 -0.990966 1.62275 -6.63629 -1.23612 1.47138 -6.62501 -1.08961 1.70897 -6.63506 -1.40749 2.38071 -6.63732 -1.43431 2.42819 -6.63308 -0.812968 2.02758 -6.63936 -0.997779 2.07635 -6.61839 -3.33629 1.65842 -6.62735 -3.58089 2.27026 -6.62267 -3.41669 2.42701 -6.6388 -3.14763 2.46409 -6.64175 -3.33556 2.47931 -6.64681 -3.0909 2.16439 -6.63083 -3.0761 1.92801 -6.63104 -2.89382 2.20967 -6.63568 -1.7181 2.77308 -6.65922 -2.94337 2.06017 -6.62943 -2.99453 2.40257 -6.64615 -2.81236 2.29078 -6.64689 -0.961 2.79226 -6.64571 -0.792379 2.74134 -6.62321 -2.42301 1.98005 -6.62479 -2.68693 2.49173 -6.65191 -2.27172 1.98701 -6.63231 -2.07183 1.89725 -6.62528 -1.92782 2.07255 -6.62645 -1.76395 2.10947 -6.61882 -3.97967 2.3943 -6.63389 -4.08483 2.55952 -6.62747 -3.76747 2.48363 -6.63228 -4.1787 2.64254 -6.63092 -4.06005 2.71201 -6.63832 -4.11512 2.89407 -6.62327 -3.97323 2.92836 -6.63282 -3.50824 2.63583 -6.63377 -3.48811 2.53629 -6.63351 -3.30844 2.61814 -6.63901 -3.4874 2.76098 -6.63642 -3.41406 3.04458 -6.65105 -3.08039 2.63445 -6.6429 -3.23942 2.71557 -6.63513 -2.94308 2.51556 -6.65312 -2.80635 2.62763 -6.65666 -3.15527 2.85473 -6.63772 -3.22774 2.99713 -6.64738 -3.03273 2.80624 -6.64891 -3.48188 2.99857 -6.64468 -3.38833 3.28404 -6.65953 -2.97036 3.12851 -6.66059 -2.13715 2.69904 -6.64939 -2.07009 2.54493 -6.65087 -1.89856 2.55641 -6.6595 -2.34558 3.15589 -6.65365 -2.39093 3.27424 -6.64415 -2.53127 3.51057 -6.6281 -2.37979 3.39069 -6.62748 -2.6957 0.954644 -6.60976 -2.71268 1.15042 -6.61642 -2.48896 1.22159 -6.61739 -2.39496 1.04356 -6.61573 -2.56015 0.917447 -6.61438 -3.67897 1.45966 -6.60515 -3.81981 1.73672 -6.61785 -3.62577 1.6551 -6.61664 -3.28972 1.47491 -6.61653 -3.24268 1.25539 -6.61019 -3.42435 1.36407 -6.61204 -3.50658 1.65494 -6.61899 -3.39868 1.55161 -6.62403 -3.56551 1.41538 -6.61186 -3.95404 1.51126 -6.62282 -4.03028 1.74882 -6.62074 -3.55179 1.87004 -6.61337 -3.78605 1.82424 -6.60942 -3.04997 1.39676 -6.61136 -3.10825 1.60676 -6.62811 -2.96809 1.59566 -6.61224 -2.90883 1.3123 -6.60847 -2.78247 1.44197 -6.6194 -2.63448 1.39017 -6.61819 -3.02571 1.76804 -6.62179 -3.7806 1.93791 -6.62269 -3.59143 2.37903 -6.61825 -3.21005 1.89392 -6.62063 -2.78585 1.90494 -6.61165 -2.43282 1.52419 -6.6217 -2.32033 1.63181 -6.62781 -2.6893 1.62198 -6.60724 -2.45965 1.77873 -6.62193 -2.09874 1.67535 -6.62186 -1.87542 1.76089 -6.60883 -2.61858 1.85077 -6.6101 -2.72598 2.03915 -6.61881 -4.43058 1.59539 -6.61846 -4.50161 1.71843 -6.59237 -4.45396 1.81368 -6.62714 -3.87027 1.43511 -6.61983 -4.06315 1.42371 -6.61933 -4.496 1.91947 -6.61142 -4.46093 1.97776 -6.62674 -1.90791 1.90421 -6.60702 -4.45021 2.14556 -6.61812 -4.34062 1.99088 -6.61811 -4.49144 2.11881 -6.60629 -3.94607 1.85878 -6.61178 -4.05768 1.95238 -6.62922 -3.98496 1.93614 -6.62464 -4.3049 2.26153 -6.61492 -4.12323 2.24032 -6.61251 -4.21821 2.01113 -6.62332 -4.10389 2.43775 -6.61308 -3.93336 2.2593 -6.61951 -4.20792 2.53728 -6.62827 -3.99646 2.1438 -6.6181 -3.80053 2.24615 -6.61498 -3.81164 2.06627 -6.62975 -1.40932 1.18282 -6.62909 -1.76103 1.32963 -6.61599 -1.5384 1.33783 -6.61804 -1.29292 1.59562 -6.63022 -1.46335 1.61551 -6.61547 -1.34026 1.70851 -6.61523 -1.21786 2.14268 -6.62648 -1.22536 1.87027 -6.62394 -1.31906 2.07182 -6.61201 -1.33824 2.59992 -6.61511 -1.20903 2.3364 -6.62834 -2.51034 0.692904 -6.58746 -2.7323 0.776825 -6.59844 -2.35763 0.928978 -6.611 -2.17569 1.00454 -6.59378 -2.12269 1.16693 -6.60139 -2.12118 1.31797 -6.5974 -2.32457 1.2656 -6.61116 -3.08601 1.26567 -6.60121 -3.77814 2.35316 -6.61238 -2.27629 1.50459 -6.6246 -1.95463 1.33607 -6.6076 -2.05862 1.50305 -6.61138 -1.87879 1.57471 -6.61198 -1.77216 1.45326 -6.6081 -1.61781 1.44415 -6.60723 -1.74237 1.71672 -6.60348 -1.7225 1.95123 -6.60294 -4.38128 2.50149 -6.60242 -4.49135 2.45946 -6.60561 -4.4815 2.50287 -6.58796 -4.44677 2.6212 -6.6144 -4.48808 2.62805 -6.59122 -4.52103 0.949625 -6.59205 -4.49814 0.983661 -6.61595 -4.50281 0.853702 -6.60052 -4.3906 0.930415 -6.59859 -4.45226 1.11801 -6.6133 -4.49984 1.11438 -6.59267 -1.45154 1.95849 -6.5996 -4.15347 0.816999 -6.60695 -4.25254 0.905475 -6.5982 -4.17355 0.96756 -6.57974 -4.10875 0.881557 -6.61452 -4.16027 1.04841 -6.59622 -3.93705 0.881959 -6.60908 -4.05734 0.744555 -6.57361 -3.95368 1.00271 -6.61478 -3.83112 0.83638 -6.59935 -3.83735 1.0112 -6.61145 -4.31682 1.30001 -6.60802 -4.35503 1.18827 -6.6006 -4.47473 1.39155 -6.6196 -4.00482 1.13835 -6.60364 -4.4843 1.29435 -6.59856 -4.49818 1.4554 -6.53498 -4.49953 1.62013 -6.58861 -4.46693 1.51474 -6.61927 -4.28709 1.52045 -6.61416 -4.33802 1.45676 -6.60175 -4.15464 1.29204 -6.60649 -4.17555 1.47652 -6.60762 -4.50133 2.03116 -6.58988 -4.46397 2.3056 -6.60703 -3.67998 0.645509 -6.60855 -3.48392 0.617223 -6.60327 -3.64944 0.489383 -6.60554 -3.46431 0.76629 -6.60288 -3.67727 0.788074 -6.60358 -3.58293 0.96093 -6.613 -3.41435 1.01964 -6.60383 -3.41581 1.12307 -6.60743 -3.68131 1.17694 -6.61077 -3.66609 1.30075 -6.60667 -2.89341 0.733051 -6.5994 -2.9723 0.864277 -6.59428 -2.77274 0.917698 -6.6103 -3.01697 1.18701 -6.58123 -2.83131 1.18931 -6.60789 -3.8481 0.499791 -6.60812 -4.00307 0.551623 -6.59247 -3.80409 0.676194 -6.59979 -4.23226 1.1561 -6.59541 -3.83564 1.12647 -6.61373 -3.95899 1.25241 -6.60911 -4.13997 1.61289 -6.6079 -4.19964 1.75221 -6.61897 -1.58426 1.85604 -6.59386 -3.51463 0.446915 -6.59333 -3.33495 0.540758 -6.59898 -3.45797 0.35876 -6.59039 -3.24169 0.564573 -6.59667 -0.998105 1.79175 -6.62021 -3.1007 0.620868 -6.59781 -3.06258 0.88728 -6.59296 -1.62373 2.03569 -6.61222 -1.41972 2.15353 -6.60847 -2.94512 0.556154 -6.6008 -3.3249 0.915915 -6.60134 -3.14073 1.08427 -6.59673 -3.16182 0.739901 -6.58964 -1.93762 1.05803 -6.59972 -1.78321 1.22439 -6.61658 -2.81708 1.61099 -6.61498 -2.69811 1.72777 -6.60908 -3.53539 2.13411 -6.6278 -2.16662 1.57484 -6.61382 -2.27359 1.77992 -6.63592 -4.36725 2.59699 -6.62573 -4.2832 2.44988 -6.61553 -4.23469 2.72241 -6.61755 -4.26025 0.963423 -6.58087 -4.36465 1.10417 -6.58784 -4.51413 1.90753 -6.53916 -4.49887 2.31876 -6.55639 -4.14665 0.624508 -6.58079 -4.25008 0.728186 -6.59013 -4.04327 0.675494 -6.56567 -4.46736 0.777516 -6.57916 -4.31983 0.882344 -6.57605 -4.48339 1.22473 -6.5723 -4.32421 0.940159 -6.56102 -4.50255 1.97923 -6.52692 -4.52108 2.08658 -6.52718 -4.51123 2.44562 -6.50116 -4.49561 1.01504 -6.51847 -4.49282 1.19878 -6.4865 -4.50712 1.63225 -6.48433 -4.48813 1.71897 -6.49962 -4.51086 2.1554 -6.50873 -4.52598 2.38225 -6.51799 -4.49414 1.07393 -6.43492 -4.48117 1.36824 -6.49594 -4.49555 2.04643 -6.44514 -4.51913 2.23886 -6.48714 -4.50261 1.77943 -6.45374 -4.49934 1.86198 -6.46403 -4.50811 2.33524 -6.43743 -4.48351 1.22327 -6.44277 -4.48731 1.56744 -6.39302 -4.4931 1.47386 -6.38026 -4.49264 1.32256 -6.41993 -4.51271 2.13042 -6.40298 -4.49345 2.42621 -6.37635 -4.50403 2.47708 -6.36634 -4.51535 1.09903 -6.33331 -4.49284 1.74532 -6.39313 -4.49967 1.99321 -6.38149 -4.52844 1.95169 -6.35351 -4.51108 1.83591 -6.33497 -4.52107 2.20628 -6.36905 -4.50942 1.67614 -6.2993 -4.49855 1.30005 -6.34571 -4.51014 2.33452 -6.33136 -4.4899 1.40294 -6.3074 -4.4962 1.52497 -6.30807 -4.52189 1.80805 -6.23942 -4.51438 2.10411 -6.29748 -4.47895 2.35711 -6.28302 -4.5278 1.94235 -6.25045 -4.50554 2.20951 -6.27609 -4.53657 1.10209 -6.27439 -4.53194 1.75114 -6.25764 -4.511 0.977921 -6.28661 -4.4978 1.98339 -6.27541 -4.53398 1.61238 -6.23439 -4.53481 1.01348 -6.23506 -4.53443 1.33264 -6.23929 -4.53537 1.4875 -6.24891 -4.52464 1.89786 -6.19099 -4.53753 2.16277 -6.21196 -4.53351 1.16005 -6.2254 -4.5331 2.05014 -6.21515 -4.51482 2.38027 -6.2178 -4.53301 1.42 -6.20481 -4.51682 1.36503 -6.17508 -4.52006 1.72036 -6.18034 -4.50193 1.05571 -6.16447 -4.49078 1.00543 -6.16484 -4.09221 1.29406 -6.199 -3.96221 1.22248 -6.20881 -3.99183 1.43443 -6.19479 -4.49452 1.4808 -6.16083 -4.46583 1.8334 -6.15162 -3.7594 1.49194 -6.20124 -3.76954 1.38724 -6.2036 -4.09487 1.53537 -6.18652 -4.49491 1.926 -6.13905 -3.83803 1.77808 -6.18797 -3.6025 1.7836 -6.20054 -4.19323 1.44307 -6.17974 -4.34348 1.28633 -6.16575 -4.09139 1.81285 -6.17135 -4.5141 2.05177 -6.16853 -4.47236 1.21873 -6.16227 -4.25735 1.03769 -6.18157 -4.3803 1.49148 -6.15368 -4.45568 1.67335 -6.14639 -4.51054 2.12161 -6.13881 -4.27708 2.06593 -6.15096 -4.20864 1.65287 -6.1731 -4.28145 1.79063 -6.16464 -3.96895 1.9982 -6.18006 -4.455 2.05617 -6.13589 -4.46788 2.17945 -6.12911 -4.53722 -3.04009 -6.69635 -4.62646 -3.11593 -6.68597 -4.63036 -3.06218 -6.71638 -4.58329 -3.62096 -6.69247 -4.60723 -3.53666 -6.68656 -4.52973 -3.57378 -6.70923 -4.57127 -2.95844 -6.70335 -4.4994 -2.92374 -6.67987 -4.52035 -3.26262 -6.70862 -4.65319 -3.23184 -6.70702 -4.56857 -3.15339 -6.70442 -4.51415 -3.17249 -6.69248 -4.64185 -3.58672 -6.68498 -4.66039 -2.98748 -6.69226 -4.63502 -2.56946 -6.68851 -4.57118 -2.52288 -6.69321 -4.59044 -2.59574 -6.67898 -4.5625 -3.0881 -6.68171 -4.39237 -3.11166 -6.70097 -4.25276 -3.08219 -6.68012 -4.32324 -3.18822 -6.68642 -4.63183 -2.67407 -6.67352 -4.62882 -2.65276 -6.70797 -4.6161 -2.37884 -6.65107 -4.4465 -3.08762 -6.70113 -4.49306 -3.65845 -6.68573 -4.40338 -3.70035 -6.68126 -4.45425 -3.55587 -6.67337 -4.6121 -3.38082 -6.67561 -4.6618 -3.43002 -6.68698 -4.69565 -3.2879 -6.68838 -4.6745 -3.19745 -6.67591 -4.69015 -3.09136 -6.65753 -4.51446 -3.36377 -6.67382 -4.4707 -3.28002 -6.69066 -4.35642 -3.34382 -6.67257 -4.35212 -3.26325 -6.69543 -4.47266 -3.22383 -6.67764 -4.38551 -2.90597 -6.68868 -4.56382 -2.80929 -6.66677 -4.23461 -2.94012 -6.69203 -4.3318 -2.9071 -6.67777 -4.27243 -2.83356 -6.67952 -4.13196 -2.95882 -6.6816 -4.37205 -2.75304 -6.67997 -4.58785 -2.37312 -6.68632 -4.67708 -2.9957 -6.6572 -4.5469 -2.39387 -6.66039 -4.55373 -2.52746 -6.65499 -4.62861 -2.52677 -6.62891 -4.51925 -3.68835 -6.64455 -4.31909 -3.65131 -6.67601 -4.33506 -3.68992 -6.66478 -4.67865 -3.49045 -6.6568 -4.69999 -3.33811 -6.65197 -4.55427 -3.49871 -6.627 -4.45971 -3.47799 -6.64757 -4.30363 -3.43731 -6.67038 -4.18463 -3.66182 -6.66233 -4.15016 -3.54413 -6.6601 -4.23883 -3.52587 -6.65794 -4.18764 -3.42555 -6.66355 -4.17832 -3.31015 -6.6621 -4.11203 -3.19441 -6.67267 -4.05502 -3.30145 -6.66265 -4.65779 -2.84294 -6.67859 -4.69269 -2.86029 -6.63899 -4.66972 -2.75678 -6.6601 -4.62076 -2.7358 -6.66438 -4.55275 -2.70542 -6.65125 -4.50258 -2.65952 -6.66116 -4.31156 -2.62997 -6.6634 -4.412 -2.59556 -6.6573 -4.01482 -3.08147 -6.66252 -4.06673 -2.7967 -6.66367 -4.12934 -2.73964 -6.6722 -4.03222 -2.89192 -6.67105 -3.84495 -2.98808 -6.66638 -3.87673 -2.89875 -6.66798 -3.93063 -2.76263 -6.65989 -4.22959 -2.60978 -6.66716 -4.47755 -2.454 -6.65225 -4.55091 -2.30763 -6.65095 -4.60447 -2.26459 -6.66133 -3.94477 -3.57601 -6.62467 -4.06179 -3.64582 -6.65633 -4.06244 -3.55788 -6.63502 -4.64509 -2.71104 -6.60802 -4.4105 -3.72187 -6.62808 -4.23082 -3.66123 -6.59243 -4.62693 -3.55144 -6.61831 -4.52754 -3.60998 -6.62568 -4.02773 -3.48516 -6.65045 -3.73722 -3.10935 -6.64445 -3.70405 -2.97694 -6.64503 -3.74086 -2.83609 -6.65907 -3.96786 -3.35326 -6.66657 -3.90933 -3.48437 -6.63828 -3.76924 -3.44215 -6.64469 -3.80206 -3.33965 -6.66081 -3.8298 -2.79659 -6.64816 -3.55851 -2.88586 -6.63867 -3.51045 -2.744 -6.62672 -3.7281 -2.72159 -6.64907 -3.96107 -3.24039 -6.65541 -3.86505 -3.28543 -6.65591 -3.89796 -3.14535 -6.65964 -4.45029 -2.53308 -6.66787 -4.3698 -2.45868 -6.64478 -4.29359 -2.46535 -6.63403 -4.15561 -2.55043 -6.65978 -4.05313 -2.62771 -6.64623 -4.03416 -2.49719 -6.63793 -3.8141 -2.60212 -6.66049 -3.77693 -2.52466 -6.65913 -4.42918 -2.36066 -6.64312 -4.10634 -2.46646 -6.63264 -3.9199 -2.43903 -6.62788 -3.68443 -3.35852 -6.65586 -3.66845 -3.25665 -6.6437 -3.77554 -3.18741 -6.65715 -3.49502 -3.34659 -6.64873 -3.95067 -3.64786 -6.63636 -4.37851 -3.63521 -6.63548 -4.6519 -3.24732 -6.64064 -4.65465 -3.07961 -6.59381 -4.65805 -2.92764 -6.60006 -4.60158 -2.46889 -6.57539 -3.53767 -3.01088 -6.65202 -4.42142 -2.30872 -6.6273 -3.4352 -2.97159 -6.64225 -3.53258 -3.13368 -6.64175 -3.42674 -2.8792 -6.64456 -4.18146 -2.41367 -6.6282 -4.30431 -2.28574 -6.624 -4.23961 -2.31206 -6.61718 -3.50022 -2.66296 -6.62664 -3.64134 -2.62046 -6.63104 -3.62266 -2.51261 -6.61315 -3.72245 -3.54755 -6.61096 -3.8304 -3.52821 -6.62827 -3.62385 -3.46414 -6.64447 -3.52428 -3.4812 -6.63158 -3.37711 -3.38107 -6.62242 -3.40166 -3.21035 -6.63972 -3.74481 -2.42889 -6.63137 -3.32035 -3.31709 -6.61777 -3.86552 -3.64262 -6.60739 -3.82308 -3.618 -6.6454 -4.44922 -3.61563 -6.59001 -4.43383 -3.69302 -6.58512 -4.30499 -3.62649 -6.58388 -4.66521 -3.39399 -6.54949 -4.63033 -2.81642 -6.53107 -4.0243 -2.31854 -6.61885 -4.26206 -2.17823 -6.62275 -4.12219 -2.33145 -6.63434 -4.13873 -2.20435 -6.61695 -3.92564 -2.25209 -6.61967 -3.69623 -3.6602 -6.62852 -3.65621 -3.67231 -6.6114 -3.63313 -3.5842 -6.59242 -3.56862 -3.69654 -6.60583 -3.50665 -3.5759 -6.6105 -3.28095 -3.67639 -6.60211 -3.34476 -3.473 -6.6367 -3.55087 -2.5325 -6.61946 -3.74717 -2.31704 -6.63045 -3.71394 -2.21706 -6.61425 -3.61461 -2.29272 -6.60849 -3.28402 -3.72177 -6.60867 -3.37781 -3.71902 -6.59499 -4.5738 -3.58648 -6.58856 -4.6075 -2.35394 -6.52518 -3.4549 -3.67787 -6.57756 -3.28482 -3.66146 -6.53597 -4.35682 -3.63184 -6.53218 -4.68173 -3.44643 -6.50572 -3.40121 -3.68949 -6.53825 -3.50544 -3.67572 -6.53335 -4.10192 -3.65569 -6.44715 -3.96188 -3.65961 -6.52386 -4.64135 -3.51032 -6.4881 -4.50079 -3.61579 -6.47675 -4.65345 -2.90347 -6.50687 -4.62069 -2.66604 -6.46397 -3.70017 -3.65088 -6.53025 -3.60313 -3.66123 -6.50689 -4.42887 -3.63472 -6.5247 -4.65569 -3.30749 -6.4832 -4.67176 -2.95518 -6.52488 -4.26805 -3.64236 -6.47053 -4.64883 -3.12681 -6.49836 -4.66835 -3.05748 -6.48977 -4.67717 -3.38212 -6.43453 -4.60427 -2.47365 -6.45721 -3.52807 -3.66513 -6.39799 -3.33805 -3.64873 -6.47886 -4.62882 -2.76201 -6.4246 -3.64529 -3.66705 -6.46567 -3.89146 -3.65609 -6.45238 -3.98776 -3.65292 -6.3321 -3.39124 -3.67935 -6.3927 -4.66044 -3.24183 -6.42475 -4.65737 -3.06312 -6.41415 -4.64959 -3.1261 -6.40534 -4.43515 -3.61628 -6.39714 -4.56279 -3.58054 -6.37358 -4.10395 -3.64889 -6.38458 -4.63544 -3.50074 -6.38235 -4.60045 -2.55194 -6.35761 -3.43747 -3.6894 -6.42673 -4.24477 -3.6284 -6.3696 -4.66609 -3.35939 -6.39264 -4.61019 -2.61021 -6.32654 -3.29951 -3.66775 -6.41361 -4.62052 -3.43918 -6.33489 -4.60303 -2.31485 -6.40641 -4.61077 -2.42232 -6.38477 -4.63755 -3.19713 -6.36777 -3.67233 -3.67323 -6.34156 -3.87507 -3.66598 -6.37302 -3.29245 -3.67723 -6.27915 -4.62157 -3.27475 -6.32887 -4.61939 -3.03271 -6.35142 -4.62282 -2.92948 -6.33144 -4.60161 -2.7403 -6.34628 -4.58299 -2.31877 -6.31007 -4.45911 -3.47283 -6.27477 -3.47988 -3.68224 -6.29395 -3.22501 -3.70183 -6.26168 -4.33355 -3.55915 -6.32402 -4.60178 -3.14812 -6.32053 -4.56643 -2.49302 -6.32426 -4.55356 -3.48647 -6.31034 -4.58437 -3.24546 -6.32931 -4.55917 -2.98228 -6.3187 -4.56315 -2.85474 -6.30679 -4.02222 -3.58416 -6.26371 -4.32867 -3.28814 -6.30363 -4.5218 -3.29365 -6.29854 -4.33508 -3.13668 -6.30812 -4.39719 -3.01175 -6.30107 -4.14527 -3.53513 -6.25029 -4.26657 -3.24365 -6.30339 -4.48833 -2.93347 -6.29284 -4.5026 -2.577 -6.27834 -3.51677 -3.19816 -6.29953 -3.6975 -3.21495 -6.31795 -3.61077 -3.29966 -6.31277 -3.09627 -2.86306 -6.31008 -3.03179 -2.98275 -6.31517 -3.02708 -2.93302 -6.30476 -4.32208 -3.50551 -6.29024 -4.54798 -3.36515 -6.26872 -4.33187 -3.32336 -6.26668 -4.23205 -3.12842 -6.29 -4.39942 -2.92352 -6.28436 -4.51055 -2.75366 -6.28292 -4.54852 -2.65522 -6.28613 -4.21944 -3.04752 -6.29929 -4.27516 -2.93118 -6.30086 -4.20169 -2.96235 -6.277 -4.49616 -2.48584 -6.27438 -4.49579 -2.39948 -6.2492 -3.83953 -3.68259 -6.26476 -3.64514 -3.68304 -6.2311 -3.68448 -3.2932 -6.29199 -3.76054 -3.19149 -6.28957 -3.74795 -3.02337 -6.28966 -3.69571 -3.01898 -6.30551 -3.52525 -3.05141 -6.30668 -3.47116 -3.14416 -6.30224 -3.48376 -3.31626 -6.29488 -3.46888 -3.19392 -6.2776 -3.33769 -3.13445 -6.30148 -2.97406 -3.16032 -6.2957 -3.08795 -3.14841 -6.31766 -2.97112 -3.06437 -6.28656 -3.58152 -2.94003 -6.28577 -3.64673 -2.92913 -6.29282 -3.49659 -2.9327 -6.28362 -3.41073 -2.92896 -6.3005 -3.44059 -2.87008 -6.29859 -3.43673 -2.73222 -6.29953 -3.47917 -2.74084 -6.28707 -3.30699 -2.79272 -6.28869 -3.44552 -2.54032 -6.29217 -3.24473 -3.111 -6.30233 -3.20037 -3.08646 -6.30397 -3.11086 -2.66139 -6.29878 -3.03432 -2.64775 -6.28193 -3.18844 -2.50714 -6.29151 -3.07893 -2.51354 -6.28948 -3.21325 -2.34614 -6.29222 -3.34882 -2.47097 -6.28832 -3.96424 -3.66832 -6.2345 -4.45482 -3.34953 -6.21333 -4.22468 -3.27438 -6.2457 -4.16968 -3.15452 -6.23301 -4.16718 -2.95365 -6.21221 -4.32353 -2.87115 -6.26824 -4.23815 -2.83314 -6.26603 -3.45864 -3.25176 -6.24737 -3.23783 -3.18718 -6.26951 -3.17064 -3.16906 -6.23422 -3.73909 -2.86524 -6.27109 -3.68413 -2.84372 -6.25421 -3.52062 -2.87131 -6.23432 -3.48355 -2.53997 -6.26563 -2.98557 -2.97919 -6.24764 -3.01073 -2.87548 -6.27132 -3.031 -2.543 -6.26209 -3.44097 -2.28178 -6.26762 -3.05326 -2.38085 -6.27446 -3.07217 -2.31594 -6.27418 -3.0639 -2.2193 -6.27288 -4.32416 -3.37917 -6.24023 -4.28129 -3.45595 -6.26092 -3.97409 -3.25376 -6.25234 -3.97276 -3.12765 -6.29418 -4.05831 -3.15128 -6.22174 -3.97341 -3.00797 -6.29588 -4.50343 -2.85316 -6.23649 -4.44025 -2.88277 -6.22199 -4.37495 -2.84695 -6.20638 -4.25036 -2.70041 -6.22952 -3.49664 -3.69016 -6.2182 -3.31034 -3.68682 -6.20525 -3.76783 -3.28581 -6.17825 -3.37094 -3.20821 -6.20621 -3.52924 -2.65857 -6.21931 -3.47589 -2.18663 -6.2422 -3.42901 -2.03346 -6.27031 -3.29389 -2.20038 -6.28253 -3.04511 -2.30001 -6.19334 -4.00694 -2.8434 -6.24354 -3.98043 -2.95193 -6.27863 -3.9363 -2.84071 -6.23083 -3.90052 -2.91458 -6.19911 -4.16114 -3.08171 -6.22406 -3.90875 -3.18503 -6.21732 -4.06839 -3.06592 -6.20517 -4.46323 -2.58772 -6.19383 -3.90022 -3.03927 -6.21141 -3.75131 -3.67122 -6.20536 -3.79493 -3.16997 -6.23179 -3.6366 -3.36007 -6.17528 -3.8078 -3.02804 -6.21597 -3.46053 -3.32931 -6.22465 -3.10158 -3.1939 -6.16948 -2.98713 -3.19865 -6.14715 -2.92367 -3.14798 -6.20004 -3.73477 -2.77121 -6.23373 -3.60159 -2.88095 -6.19412 -3.52461 -2.29705 -6.1743 -4.26165 -3.41373 -6.19583 -4.04027 -3.51399 -6.21802 -3.97651 -3.55277 -6.18018 -4.19813 -3.27685 -6.18251 -4.05282 -3.2462 -6.1882 -4.00025 -3.34165 -6.15567 -4.34652 -2.70365 -6.16347 -4.47099 -2.40515 -6.18576 -3.12868 -3.69619 -6.19016 -3.71744 -3.33334 -6.17436 -3.37635 -3.23451 -6.16251 -3.20774 -3.22143 -6.16276 -3.80622 -2.83227 -6.17868 -3.69167 -2.72972 -6.20079 -2.98748 -2.8294 -6.16129 -3.00567 -2.70283 -6.15443 -3.01479 -2.45355 -6.16837 -3.93791 -3.64815 -6.20015 -4.10443 -3.45912 -6.17813 -4.1289 -3.13999 -6.21491 -3.86884 -3.32688 -6.13893 -4.1356 -2.86779 -6.16929 -4.06756 -2.86939 -6.17136 -4.21055 -2.71132 -6.22184 -3.97788 -2.67326 -6.19269 -3.66535 -3.66378 -6.17894 -3.84462 -3.18804 -6.19719 -3.83915 -3.04349 -6.20631 -3.61771 -2.8448 -6.17233 -3.74232 -2.69071 -6.209 -4.22047 -3.32341 -6.17171 -4.02216 -3.47595 -6.15498 -4.42417 -2.79696 -6.17531 -4.44489 -2.74206 -6.18443 -4.10092 -2.90114 -6.16531 -3.85659 -2.83627 -6.16626 -4.20322 -2.5898 -6.15862 -3.93456 -2.60319 -6.16226 -3.54451 -3.65313 -6.17323 -3.50269 -3.37618 -6.15936 -3.40444 -3.32491 -6.17643 -2.9112 -3.1523 -6.1525 -3.81578 -2.70851 -6.1544 -3.59226 -2.61807 -6.16899 -2.94184 -3.02572 -6.15055 -3.81355 -3.57925 -6.16791 -3.92584 -3.46157 -6.1559 -4.02723 -3.37717 -6.13739 -3.94043 -3.36099 -6.16908 -3.80605 -3.31144 -6.14023 -4.14704 -2.67011 -6.14276 -4.05514 -2.62184 -6.11432 -3.87603 -2.68125 -6.14489 -3.2718 -3.66956 -6.16342 -3.33793 -3.2707 -6.13748 -3.66008 -2.64014 -6.1572 -3.8502 -3.46576 -6.13778 -4.38416 -2.5359 -6.13307 -4.28161 -2.54169 -6.11078 -3.98693 -2.48977 -6.14115 -4.4296 -2.39584 -6.14025 -3.61431 -3.49301 -6.14967 -3.44608 -3.63614 -6.15787 -3.13732 -3.59395 -6.14268 -3.71431 -3.41926 -6.14924 -3.53832 -3.44535 -6.14922 -3.43915 -3.54055 -6.1509 -3.31754 -3.35865 -6.13102 -3.78735 -2.58689 -6.13034 -3.73339 -2.5569 -6.16003 -2.98237 -2.54112 -6.1238 -3.55615 -2.25133 -6.13663 -3.53859 -2.07561 -6.12892 -2.98867 -2.3939 -6.10602 -4.10195 -2.68214 -6.11908 -3.8938 -2.4574 -6.09258 -3.21138 -3.58654 -6.14033 -3.15296 -3.4703 -6.12307 -3.17912 -3.27529 -6.12893 -3.03749 -3.22609 -6.12349 -2.86976 -3.11366 -6.11644 -3.59663 -2.35975 -6.13024 -3.03603 -2.29019 -6.08244 -3.84013 -2.56706 -6.10509 -3.93806 -2.36303 -6.10106 -3.26718 -3.39928 -6.12766 -3.10048 -3.33354 -6.13646 -3.03121 -3.39476 -6.1118 -3.01401 -3.25476 -6.10431 -2.96527 -3.28417 -6.10024 -3.74443 -2.40823 -6.11872 -2.92359 -2.87772 -6.09527 -2.93602 -2.66779 -6.09016 -3.67073 -2.43607 -6.11426 -3.61224 -2.2607 -6.10315 -4.13018 -2.4474 -6.07365 -4.26475 -2.44295 -6.08929 -4.33733 -2.30447 -6.09589 -4.05295 -2.38082 -6.06223 -3.99417 -2.26203 -6.08011 -2.87975 -2.96034 -6.09023 -3.79711 -2.38128 -6.06577 -3.72458 -2.32052 -6.10302 -4.20696 -2.3639 -6.0869 -4.26721 -2.27758 -6.05734 -2.88629 -3.23547 -6.0709 -2.81973 -3.17096 -6.08785 -2.95005 -2.47817 -6.08584 -3.73039 -2.22713 -6.07667 -2.9443 -2.3843 -6.03699 -3.88463 -2.23289 -6.04385 -3.94806 -2.15547 -6.0658 -4.12853 -2.26567 -6.04302 -4.19406 -2.12441 -6.04184 -3.84777 -2.39965 -6.06108 -4.03322 -2.13644 -6.02439 -2.79021 -2.78367 -6.04928 -2.84299 -2.59845 -6.04231 -2.79245 -2.46633 -6.02056 -2.87788 -2.41816 -6.03984 -2.81722 -2.87106 -6.05949 -2.73495 -2.70848 -6.03245 -2.80659 -2.38738 -5.99928 -2.96369 -2.37055 -5.94012 -3.06141 -2.25539 -5.98223 -2.62404 -2.32883 -5.90947 -2.95527 -2.35096 -5.91512 -2.71425 -2.36137 -5.90755 -2.55969 -2.25853 -5.92923 -2.84117 -2.34991 -5.89769 -2.58881 -2.15458 -5.91529 -2.66229 -2.27648 -5.89654 -2.84796 -2.28827 -5.87831 -2.67096 -2.23307 -5.8616 -2.73974 -2.26441 -5.8581 -2.67088 -2.20508 -5.71354 -2.63958 -2.14661 -5.73437 -2.73445 -2.26421 -5.69419 -2.73447 -2.22806 -5.62899 -4.58508 -2.15005 -6.68614 -4.60506 -2.16696 -6.63177 -4.53881 -2.18742 -6.64345 -4.53441 -2.11628 -6.63733 -4.6065 -2.0822 -6.65101 -4.46798 -2.08952 -6.63143 -4.60052 -1.9605 -6.64506 -4.54472 -1.94709 -6.63521 -4.61728 -1.90089 -6.64877 -4.57408 -1.81988 -6.61758 -4.54541 -1.69218 -6.64129 -4.54192 -1.57656 -6.62919 -4.48774 -1.56214 -6.61815 -4.55039 -1.33084 -6.63276 -4.59368 -1.2375 -6.63418 -4.54061 -1.21523 -6.63764 -4.59207 -1.13528 -6.6364 -4.51123 -1.04152 -6.6322 -4.55813 -0.93027 -6.63896 -4.59361 -1.88222 -6.56168 -4.50243 -1.3867 -6.61878 -4.57981 -1.40633 -6.63886 -4.31966 -2.19009 -6.60726 -4.46405 -1.84277 -6.59836 -4.45158 -1.97365 -6.59683 -4.41174 -1.73319 -6.60269 -4.59355 -1.77499 -6.6156 -4.59832 -1.62482 -6.6049 -4.33614 -2.04889 -6.61628 -4.40575 -1.57002 -6.61973 -4.59586 -1.50705 -6.60945 -4.48781 -1.48455 -6.62393 -4.39624 -1.45645 -6.60944 -3.9156 -1.9823 -6.61213 -4.16746 -1.98725 -6.61064 -4.02846 -1.89937 -6.61626 -4.06377 -2.16144 -6.60587 -3.75807 -1.85659 -6.61692 -4.0451 -1.80492 -6.61687 -3.81825 -2.23832 -6.61423 -4.06101 -1.74374 -6.61377 -4.16612 -1.75867 -6.61437 -4.04209 -1.6255 -6.62216 -3.8474 -1.64062 -6.619 -4.26784 -2.07733 -6.60584 -4.12816 -1.59431 -6.61657 -4.23509 -1.502 -6.61414 -4.25046 -1.42165 -6.62148 -4.13178 -1.47429 -6.61834 -3.87388 -1.50918 -6.61869 -3.95724 -1.50118 -6.61173 -3.80232 -1.5837 -6.62536 -4.57512 -1.38078 -6.59321 -4.49156 -1.24908 -6.60516 -4.26474 -1.28691 -6.61943 -4.42518 -1.27041 -6.61189 -4.43108 -1.16898 -6.61837 -4.5907 -1.00526 -6.592 -4.44506 -1.0454 -6.61835 -4.46258 -0.801505 -6.60933 -4.39224 -0.875828 -6.6139 -4.13253 -1.30945 -6.60261 -4.29579 -1.08858 -6.60966 -4.1428 -1.22012 -6.61174 -4.01775 -1.37 -6.61699 -4.57286 -0.824627 -6.60917 -4.53346 -0.767451 -6.61718 -3.69518 -1.99727 -6.61582 -3.6059 -1.98635 -6.61886 -3.51273 -1.88104 -6.61504 -3.47941 -1.97267 -6.60656 -3.55446 -2.10193 -6.61372 -3.61637 -1.77389 -6.6272 -3.47354 -1.71127 -6.61721 -3.62916 -1.63062 -6.62262 -3.37379 -1.73672 -6.6099 -3.63851 -1.5378 -6.61494 -3.70215 -1.39515 -6.60988 -3.57714 -1.46796 -6.606 -3.47774 -1.53594 -6.61331 -3.32624 -1.66198 -6.61552 -4.38086 -1.88175 -6.60617 -4.29341 -1.76345 -6.60336 -4.34666 -1.6341 -6.59814 -4.26222 -1.99591 -6.59014 -4.15443 -1.88358 -6.59964 -4.27031 -1.62256 -6.60579 -4.56362 -1.24309 -6.49693 -4.56401 -1.07012 -6.56146 -4.35981 -1.00859 -6.60658 -3.96715 -1.30111 -6.59575 -3.93644 -1.37626 -6.60624 -3.71757 -1.34866 -6.6007 -3.86557 -1.26325 -6.58993 -4.02418 -1.2141 -6.60041 -3.97875 -1.12755 -6.59746 -3.94578 -1.1712 -6.59141 -4.2353 -1.03513 -6.60214 -4.08084 -1.03313 -6.59804 -4.1247 -0.976456 -6.58929 -4.19952 -0.920883 -6.59914 -4.34236 -0.917432 -6.58231 -4.01474 -1.07249 -6.59215 -3.85278 -0.905597 -6.60457 -3.84692 -0.98766 -6.60319 -3.97302 -0.82714 -6.60678 -3.81253 -0.841811 -6.59906 -4.3445 -0.729755 -6.58584 -4.35307 -0.702709 -6.5926 -4.51621 -0.682511 -6.61572 -4.55869 -0.657677 -6.59255 -4.55997 -0.560657 -6.6008 -4.43274 -0.601151 -6.58912 -4.53531 -0.401946 -6.61776 -4.48451 -0.493971 -6.60753 -4.55632 -0.369886 -6.59844 -4.34713 -0.481797 -6.58861 -4.36504 -0.416839 -6.60857 -4.30196 -0.303577 -6.60071 -4.23731 -0.815064 -6.59027 -4.10735 -0.822686 -6.59999 -3.87471 -0.738955 -6.59451 -3.48228 -2.13402 -6.60788 -4.30276 -0.376649 -6.58886 -4.53999 -0.286214 -6.59378 -4.49787 -0.209542 -6.60049 -4.38148 -0.178754 -6.5787 -4.49638 -0.0936763 -6.59988 -4.42815 -0.0255338 -6.59527 -4.39239 -0.105352 -6.60101 -4.55683 0.0374568 -6.59688 -4.52076 0.0642594 -6.60697 -3.37667 -1.9777 -6.58544 -4.19417 -0.364017 -6.58859 -4.25394 -0.23682 -6.60277 -3.39211 -1.8712 -6.61079 -3.24991 -1.48509 -6.60533 -3.45018 -1.39008 -6.59549 -3.14683 -1.55895 -6.59377 -3.54736 -1.29406 -6.59862 -3.80348 -1.18677 -6.59734 -3.57762 -1.20727 -6.59048 -3.73978 -1.057 -6.59926 -3.64127 -1.08366 -6.59926 -3.49199 -1.02725 -6.58916 -3.52057 -1.1477 -6.58169 -3.7233 -0.890026 -6.60831 -3.6058 -0.942731 -6.58954 -3.66829 -0.893123 -6.59544 -3.12464 -1.30524 -6.6064 -4.01687 0.401991 -6.5913 -3.71997 0.330791 -6.60254 -4.5277 0.239378 -6.5655 -4.54896 0.295254 -6.59449 -4.4727 0.243417 -6.58013 -3.32315 -1.14418 -6.57896 -3.36114 -1.00385 -6.57171 -3.38978 -0.913925 -6.57734 -3.28996 -1.2753 -6.58792 -3.18464 -1.08116 -6.58498 -4.30759 -1.91921 -6.58617 -4.57071 -0.908607 -6.52332 -4.57834 -0.766208 -6.57368 -4.33553 -0.584603 -6.58272 -4.5497 -0.554277 -6.51251 -4.27479 -0.728565 -6.59558 -4.13646 -0.661322 -6.58407 -4.16595 -0.611958 -6.58711 -4.00248 -0.634857 -6.59554 -3.9434 -0.656429 -6.59055 -3.93587 -0.589492 -6.58141 -4.19638 -0.502793 -6.58087 -4.06951 -0.514957 -6.59044 -4.05469 -0.442472 -6.58089 -3.96298 -0.505739 -6.57896 -3.79632 -0.574073 -6.57595 -3.82813 -0.499531 -6.58088 -4.54728 -0.0669291 -6.55819 -4.43842 0.0563688 -6.57851 -4.54558 0.167108 -6.58782 -4.43405 0.157297 -6.57646 -3.64442 -0.73442 -6.57542 -3.71359 -0.683751 -6.59067 -4.09762 -0.27612 -6.58002 -4.23964 -0.115917 -6.57263 -4.11991 -0.189102 -6.57657 -3.50693 -0.807644 -6.57999 -4.2564 -0.0736307 -6.57948 -4.03056 -0.0870678 -6.58812 -4.02953 -0.17224 -6.56779 -4.10169 0.0307386 -6.58437 -4.26948 0.0722339 -6.57844 -4.05378 -0.0270023 -6.58075 -4.18778 0.154509 -6.58018 -3.60991 -0.510019 -6.58331 -4.50495 0.448559 -6.58593 -4.53843 0.437851 -6.57236 -4.52758 0.520948 -6.57984 -4.01655 0.233867 -6.57421 -3.68887 0.189089 -6.57578 -3.4433 -1.26014 -6.58714 -4.4033 0.745858 -6.58557 -4.53796 -0.192024 -6.55731 -3.28588 -0.915395 -6.56844 -4.58926 -1.62899 -6.5331 -4.58107 -1.48672 -6.51042 -4.58175 -1.33795 -6.54337 -4.56244 -0.718368 -6.45281 -4.53454 -0.381731 -6.52976 -3.99814 -0.368667 -6.56261 -3.91024 -0.450917 -6.56634 -3.87195 -0.269757 -6.56374 -3.74359 -0.307719 -6.56158 -3.49346 -0.746102 -6.56186 -3.86362 -0.10503 -6.5744 -3.55466 -0.569567 -6.5765 -3.44158 -0.824683 -6.56759 -4.12786 0.226992 -6.56615 -3.51501 -0.369562 -6.55897 -3.87565 0.00506811 -6.57119 -3.96883 0.0594346 -6.56201 -3.72219 -0.387931 -6.56691 -3.59447 -0.374336 -6.56132 -3.82965 0.124491 -6.57496 -3.46421 -0.655494 -6.55885 -3.40095 -0.514295 -6.57217 -3.53602 -0.240532 -6.55778 -3.72614 -0.0865589 -6.55766 -3.68977 0.05035 -6.57763 -4.41713 0.430443 -6.56305 -4.32571 0.414655 -6.5534 -4.36285 0.521186 -6.55227 -4.4909 0.627369 -6.55383 -4.51702 0.708965 -6.544 -4.27702 0.24466 -6.55721 -4.13744 0.40189 -6.5627 -4.25698 0.506822 -6.5419 -4.2075 0.48887 -6.55763 -3.51126 0.232372 -6.57997 -3.70977 -0.221933 -6.55066 -3.61938 -0.032946 -6.56468 -4.59248 -1.75771 -6.45506 -4.57003 -1.15168 -6.49117 -4.56227 -1.02014 -6.50085 -4.53275 0.356122 -6.48961 -4.53223 0.582168 -6.53436 -4.51913 0.772791 -6.52985 -4.61111 -2.1201 -6.4933 -4.55559 0.107815 -6.50811 -4.5238 0.478734 -6.52974 -4.50869 0.865653 -6.4303 -4.61162 -2.22363 -6.40843 -4.59689 -2.02447 -6.48017 -4.55078 -0.0832366 -6.44026 -4.51947 0.525698 -6.46341 -4.55173 -0.229489 -6.46855 -4.536 0.212987 -6.41971 -4.52195 0.598212 -6.45931 -4.58445 -1.40291 -6.45041 -4.54382 0.107296 -6.43401 -4.57813 -1.69358 -6.3695 -4.58462 -1.58592 -6.34903 -4.55946 -0.463626 -6.43579 -4.55592 -0.295374 -6.37665 -4.53708 0.476436 -6.37028 -4.51234 0.7621 -6.36479 -4.58832 -1.87125 -6.36504 -4.56509 -0.790665 -6.29421 -4.52574 0.668479 -6.33207 -4.59341 -2.09901 -6.33272 -4.57478 -2.03411 -6.29915 -4.59734 -1.29578 -6.36412 -4.58186 -0.971658 -6.29953 -4.53025 0.336717 -6.38811 -4.55958 0.0173378 -6.36451 -4.59072 -1.12526 -6.35484 -4.56874 -0.166332 -6.32352 -4.55271 -0.0565256 -6.35416 -4.56464 -0.681046 -6.34197 -4.55278 -0.57796 -6.33155 -4.54513 -0.413115 -6.36581 -4.5854 -1.3314 -6.32352 -4.53424 0.495344 -6.25647 -4.55951 0.144075 -6.23111 -4.55594 0.191995 -6.33094 -4.5676 -2.24318 -6.3039 -4.5654 -0.37352 -6.2451 -4.56242 -1.52826 -6.27437 -4.58013 -1.14358 -6.28225 -4.56701 -0.597367 -6.23133 -4.5487 0.350438 -6.29288 -4.55836 -1.94724 -6.29985 -4.54347 0.79391 -6.23389 -4.55437 -1.78483 -6.29703 -4.5407 -1.39056 -6.26197 -4.56818 -0.495475 -6.29152 -4.56591 -0.138737 -6.24665 -4.55804 0.0178713 -6.19597 -4.52277 -2.21841 -6.26118 -4.54362 0.559981 -6.2218 -4.51899 -1.87863 -6.26539 -2.17929 -1.65507 -6.27144 -2.36589 -1.74083 -6.27799 -2.29995 -1.81726 -6.2786 -2.82738 -1.6947 -6.27777 -2.7204 -1.71428 -6.26982 -2.6 -1.65847 -6.27495 -2.60292 -1.7664 -6.2565 -2.52132 -1.65482 -6.28059 -2.49156 -1.702 -6.27242 -2.34376 -1.61378 -6.28233 -2.21178 -1.52952 -6.2695 -2.23626 -1.37529 -6.27581 -2.02158 -1.86791 -6.26412 -2.65008 -1.34647 -6.27301 -2.38122 -1.22153 -6.27913 -2.50588 -1.10961 -6.27538 -2.71376 -1.1662 -6.27464 -4.49767 -2.10639 -6.25455 -4.49599 -1.98186 -6.2577 -4.54656 0.307871 -6.22336 -4.5436 0.697834 -6.20892 -3.30582 -2.02181 -6.28219 -3.14158 -2.0434 -6.27732 -3.24962 -1.8998 -6.27125 -3.32378 -1.86109 -6.27367 -2.3497 -1.94415 -6.27815 -4.56347 -1.05369 -6.23677 -3.19255 -1.7362 -6.2761 -3.26583 -1.58008 -6.27427 -3.1089 -1.61537 -6.27962 -2.97017 -1.69431 -6.27414 -2.92887 -1.50467 -6.27423 -2.99957 -1.30907 -6.272 -2.87396 -1.29177 -6.26583 -2.79024 -1.03226 -6.28022 -2.92123 -0.902621 -6.27044 -2.89507 -1.08063 -6.27578 -2.75347 -0.897315 -6.27401 -2.37876 -2.07002 -6.2308 -2.03768 -1.74209 -6.27738 -2.06873 -1.66388 -6.26007 -2.3475 -1.83023 -6.25086 -2.1598 -1.57699 -6.26018 -2.03 -1.78101 -6.26324 -2.06687 -1.60369 -6.26885 -2.12466 -1.30099 -6.26635 -2.11635 -1.3554 -6.2466 -2.18844 -1.08973 -6.2717 -2.0649 -1.0857 -6.26117 -2.08212 -0.954447 -6.27128 -2.04177 -0.837327 -6.25657 -2.18028 -0.722912 -6.26526 -2.05251 -0.697995 -6.26117 -2.09182 -0.580355 -6.26615 -2.17519 -0.391974 -6.27229 -2.1099 -0.356944 -6.24296 -2.14213 -0.280008 -6.26149 -2.22075 -0.290098 -6.2653 -3.07003 -2.15229 -6.25198 -3.16273 -1.98212 -6.25379 -4.50144 -1.69618 -6.23066 -4.53304 -1.19045 -6.24242 -4.52407 -0.804021 -6.21059 -3.39261 -1.70116 -6.26529 -3.448 -1.91263 -6.25079 -3.42961 -1.76208 -6.25479 -3.41714 -1.46641 -6.24992 -3.32799 -1.43824 -6.26101 -3.21252 -1.90153 -6.24893 -3.20213 -1.79136 -6.25874 -3.17598 -1.76161 -6.25196 -3.10257 -1.76135 -6.25943 -2.9683 -1.74933 -6.26017 -2.94923 -1.79185 -6.23028 -4.55178 0.433434 -6.19472 -3.43079 -1.30638 -6.25977 -3.32662 -1.04963 -6.26689 -3.11122 -1.28103 -6.2707 -2.49782 -1.79109 -6.24425 -2.41771 -1.82383 -6.23196 -2.22679 -0.073841 -6.26138 -3.19041 -1.14791 -6.26387 -3.53683 -1.11657 -6.24744 -3.4654 -0.963917 -6.25073 -3.35641 -0.814663 -6.26218 -3.16866 -0.948483 -6.26641 -3.11012 -0.812859 -6.26916 -2.3661 -1.4253 -6.27867 -2.48544 -0.875092 -6.27136 -2.26326 -0.871453 -6.27099 -3.24839 -0.65902 -6.25285 -3.09061 -0.651007 -6.25895 -2.80262 -0.518818 -6.25816 -2.99893 -0.490557 -6.25316 -2.61507 -0.410044 -6.26208 -2.87218 -0.262462 -6.2526 -2.58543 -0.725732 -6.27336 -2.38048 -0.66183 -6.26632 -2.5057 -0.601417 -6.26884 -2.76494 -0.131766 -6.25071 -2.44644 -0.229443 -6.25137 -1.99364 -1.87961 -6.23202 -2.19002 -0.100799 -6.23573 -2.21 0.0395466 -6.23634 -2.27617 0.0286621 -6.2555 -2.25397 0.186679 -6.25421 -2.39143 0.133328 -6.23838 -2.46397 0.0671228 -6.24313 -2.27117 0.322548 -6.24414 -2.15389 -0.18448 -6.21673 -4.46116 -2.22667 -6.1493 -4.53765 0.875508 -6.19167 -4.50613 -1.55038 -6.22793 -4.48538 -1.40512 -6.22869 -3.46117 -1.75986 -6.2231 -3.44892 -1.47478 -6.22896 -3.11922 -1.81574 -6.22982 -3.06957 -1.86182 -6.2444 -3.13498 -1.76415 -6.2222 -3.48208 -1.34268 -6.24169 -3.4913 -1.26186 -6.23777 -2.1677 -1.50443 -6.22802 -2.08006 -1.21436 -6.22988 -2.03523 -1.06233 -6.227 -2.02406 -0.954342 -6.23193 -2.03458 -0.705476 -6.23488 -2.06399 -0.598275 -6.22626 -2.61347 -0.0590399 -6.24552 -2.69966 -0.0869395 -6.24807 -2.38534 -1.79659 -6.21066 -3.56742 -0.882992 -6.23049 -3.59807 -0.862861 -6.20703 -3.59341 -0.890754 -6.21365 -3.60358 -0.726855 -6.18707 -3.56455 -0.733891 -6.23536 -2.24089 0.182897 -6.21257 -4.48016 -2.10681 -6.19392 -4.52938 0.656737 -6.1683 -3.09261 -2.14398 -6.12582 -3.14776 0.145285 -6.23618 -3.08516 0.280068 -6.23035 -3.21518 0.219425 -6.24039 -3.09214 0.380606 -6.23035 -4.49268 -1.73879 -6.12889 -4.44573 -1.25087 -6.18971 -3.00939 0.86195 -6.22759 -2.97368 0.636057 -6.23835 -2.90442 0.798013 -6.22236 -3.99138 -0.315508 -6.21553 -3.86148 -0.433047 -6.21981 -3.90876 -0.318434 -6.23268 -2.24929 0.369986 -6.20754 -4.55569 -0.164937 -6.21383 -3.85424 -0.296319 -6.2194 -2.86982 1.48231 -6.22152 -2.9937 1.36451 -6.22522 -2.77327 1.25455 -6.22071 -3.2007 -1.83755 -6.14054 -2.97955 -1.81033 -6.19706 -2.80047 -1.79444 -6.19145 -3.55433 -1.15266 -6.21645 -3.65559 -1.03104 -6.18762 -3.6175 -0.971925 -6.2188 -2.70997 -1.79615 -6.20675 -2.02219 -1.7005 -6.19028 -3.65172 -0.610898 -6.22831 -3.65299 -0.418628 -6.23088 -3.765 -0.493858 -6.21681 -3.48031 -0.464822 -6.24104 -3.07023 -0.10308 -6.19101 -3.14082 -0.183393 -6.23334 -2.98505 -0.163539 -6.24131 -2.82563 -0.0934429 -6.20526 -3.34155 0.0369278 -6.23571 -3.28968 -0.0873016 -6.23001 -2.02816 -0.843758 -6.18381 -2.1046 -0.377368 -6.18303 -2.67701 -0.0408648 -6.20436 -2.74998 -0.0400311 -6.19747 -3.5516 0.251683 -6.22902 -3.33933 0.396707 -6.23118 -3.64127 0.500139 -6.22188 -3.79666 0.376563 -6.21821 -3.63654 0.677844 -6.22165 -3.17152 0.642307 -6.23203 -3.55012 0.76427 -6.22331 -3.39903 0.806271 -6.22384 -3.0223 0.487226 -6.23278 -3.20606 0.859764 -6.22721 -3.67861 0.91329 -6.21595 -3.2816 1.18329 -6.22227 -3.43115 1.13187 -6.22255 -3.21918 1.45171 -6.22039 -3.0086 1.12728 -6.22322 -2.82259 0.942921 -6.22243 -2.83439 1.03179 -6.22111 -3.49633 -0.267403 -6.23489 -3.20907 -0.397548 -6.24084 -3.23458 -0.28244 -6.24095 -3.09511 -0.282804 -6.2474 -3.70706 -0.133534 -6.22853 -3.48653 0.0497625 -6.23503 -3.41244 -0.127371 -6.23468 -3.87328 0.0452369 -6.21612 -2.49658 -0.00262582 -6.24812 -2.45121 -1.84943 -6.19939 -3.58035 -0.804089 -6.17503 -3.08497 0.15801 -6.18959 -3.00599 0.339157 -6.18686 -3.00279 0.4041 -6.19003 -2.75708 1.04328 -6.18538 -2.69693 1.21619 -6.18093 -2.44143 0.14589 -6.20343 -2.35285 0.29047 -6.20336 -3.07088 1.58965 -6.21327 -2.9165 1.62619 -6.21845 -4.49927 -0.987214 -6.20148 -4.43178 -1.11948 -6.20374 -4.53174 -0.53465 -6.1895 -4.53553 -0.430601 -6.18137 -4.03705 -0.440715 -6.20899 -3.47355 -1.46601 -6.18857 -3.1618 -1.97799 -6.12625 -3.07287 -1.83557 -6.18124 -3.5239 -1.29773 -6.16486 -3.59381 -1.18196 -6.11062 -2.50526 -1.80545 -6.1764 -2.38102 -1.86131 -6.14251 -2.14761 -1.53196 -6.17352 -2.0596 -1.53789 -6.12714 -2.09736 -1.34681 -6.1619 -3.80396 -0.507056 -6.16345 -3.97349 0.489672 -6.20487 -4.02334 0.17772 -6.20359 -3.20511 -0.117107 -6.20446 -3.19029 -0.0387098 -6.18943 -3.86076 0.584975 -6.2051 -2.94682 -0.0794851 -6.19129 -2.59827 0.0370887 -6.19314 -2.52862 0.0510279 -6.19997 -2.20175 -0.0355075 -6.16573 -2.45286 -1.76806 -6.16771 -3.66691 -0.608222 -6.1696 -3.84804 1.18191 -6.21089 -2.88058 0.691907 -6.17744 -2.75523 0.940836 -6.18162 -2.33435 0.403733 -6.18745 -2.27265 0.456848 -6.19355 -4.48602 -1.89151 -6.14054 -3.48829 -1.97909 -6.1815 -3.14676 -2.05528 -6.14435 -2.41409 -1.94362 -6.13559 -4.38859 -1.06893 -6.20447 -4.42757 -0.90487 -6.18914 -4.38334 -0.983482 -6.18073 -4.47848 -0.685957 -6.19188 -4.39901 -0.801993 -6.18813 -4.39656 -0.691922 -6.18541 -4.31285 -0.54797 -6.19469 -4.20769 -0.52188 -6.19305 -4.19967 -0.381279 -6.20607 -4.13226 -0.477117 -6.20793 -3.9428 -0.470305 -6.16466 -4.52579 -0.176642 -6.18954 -4.54688 0.21905 -6.17523 -3.07686 -1.76948 -6.14378 -2.90048 -1.79321 -6.18649 -2.44479 0.229453 -6.1898 -3.91255 0.768044 -6.19936 -3.68843 1.17904 -6.21991 -3.58581 1.45703 -6.21038 -4.41473 -0.450702 -6.18622 -4.2862 -0.340889 -6.2016 -4.41293 -0.205145 -6.18571 -4.29893 -0.184516 -6.20028 -4.05996 -0.144601 -6.21137 -3.48971 1.79014 -6.20562 -4.10532 -0.0173353 -6.20266 -4.19071 0.113643 -6.18672 -4.20743 0.240973 -6.18408 -4.23903 0.547176 -6.1764 -4.0776 0.739509 -6.18546 -4.02383 1.06209 -6.20313 -2.80333 0.078295 -6.195 -2.98543 0.113819 -6.18376 -2.65425 0.200898 -6.18885 -2.91416 0.417263 -6.1795 -2.25789 0.439259 -6.13374 -4.44594 -2.1438 -6.12954 -2.29056 0.698117 -6.17602 -2.22229 0.699345 -6.16639 -2.28699 0.839073 -6.17504 -2.57941 1.00372 -6.17857 -2.16925 0.945141 -6.17719 -2.59549 1.09084 -6.17018 -4.48908 -1.59471 -6.13502 -4.41254 -1.18812 -6.16065 -4.33008 -1.08619 -6.16786 -4.38501 -0.703852 -6.16418 -4.30305 -0.57699 -6.1598 -4.04943 -0.47586 -6.13268 -4.49354 -0.112508 -6.17777 -4.53061 0.105061 -6.1701 -4.41248 0.0103359 -6.17774 -3.52589 -1.86144 -6.11045 -3.50991 -1.70748 -6.11811 -3.12513 -1.74185 -6.05223 -2.0168 -1.7447 -6.10333 -2.07932 -1.35514 -6.11428 -2.03207 -0.819496 -6.12497 -2.23664 0.0915379 -6.06944 -3.63675 -1.03925 -6.13608 -3.57159 -0.90195 -6.13585 -4.51184 0.79759 -6.15373 -4.4628 0.882341 -6.16025 -2.23029 0.588987 -6.14655 -2.18569 0.791973 -6.14803 -4.38128 -0.936171 -6.1188 -4.31312 -1.05193 -6.12901 -3.53022 -1.55795 -6.09648 -3.17786 -1.77032 -6.07173 -3.64224 -1.10933 -6.11476 -3.58255 -0.96503 -6.15154 -2.62313 -1.74962 -6.09192 -2.47117 -1.75261 -6.07079 -2.3961 -1.78894 -6.12956 -4.52572 0.281809 -6.15669 -4.37548 0.294381 -6.16154 -4.4648 0.400249 -6.15492 -4.52548 0.482569 -6.15453 -2.07643 -0.608444 -6.10829 -2.21513 -0.0288191 -6.07623 -2.95395 0.25357 -6.17797 -2.78204 0.510188 -6.17308 -2.76657 0.699658 -6.17057 -2.63519 0.474008 -6.17892 -2.45779 0.661144 -6.17195 -4.26473 0.792668 -6.1665 -4.46988 0.759497 -6.15166 -2.02571 -1.11618 -6.09637 -2.01934 -0.98567 -6.1168 -2.13626 -0.326346 -6.05143 -2.26346 0.302265 -6.06007 -4.47257 -1.42851 -6.12796 -4.42924 -1.2674 -6.09938 -4.2897 -1.09026 -6.04956 -4.17067 -0.495649 -6.07699 -3.95436 -0.483066 -6.05431 -2.88994 -1.74748 -6.03499 -2.80928 -1.74835 -6.10169 -3.53816 -0.8201 -6.10267 -3.57856 -0.68275 -6.08097 -3.65213 -0.579184 -6.12003 -3.7431 -0.513669 -6.09393 -4.39175 -2.14087 -6.08332 -2.25098 0.179445 -6.06233 -2.1783 0.715025 -6.00348 -2.69338 1.26815 -6.1078 -2.44748 -1.9877 -6.09911 -4.45206 -1.84237 -6.07119 -4.42843 -1.35089 -6.06377 -4.42706 -0.753003 -6.07202 -4.36458 -0.629917 -6.10459 -3.839 -0.490635 -6.06414 -3.54039 -1.45699 -6.06873 -3.05488 -1.7596 -6.02784 -2.53655 -1.7657 -6.07335 -2.05931 -1.40909 -6.0977 -3.57528 -1.27816 -6.06906 -3.57911 -0.98108 -6.06041 -2.46912 -1.86454 -6.07836 -4.41558 -1.98743 -6.06268 -4.33794 -1.17351 -6.03553 -4.32563 -0.564987 -6.04487 -3.5669 -1.9171 -6.07266 -4.33104 -2.22543 -6.06571 -2.02271 -1.57678 -6.05923 -2.00546 -1.41957 -6.0323 -3.6548 -0.566818 -6.03889 -2.03054 -0.773375 -6.04774 -2.22735 0.553551 -6.03467 -3.13153 -2.11317 -6.01862 -4.45275 -1.61215 -6.04778 -4.40838 -0.91607 -6.04109 -4.07582 -0.470949 -6.04289 -3.13074 -1.83964 -6.04795 -3.57966 -1.60549 -6.04731 -3.70934 -1.19058 -6.03514 -3.67934 -1.12557 -6.07118 -3.54652 -0.856983 -6.03208 -2.46304 -1.77658 -6.03708 -2.01878 -1.29475 -6.04303 -1.99371 -0.872342 -6.03789 -1.9687 -0.983292 -6.02994 -3.15016 -2.03342 -5.99383 -4.41562 -0.660783 -6.02664 -4.24173 -0.510231 -5.99306 -4.38248 -1.89709 -6.03109 -3.62508 -1.33206 -6.02499 -3.96941 -2.08498 -6.05278 -3.83697 -2.14983 -6.02791 -3.54942 -0.673575 -6.03801 -2.0743 -0.553246 -6.03241 -3.69157 -2.04355 -6.03937 -3.77608 -2.0683 -6.03577 -3.11454 -1.95669 -5.99094 -4.39061 -1.29816 -6.03224 -4.26585 -2.0411 -6.01733 -3.62881 -1.70654 -6.02443 -1.98742 -1.12509 -6.03685 -3.76052 -1.1393 -6.01433 -3.66155 -1.05692 -5.9905 -4.10161 -2.14096 -6.00577 -2.51468 -1.98339 -5.97676 -2.53553 -1.78455 -6.00298 -1.64975 -1.42757 -6.06703 -1.73179 -1.0549 -5.99761 -1.72479 -1.44359 -5.99645 -2.19186 -0.0304523 -5.98596 -3.85471 -2.03284 -6.01597 -4.36528 -1.006 -5.96826 -4.42085 -0.764019 -6.00213 -4.13212 -0.495436 -5.9912 -3.12898 -1.88884 -6.02085 -3.12793 -1.771 -6.00258 -3.6541 -1.4233 -5.99956 -4.12791 -1.98634 -5.98577 -2.52297 -1.83352 -6.0128 -2.58467 -1.74761 -5.94551 -4.05193 -2.03607 -6.00274 -3.95008 -1.95479 -5.99078 -3.57511 -0.8003 -6.0111 -3.58504 -0.653727 -6.00208 -3.77055 -0.503195 -5.9257 -3.82569 -1.9854 -5.99728 -2.46372 -2.04185 -6.01435 -4.38354 -1.81673 -6.01452 -4.38989 -1.43632 -6.00618 -4.40681 -0.88426 -5.99092 -4.36972 -0.570952 -5.98974 -1.97067 -1.62799 -6.01236 -3.73172 -1.936 -6.01019 -3.68564 -1.60816 -6.00099 -3.63816 -0.912327 -5.9912 -3.68008 -0.691287 -5.99101 -3.63203 -0.561781 -5.97715 -2.12186 -0.289361 -5.97506 -4.36456 -1.58584 -5.98485 -4.29179 -1.89039 -5.99522 -4.22523 -1.19716 -5.98914 -4.19418 -1.14816 -5.9808 -4.37841 -0.607374 -5.9732 -4.03802 -0.512072 -5.9505 -3.88823 -0.498457 -5.97299 -3.08647 -1.83521 -5.97029 -3.87384 -1.16924 -5.99223 -3.86164 -1.12461 -5.97751 -1.91824 -1.19407 -5.96747 -3.1032 -2.1367 -5.95248 -4.29158 -1.65629 -5.96808 -4.31595 -1.37356 -5.9754 -4.30063 -1.06955 -5.9625 -4.30364 -0.817363 -5.97781 -4.33226 -0.685672 -5.98716 -3.05318 -1.77958 -5.96594 -3.80364 -1.09228 -5.94114 -3.78487 -1.30625 -5.98712 -2.56141 -1.89966 -5.92206 -1.91661 -1.61862 -5.97807 -1.93645 -1.43347 -5.97468 -1.91071 -0.999032 -5.97125 -1.9127 -0.881743 -5.95488 -3.70235 -0.80089 -5.98462 -1.98845 -0.780874 -5.98319 -2.04827 -0.529632 -5.96434 -2.19566 0.256452 -5.93416 -3.85727 -1.75753 -5.97243 -2.19007 0.523467 -5.94336 -3.77958 -1.52496 -5.97653 -4.1232 -1.17792 -5.9767 -3.94814 -1.21456 -5.97591 -4.04931 -1.15111 -5.98394 -4.16601 -1.10579 -5.91606 -3.97365 -1.0799 -5.95311 -2.97319 -1.73723 -5.91209 -1.87873 -1.40536 -5.94406 -3.81545 -0.769652 -5.94931 -3.76223 -0.601681 -5.92309 -3.71587 -0.544278 -5.91039 -1.95951 -0.71225 -5.92817 -3.05075 -2.09522 -5.93277 -4.23882 -0.50407 -5.91112 -4.16221 -0.509466 -5.87628 -3.04617 -1.85888 -5.89632 -3.85885 -0.938942 -5.91667 -2.13932 0.528582 -5.90072 -2.62607 -1.80302 -5.8981 -1.79835 -1.48141 -5.95609 -1.87695 -1.19214 -5.94425 -1.83967 -1.00272 -5.94292 -3.87901 -1.38263 -5.95511 -4.19347 -1.69681 -5.95797 -4.02258 -1.77366 -5.95587 -2.01152 -0.553132 -5.92684 -3.97505 -1.70959 -5.9462 -4.02821 -1.53414 -5.93183 -2.15344 0.0673487 -5.89219 -4.24089 -1.48421 -5.95381 -3.92095 -1.53757 -5.93901 -4.18544 -1.29659 -5.96299 -4.02451 -1.40028 -5.93437 -4.16233 -0.964029 -5.9135 -4.16877 -0.785486 -5.93211 -4.25995 -0.640046 -5.953 -3.00956 -2.20107 -5.91734 -3.06843 -1.9728 -5.89267 -2.56521 -2.03495 -5.92185 -4.05675 -1.08478 -5.90863 -4.17883 -0.63155 -5.91048 -3.98967 -0.546194 -5.89764 -2.89294 -1.71197 -5.86769 -2.68142 -1.71762 -5.87515 -2.78345 -1.71245 -5.85535 -1.80599 -1.07198 -5.95234 -1.80835 -0.835866 -5.91655 -1.88841 -0.779877 -5.90991 -2.96351 -2.26936 -5.90455 -2.124 -0.0890458 -5.89295 -3.96457 -1.00648 -5.91127 -4.07838 -0.710372 -5.90054 -3.91936 -0.70856 -5.91236 -3.81726 -0.528634 -5.86014 -2.94977 -1.80162 -5.87125 -1.80993 -1.3178 -5.94627 -2.07811 -0.225058 -5.88148 -3.88674 -0.887952 -5.90199 -3.04966 -1.95924 -5.78233 -3.03083 -2.12717 -5.82605 -2.96538 -2.20833 -5.82335 -2.88285 -2.26324 -5.86129 -1.97489 -0.479831 -5.88029 -4.06181 -0.873689 -5.86015 -4.13298 -0.86118 -5.90454 -4.06351 -0.57463 -5.84312 -4.01895 -0.892827 -5.86126 -1.78543 -0.675127 -5.88415 -2.14602 0.280705 -5.87601 -2.72372 -1.78333 -5.8495 -3.91391 -0.582686 -5.8388 -2.86133 -1.79047 -5.84163 -2.04755 -0.0583762 -5.82806 -2.10041 0.207857 -5.83939 -2.60534 -1.92224 -5.80174 -2.60039 -2.0722 -5.80736 -4.01837 -0.762601 -5.81728 -3.97351 -0.781169 -5.81336 -4.00759 -0.697525 -5.83128 -3.99551 -0.615527 -5.84195 -1.95036 -0.222072 -5.81924 -3.03882 -2.06671 -5.79885 -1.89902 -0.295306 -5.821 -2.03281 -0.17684 -5.84173 -3.0221 -1.88337 -5.77907 -2.91115 -2.26633 -5.66185 -2.88006 -1.83973 -5.75068 -2.6511 -1.86682 -5.75694 -2.04787 0.20441 -5.81328 -2.07333 0.485366 -5.85664 -2.94818 -1.8648 -5.74448 -2.82698 -2.27417 -5.68352 -2.98889 -2.18645 -5.73367 -1.89831 -0.123771 -5.79426 -3.01468 -2.03487 -5.73102 -2.64398 -2.05093 -5.71426 -2.68029 -1.96302 -5.71885 -2.75937 -1.85697 -5.71334 -2.95843 -1.95458 -5.72638 -2.87756 -1.91135 -5.65538 -2.80087 -1.91228 -5.65023 -3.00097 -2.06183 -5.64611 -2.93989 -2.22032 -5.63341 -2.84212 -2.2539 -5.61901 -2.67527 -2.07846 -5.5968 -2.67634 -2.00565 -5.62867 -2.968 -2.013 -5.6159 -2.86886 -1.94812 -5.60556 -2.95792 -2.06169 -5.58226 -2.80133 -1.96639 -5.55645 -2.76308 -2.08542 -5.55506 -2.88333 -2.10396 -5.5492 -1.56096 0.546268 -6.61369 -1.51928 0.444424 -6.62304 -1.67506 0.461047 -6.60819 -1.38939 0.620795 -6.61361 -1.3496 0.867575 -6.62184 -1.45226 0.679637 -6.61363 -1.44897 0.949689 -6.6232 -1.21039 0.523243 -6.6224 -1.00444 0.420718 -6.61361 -1.04662 0.569737 -6.62254 -0.878174 0.48453 -6.62625 -0.914732 0.322286 -6.61402 -1.29879 1.16148 -6.62751 -2.07151 0.401343 -6.60426 -2.05607 0.517 -6.59949 -1.95304 0.382695 -6.60939 -1.65256 0.831082 -6.60234 -1.91845 0.812062 -6.59681 -1.68691 0.97241 -6.61236 -1.69028 -0.889412 -6.59874 -1.60503 -0.655858 -6.6082 -1.54213 -0.890828 -6.59635 -1.71889 -0.533357 -6.59799 -1.49745 -0.578659 -6.59839 -1.32514 -0.552075 -6.5998 -1.18196 -0.575804 -6.60715 -1.23209 -0.704078 -6.59795 -1.18991 -0.417253 -6.5988 -1.06185 -0.570266 -6.60206 -1.65846 0.570234 -6.60315 -0.901944 -0.622975 -6.60891 -1.03485 -0.827492 -6.59828 -1.23321 0.607321 -6.59531 -1.22777 0.725303 -6.61586 -0.787242 -0.608733 -6.60649 -1.0178 -0.392214 -6.60915 -0.814626 -0.402804 -6.60562 -1.15875 0.207005 -6.60615 -1.22952 0.30544 -6.61156 -0.893897 -0.245015 -6.6038 -0.672494 -0.442692 -6.58933 -0.642271 -0.647622 -6.57882 -1.33494 0.0770702 -6.60059 -1.28209 0.178453 -6.59863 -1.22685 0.003864 -6.59809 -1.03048 -0.188656 -6.60547 -0.765103 -0.258879 -6.59255 -2.96836 -1.607 -6.6003 -3.11068 -1.4165 -6.60447 -3.0134 -1.45913 -6.59219 -2.90749 -1.65569 -6.58591 -2.04005 0.232918 -6.60506 -2.1453 0.389391 -6.58987 -3.03329 -1.25655 -6.59184 -3.10543 -1.21065 -6.59753 -1.85904 -0.635685 -6.59248 -2.01696 0.1532 -6.59681 -2.1931 0.142735 -6.58869 -1.55916 0.285355 -6.60261 -1.40484 0.395778 -6.62383 -1.52573 0.218197 -6.60287 -0.924588 0.101376 -6.59002 -0.725066 0.249141 -6.60958 -0.972731 0.636526 -6.62296 -0.80656 0.621121 -6.62553 -1.23392 0.910634 -6.62023 -1.1149 1.05489 -6.62317 -1.40196 -0.760273 -6.59605 -1.4043 -0.893392 -6.59821 -1.327 -0.331833 -6.58909 -0.874644 -0.84385 -6.59271 -0.817103 -0.763646 -6.59985 -0.701186 -0.701999 -6.58878 -1.30095 -0.243896 -6.59475 -1.1407 -0.0823725 -6.60409 -1.0923 0.0779843 -6.60165 -0.909904 -0.0523339 -6.58988 -0.802993 0.023468 -6.58706 -1.73936 -0.741846 -6.60343 -1.8841 -0.810496 -6.58508 -1.84839 0.337172 -6.60625 -1.80568 0.437878 -6.60557 -1.73292 0.280088 -6.59588 -1.81065 0.550778 -6.5954 -2.01555 0.655928 -6.59767 -1.78162 0.666555 -6.59903 -2.37655 0.732104 -6.59367 -2.17841 0.889221 -6.59505 -2.02 0.772911 -6.59127 -3.16081 -1.15634 -6.5914 -2.88832 0.281052 -6.58294 -3.138 0.163989 -6.58264 -3.02273 0.331395 -6.58859 -2.92111 -1.15238 -6.57528 -2.89173 -1.33059 -6.58695 -2.85757 -1.48887 -6.58927 -2.83639 0.410326 -6.59138 -2.71118 0.306238 -6.58285 -2.78273 0.0628258 -6.58875 -2.64802 0.448426 -6.58007 -2.54021 0.233504 -6.58264 -2.60074 0.31155 -6.57598 -2.5049 0.478335 -6.5771 -2.32799 0.171265 -6.5888 -2.49279 0.544076 -6.58534 -3.09614 -1.04309 -6.57197 -2.68284 0.644612 -6.59417 -1.64404 -1.46433 -6.59241 -1.39103 -1.45069 -6.58965 -1.59645 -1.35599 -6.58894 -2.31812 0.469194 -6.58346 -2.24188 0.297463 -6.59234 -0.967549 -1.3546 -6.58265 -0.891005 -1.40003 -6.58558 -2.17848 0.777913 -6.58831 -2.54664 -1.56308 -6.5793 -2.7236 -1.58649 -6.58241 -2.55417 -1.4618 -6.58563 -2.72425 -1.2591 -6.57881 -2.54943 -1.28629 -6.58144 -1.45838 -1.28088 -6.59136 -2.42466 -1.3248 -6.59186 -1.65182 -1.25016 -6.58298 -2.27028 -1.55572 -6.57285 -2.35075 -1.48639 -6.58555 -1.19438 -1.24391 -6.57718 -1.08633 -1.31425 -6.58412 -1.33864 -1.21384 -6.58711 -2.16379 -1.3197 -6.58921 -0.869937 -1.24564 -6.58124 -1.09342 -1.16191 -6.58153 -0.709042 -1.41332 -6.58234 -0.784115 -1.15646 -6.57082 -0.636864 -1.32599 -6.58819 -0.817963 -1.01754 -6.56758 -0.951029 -1.10529 -6.57476 -1.77376 -1.38627 -6.57935 -2.30552 -1.30087 -6.58987 -2.41981 -1.16239 -6.57615 -2.29723 -1.20994 -6.58289 -2.27192 -1.06294 -6.58582 -1.15675 -0.91964 -6.58735 -2.09066 -1.09245 -6.59466 -1.89471 -1.35321 -6.58371 -0.550755 -0.456555 -6.58404 -1.80485 -1.15163 -6.58362 -1.71229 -1.13873 -6.58111 -1.50598 -0.405423 -6.58688 -1.57827 -0.152331 -6.58872 -1.88853 -0.951472 -6.59158 -1.64878 -0.218489 -6.59049 -1.7747 -0.111971 -6.58673 -2.09596 -1.01354 -6.59062 -2.18237 -0.874518 -6.5822 -1.78444 0.165341 -6.58409 -1.65291 0.0807464 -6.59146 -2.00304 -0.78349 -6.59059 -0.64747 -0.238184 -6.58554 -0.629681 -0.0987149 -6.58564 -2.90334 0.0217404 -6.58 -2.24349 -0.73794 -6.57667 -2.10019 -0.5333 -6.57915 -1.98158 -0.586695 -6.59399 -1.90751 -0.51029 -6.59036 -1.80739 -0.400317 -6.58698 -1.90785 -0.328988 -6.58041 -1.77024 -0.27292 -6.58142 -2.20644 -0.0765302 -6.58988 -2.49801 -0.0897543 -6.58439 -2.38703 0.022482 -6.58964 -2.62147 0.105235 -6.58739 -2.09902 -0.21498 -6.57726 -1.87728 -0.200164 -6.58355 -2.25116 -0.247777 -6.58061 -2.08871 -0.0380955 -6.59259 -1.86383 0.0743875 -6.58655 -3.31692 -0.804014 -6.54833 -3.21902 0.30058 -6.57662 -3.33825 0.330155 -6.57562 -3.2168 -0.932858 -6.56084 -2.91367 -1.08581 -6.57946 -2.84555 -1.0518 -6.56273 -2.91385 -1.01437 -6.5645 -2.771 -1.11897 -6.56751 -2.622 -1.10873 -6.56868 -2.98149 -0.951617 -6.56195 -2.52722 -1.00175 -6.55138 -2.37096 -0.903142 -6.56077 -1.24945 -1.06223 -6.58952 -0.496312 -0.842975 -6.56682 -0.566837 -1.06278 -6.58293 -0.654502 -0.899391 -6.55197 -3.36497 -0.687736 -6.56126 -3.27459 -0.633845 -6.56766 -3.29111 -0.476286 -6.58013 -3.2709 -0.33031 -6.57038 -3.06888 -0.765844 -6.56397 -3.19064 -0.758989 -6.55824 -3.12578 -0.582499 -6.55537 -3.17922 -0.465403 -6.56679 -3.12013 -0.526126 -6.57131 -2.98895 -0.534641 -6.55624 -2.93041 -0.442883 -6.56043 -3.12937 -0.285888 -6.56755 -2.89692 -0.286577 -6.56593 -0.41206 -0.867342 -6.57528 -2.88835 -0.129105 -6.56548 -0.613161 -0.842066 -6.54524 -0.529054 -0.655699 -6.54538 -0.565761 -0.739401 -6.559 -2.37449 -0.716502 -6.55569 -2.33097 -0.611826 -6.56134 -2.29651 -0.678872 -6.57666 -2.22682 -0.532118 -6.57235 -2.4079 -0.444458 -6.5476 -2.2204 -0.396171 -6.57099 -2.48326 -0.355422 -6.55902 -2.58315 -0.286697 -6.56095 -2.28785 -0.30906 -6.57709 -2.23561 0.583329 -6.59049 -1.96992 -1.24273 -6.59506 -3.27514 -0.120039 -6.57137 -3.43156 0.0396819 -6.56664 -3.42086 -0.0398242 -6.56545 -3.10841 -0.059415 -6.5755 -3.0405 0.0151788 -6.57847 -2.70756 -0.331215 -6.56595 -2.81838 -0.404488 -6.55413 -2.76745 -0.167118 -6.57568 -2.81692 -0.884468 -6.55565 -2.70464 -0.982426 -6.55204 -2.65486 -0.879036 -6.55512 -2.54948 -0.882475 -6.5487 -2.4954 -0.904133 -6.56342 -3.03949 -0.67352 -6.55148 -2.99341 -0.628677 -6.55848 -2.78095 -0.719193 -6.54972 -2.92119 -0.646135 -6.54548 -2.69338 -0.641903 -6.55612 -2.85264 -0.579341 -6.5558 -2.77434 -0.479526 -6.56453 -3.46078 -0.126693 -6.55597 -2.65479 -0.717535 -6.54675 -2.55004 -0.642759 -6.55708 -2.58039 -0.532735 -6.55435 -2.5221 -0.718685 -6.54304 -2.48793 -0.551972 -6.56002 -2.64798 -0.468495 -6.55118 -0.767999 1.29076 -6.64645 -0.534311 1.33461 -6.6509 -0.719928 1.19261 -6.64468 -0.771922 0.790284 -6.63458 -0.878853 0.804181 -6.63369 -0.679296 1.04776 -6.63468 -0.761208 0.968082 -6.63278 -0.899843 0.998409 -6.63254 -0.951402 1.17684 -6.63254 -0.411298 1.32266 -6.64265 -0.387755 1.22138 -6.62894 -0.853768 1.65033 -6.64182 -0.953427 1.51244 -6.63703 -0.711444 1.92925 -6.64296 -0.752471 1.81824 -6.64355 -0.543083 1.77129 -6.64184 -0.614218 1.94446 -6.63308 -0.68145 2.09966 -6.64074 -0.499215 1.50829 -6.65153 -0.294303 1.40519 -6.60469 -0.390627 1.66278 -6.62347 -0.466148 1.92815 -6.63612 -0.395659 2.08025 -6.64072 -0.546035 2.19245 -6.63536 -0.604455 0.823568 -6.62624 -1.12213 1.28639 -6.63354 -0.559489 1.16837 -6.63315 -1.19029 1.36873 -6.63141 -0.861304 1.37746 -6.63773 -0.66774 1.45937 -6.65104 -0.577514 1.5123 -6.65821 -0.883614 1.91957 -6.62286 -0.724365 1.71748 -6.65502 -0.312496 1.84105 -6.62287 -0.404623 2.19525 -6.63136 -0.494264 2.32247 -6.63372 -0.672837 2.4874 -6.62962 -0.696134 0.638925 -6.61391 -0.743761 0.519649 -6.62766 -0.523768 0.437185 -6.59084 -0.699099 0.436822 -6.62536 -0.4141 1.05226 -6.61236 -0.417824 0.796973 -6.60119 -0.312702 1.01698 -6.60759 -0.22719 1.58205 -6.6008 -0.607802 2.68265 -6.61942 -0.557067 2.63796 -6.61504 -0.505596 0.373177 -6.58443 -0.59079 0.551417 -6.56527 -0.609534 0.692481 -6.603 -0.53738 0.741422 -6.59274 -0.445945 0.715787 -6.58915 -0.166036 0.828795 -6.58829 -0.243229 1.07939 -6.59536 -0.270381 1.28823 -6.59534 -0.104497 1.79253 -6.59385 -0.166626 1.9011 -6.60078 -0.18981 2.09334 -6.60848 -0.043369 2.12226 -6.58817 -0.352311 2.40471 -6.61507 -0.212003 2.29192 -6.6137 -0.104335 2.20769 -6.59003 -0.118985 2.40392 -6.60341 -0.0636187 2.28781 -6.59443 -0.33047 2.61184 -6.60051 -0.617008 0.618254 -6.5634 -0.420127 0.452235 -6.58738 -0.500659 0.499166 -6.57485 -0.264552 0.40463 -6.58806 -0.102407 0.306094 -6.58331 -0.177295 0.256296 -6.57582 -0.176725 0.635375 -6.57956 -0.230306 0.698779 -6.58315 -0.116981 0.752485 -6.58538 0.0853756 0.244554 -6.57777 0.0351832 0.408825 -6.58291 -0.0725155 0.820524 -6.57599 -0.154874 1.16078 -6.56258 -0.0923846 1.28643 -6.55689 -0.158373 1.4358 -6.57335 -0.416258 -0.308024 -6.5927 -0.0458572 1.58909 -6.57574 0.0104216 1.98979 -6.5859 0.182224 1.82398 -6.57157 0.185856 2.01373 -6.58163 0.357301 2.14333 -6.58239 0.0991001 2.17623 -6.59187 -0.396213 -0.499523 -6.58838 -0.427507 -0.626762 -6.57768 -0.207117 -0.407752 -6.59083 -0.274734 -0.321633 -6.58504 -0.123542 -0.27006 -6.59312 -0.105361 -0.430036 -6.59498 -0.0885374 -0.589158 -6.57878 0.0350608 -0.460127 -6.5735 0.0133734 -0.248742 -6.58431 -0.0778492 -0.0848683 -6.57719 -0.449021 0.624821 -6.56717 -0.366764 0.587762 -6.57495 -0.517003 0.669141 -6.53276 -0.149106 0.44593 -6.59683 -0.0525234 0.601421 -6.56884 0.130692 0.494819 -6.57219 0.258507 0.447408 -6.56211 0.0804534 0.659818 -6.55516 0.237168 0.560496 -6.5568 0.0543212 0.80503 -6.55755 -0.0625635 1.07275 -6.55788 0.0863484 1.53699 -6.56097 0.0202824 1.68525 -6.57184 0.246689 1.89587 -6.58177 0.313309 1.82676 -6.57234 0.395216 1.87926 -6.56288 0.43861 2.01211 -6.57817 0.517774 2.06255 -6.57522 0.650892 1.84837 -6.54604 0.390422 2.21005 -6.57549 0.491417 2.26487 -6.5693 0.595518 2.08861 -6.56255 0.722862 2.20364 -6.56338 -0.040401 -0.982599 -6.54982 -0.292103 -1.0402 -6.57974 -0.199174 -0.809905 -6.56654 -0.270128 -0.629224 -6.58344 -0.309022 -0.900798 -6.5749 -0.156399 -0.71336 -6.57673 -0.00461011 -0.900532 -6.54395 -0.00748912 -0.757201 -6.55007 0.100415 -0.6062 -6.56426 0.175816 -0.520127 -6.57014 0.0520906 -0.0259039 -6.57152 0.236706 0.073766 -6.56732 0.276261 0.252792 -6.56986 -0.540023 0.233261 -6.58903 -0.428072 0.0962094 -6.57916 -0.329895 0.171034 -6.5815 0.400795 0.0710542 -6.55013 0.540506 0.151886 -6.54988 0.0177157 2.35322 -6.58208 0.296001 2.52009 -6.58273 0.052142 2.41611 -6.58433 -0.121941 2.71418 -6.59325 -0.585525 0.0592172 -6.59534 -0.423527 -0.128701 -6.58695 -0.32605 -0.0609185 -6.58298 -0.108829 0.057833 -6.56981 0.294627 -0.328032 -6.56016 0.287887 -0.18627 -6.56488 0.456561 -0.341628 -6.55236 0.376397 -0.0503742 -6.56403 0.179854 0.68159 -6.5587 0.323513 0.698127 -6.52516 0.0522113 0.919218 -6.53482 0.212819 0.785883 -6.53455 0.030593 1.22531 -6.554 0.158436 1.31458 -6.54058 0.0456365 1.39913 -6.54536 0.188332 1.46406 -6.54275 0.238259 1.57355 -6.53789 0.616472 1.78427 -6.53977 0.122154 -0.968612 -6.54074 0.763539 2.09776 -6.54481 0.882775 2.14084 -6.54898 0.287421 -0.79769 -6.54178 0.168139 -0.834144 -6.53528 0.295756 -0.671479 -6.55033 0.365549 -0.472594 -6.54798 0.621961 -0.467682 -6.54042 0.508278 -0.0789663 -6.54515 0.588268 0.0710851 -6.54462 0.550556 -0.869366 -6.54603 0.553887 -0.665396 -6.5474 0.717685 -0.836974 -6.54365 0.441359 -0.76596 -6.53604 0.682587 -0.596456 -6.54283 0.975795 -0.0469669 -6.5426 0.966873 -0.173093 -6.55171 0.765924 -0.0554877 -6.53417 1.08051 -0.210255 -6.54811 1.11561 -0.0679524 -6.54417 1.14879 -0.212033 -6.54424 1.04377 0.0102293 -6.53798 0.52796 0.582052 -6.52126 0.223295 0.890666 -6.52767 0.132692 1.08794 -6.53946 0.190659 0.992301 -6.53224 0.267015 1.0931 -6.54902 0.245511 1.19845 -6.53943 0.315047 0.963953 -6.51819 0.403442 1.19816 -6.5262 0.26077 1.34887 -6.52671 0.268759 -0.976763 -6.53856 0.67674 0.122115 -6.54699 0.717328 0.246919 -6.52133 0.387039 -0.925575 -6.53377 0.507254 -0.982719 -6.53643 0.815839 1.64232 -6.51395 0.788781 1.93773 -6.53692 0.82246 1.83722 -6.51932 0.969701 2.08223 -6.52645 0.99516 2.16203 -6.52811 0.676995 -0.978306 -6.53397 1.03008 -1.09119 -6.5367 0.970374 -1.14101 -6.53386 0.920803 -1.01233 -6.51627 0.833139 -0.768824 -6.52282 0.872309 -0.894049 -6.5213 1.04292 -0.69407 -6.54218 0.994265 -0.907949 -6.52273 0.976236 -0.734875 -6.52302 1.1006 -0.835855 -6.52571 0.877898 -0.617429 -6.52236 0.799628 -0.466355 -6.52682 0.728205 -0.346342 -6.52559 1.13996 -0.771716 -6.52947 1.11806 -0.649738 -6.52799 1.19236 -0.632249 -6.51882 1.16867 -0.560513 -6.53605 1.05595 -0.426828 -6.53724 1.21134 -0.544469 -6.52155 1.12597 -0.337014 -6.53135 1.20193 -0.444584 -6.53572 0.960921 -0.363017 -6.52462 0.80119 -0.276783 -6.52542 0.891822 0.0583131 -6.53468 0.824378 0.139345 -6.52719 1.01412 0.14354 -6.49364 1.21256 -0.331963 -6.54135 1.24056 -0.246144 -6.51455 1.17579 -0.147969 -6.51781 1.12616 0.0601262 -6.51837 0.463711 0.438429 -6.51952 0.293838 1.44253 -6.5214 0.513496 1.63318 -6.5252 0.66755 1.62871 -6.52106 1.0285 1.97114 -6.50101 1.00342 1.8228 -6.50687 0.769063 -1.04388 -6.51716 1.12422 2.04329 -6.51183 1.25855 2.1371 -6.5172 1.23883 2.02689 -6.51561 1.07351 -0.995867 -6.5231 1.21139 -0.684198 -6.43772 1.03938 0.170629 -6.50395 1.00548 0.260812 -6.52027 0.519242 0.71858 -6.49521 0.481525 1.31695 -6.49789 0.458997 1.49263 -6.50733 0.653136 1.43945 -6.49027 0.620367 0.412554 -6.5121 0.839914 0.318921 -6.51254 0.802688 0.505114 -6.52198 0.740548 0.573256 -6.53149 0.991997 0.365739 -6.51585 0.597488 0.69653 -6.4951 0.919758 0.513309 -6.48654 1.14129 -0.850074 -6.48981 1.17839 -1.00931 -6.47801 1.06001 0.251836 -6.48118 0.909535 1.58946 -6.49519 1.02978 1.65585 -6.49872 1.23079 1.75957 -6.50536 1.23217 1.52887 -6.49251 1.25669 1.77933 -6.49027 1.27111 1.91206 -6.50584 1.19394 -0.527385 -6.45535 1.17621 -0.0640281 -6.48774 1.17838 0.0176493 -6.49281 1.09252 0.170434 -6.47774 0.51697 1.17716 -6.49159 0.551372 1.39309 -6.48454 0.987015 0.427746 -6.48026 0.781884 0.639209 -6.48742 0.422431 0.817153 -6.50024 0.43339 1.06478 -6.51347 1.25037 1.56471 -6.47486 1.02681 0.241872 -6.42133 1.19776 -0.996318 -6.41294 1.23073 1.62507 -6.3698 1.24515 1.91349 -6.40938 0.920097 0.804293 -6.46421 0.695634 0.834179 -6.47644 0.544499 0.961216 -6.49189 0.668526 0.961907 -6.46772 0.649909 1.219 -6.47787 1.04308 1.35757 -6.46771 0.924191 1.31601 -6.46838 1.22053 -0.50776 -6.37605 1.20499 -0.164423 -6.40086 0.95697 0.518218 -6.45429 1.03516 0.581505 -6.45439 1.00244 0.612875 -6.47246 1.15773 -0.803979 -6.44568 1.19698 -0.762388 -6.40153 1.2811 1.40422 -6.46625 1.22418 1.36006 -6.47214 0.908195 0.455807 -6.47107 1.26071 2.00662 -6.42063 1.20824 1.21163 -6.45737 1.26328 1.30837 -6.45266 0.926214 0.374694 -6.46118 1.14888 0.647119 -6.46021 1.13531 0.709822 -6.45993 0.793873 0.872619 -6.46018 1.09923 0.10976 -6.37791 0.730743 1.07274 -6.4618 0.963463 0.938709 -6.47127 1.12117 0.849432 -6.47069 0.779555 1.37062 -6.47473 0.932779 1.22157 -6.47464 1.05957 1.19923 -6.46441 0.940644 1.08407 -6.47836 1.2189 0.797154 -6.45939 1.26169 0.724042 -6.45745 1.27131 1.04516 -6.44712 1.16361 -0.910944 -6.41654 1.2768 0.796181 -6.44386 1.24009 1.49171 -6.45862 1.03875 0.153347 -6.35577 1.29452 1.21473 -6.44656 1.25048 1.41888 -6.41487 1.13972 -0.761833 -6.41866 1.31401 0.922041 -6.45181 1.28253 1.13607 -6.4515 1.23615 -0.378211 -6.39175 1.15396 0.0326682 -6.3966 1.27434 0.794853 -6.40677 1.19007 0.668767 -6.41111 1.23089 1.34431 -6.41007 1.27582 0.832262 -6.34566 1.07474 0.623559 -6.37705 1.17727 -1.05518 -6.41166 1.29044 0.993894 -6.42022 1.23882 2.07011 -6.38626 1.19782 -0.664418 -6.34422 0.818493 0.431445 -6.38477 1.28311 1.19299 -6.37219 1.24339 1.25888 -6.42828 1.29168 1.24443 -6.4174 1.24768 1.03862 -6.34548 1.26817 -0.256747 -6.38592 -0.176317 0.841098 -6.39699 -0.20851 0.716594 -6.39228 -0.158095 0.682479 -6.41533 -0.0356011 0.742062 -6.41306 -0.0646952 0.811784 -6.42604 0.949697 0.271956 -6.39223 0.816725 0.478575 -6.35021 1.24849 1.24046 -6.35346 1.28671 -0.336717 -6.37396 1.26944 1.34058 -6.34203 1.23679 1.49889 -6.35387 1.21608 -0.895096 -6.29368 1.22536 -0.973986 -6.27239 -0.00333532 0.686492 -6.35661 -0.106399 0.866233 -6.37105 1.01273 0.62239 -6.33313 1.21532 -1.09556 -6.30148 1.23701 0.928395 -6.34346 1.23967 1.79569 -6.37307 1.23296 1.65209 -6.3091 1.17198 -0.06397 -6.32697 0.0331882 0.720049 -6.35757 -0.223302 0.87004 -6.34215 0.0356592 0.855248 -6.35221 -0.0446114 0.90391 -6.35058 0.905688 0.515493 -6.35138 1.27053 1.24926 -6.28624 0.726014 0.447035 -6.33203 1.09051 0.689804 -6.25039 1.20614 0.710105 -6.32588 1.25203 1.92988 -6.35077 1.22981 2.01442 -6.29887 1.02414 0.161275 -6.30638 1.22429 -0.184575 -6.29848 -0.236404 0.623219 -6.28395 -0.113765 0.629717 -6.30216 -0.286431 0.723093 -6.26777 1.26687 -0.338151 -6.30441 1.04222 0.654533 -6.27689 1.23896 0.769392 -6.29986 1.25907 1.07995 -6.30685 1.23194 1.88302 -6.30774 1.21804 -0.79671 -6.27265 1.21703 -0.630707 -6.31435 1.26766 -0.252588 -6.30911 -0.280105 0.799263 -6.26221 0.109298 0.754083 -6.34591 0.174908 0.730145 -6.31798 0.910122 0.256558 -6.32159 1.23815 1.33516 -6.30454 1.23899 1.27856 -6.32343 0.703352 0.505357 -6.33103 0.586496 0.509913 -6.32084 0.868756 0.531085 -6.30144 1.16781 0.90497 -6.29165 1.22956 1.47194 -6.28252 1.13252 0.00551014 -6.29611 0.0629137 0.622769 -6.30294 -0.182313 0.887432 -6.25385 0.521758 0.555823 -6.3433 0.615404 0.573459 -6.29697 1.15311 0.00433286 -6.24637 1.11451 0.0608438 -6.25918 1.20222 -1.07525 -6.25514 1.20907 -0.678018 -6.27294 0.269519 0.6643 -6.31189 0.300873 0.572676 -6.30686 0.4022 0.571516 -6.31958 -0.119269 0.935125 -6.23246 1.22487 -0.563998 -6.25863 0.940845 0.213546 -6.26908 0.936128 0.63183 -6.2976 1.2173 0.967844 -6.28228 1.22478 1.59607 -6.26458 1.23877 1.78412 -6.26127 0.468344 0.553399 -6.31168 1.2632 1.34494 -6.24302 0.0679072 0.540593 -6.28505 0.327224 0.683213 -6.26091 0.435305 0.602823 -6.26091 -0.336459 0.887764 -6.26448 -0.351419 0.999922 -6.26827 -0.290406 1.00227 -6.24934 0.161327 0.773166 -6.24174 -0.00992724 0.940673 -6.24525 1.24976 -0.459984 -6.25704 1.25012 -0.331179 -6.23259 1.15081 -0.0633589 -6.23528 0.784332 0.30729 -6.24695 0.498186 0.472798 -6.25699 0.746851 0.641903 -6.29742 0.823521 0.682834 -6.27186 1.19911 0.772292 -6.24765 1.20011 0.822511 -6.24671 1.29624 -0.289373 -6.22173 1.10717 -0.0129308 -6.24951 -1.20729 -1.77894 -6.27304 -1.15192 -1.7057 -6.27647 -0.808915 -1.8609 -6.27324 -0.8213 -1.97283 -6.26902 -0.125051 0.587805 -6.25707 -0.746524 -1.81225 -6.27448 -0.644249 -1.54157 -6.2832 0.191987 0.488793 -6.26216 0.0806939 0.487524 -6.25122 -0.500926 -1.58072 -6.28388 0.340689 0.512782 -6.25551 -0.895262 -1.73011 -6.27186 -1.07564 -1.47728 -6.27219 -0.567189 -1.76163 -6.27471 0.0527937 0.909005 -6.22922 -0.390448 -1.72754 -6.27269 -0.308241 -1.6109 -6.27798 0.575831 0.406344 -6.25408 0.553454 0.627533 -6.25805 0.6315 0.729592 -6.2482 1.12832 0.884838 -6.24863 1.24177 1.05306 -6.21115 1.27384 -0.400261 -6.23875 -1.18982 -1.63197 -6.2246 1.18758 -0.181546 -6.23278 -1.04685 -0.127389 -6.2684 -1.10093 -0.229538 -6.23697 -1.07191 -0.201845 -6.26207 -1.1526 -1.61729 -6.27012 -0.956907 0.303921 -6.23815 -0.981025 0.177554 -6.25473 -0.938137 0.245721 -6.26962 -0.339971 0.661681 -6.25711 -0.277504 0.592934 -6.25773 -0.735301 -1.83866 -6.23799 -0.0457071 0.462137 -6.25246 -0.557365 -1.8262 -6.25214 -1.10713 -1.55726 -6.26582 -1.13412 -1.47028 -6.25941 -1.16443 -1.38459 -6.25062 -1.18885 -1.23208 -6.2627 -1.20306 -1.05152 -6.25928 -1.1992 -1.16911 -6.2693 -1.0958 -1.07264 -6.27177 -1.21777 -0.881131 -6.26274 -1.0717 -0.712532 -6.27187 -0.457635 1.03519 -6.26505 -0.966194 -1.2471 -6.26994 -1.19761 -0.753218 -6.2612 -1.06858 -0.585824 -6.26941 -1.17979 -0.507686 -6.26615 -1.13772 -0.429591 -6.26684 1.23624 1.90758 -6.19878 -1.14698 -0.379447 -6.25319 -0.997685 -0.243563 -6.26867 -1.01525 -0.0502289 -6.26383 -0.76417 -0.155204 -6.25853 -0.569177 -0.375223 -6.25352 -0.574443 -0.121506 -6.2596 -0.659932 -0.0420076 -6.26595 -1.01861 0.108731 -6.24599 -0.960921 0.131218 -6.26868 -0.878207 0.0186257 -6.26863 -0.735962 -0.013349 -6.26322 -0.880164 0.153447 -6.263 1.17953 -0.915647 -6.24578 0.38145 0.0575575 -6.25788 0.016486 0.236948 -6.25769 0.089188 0.0726533 -6.25946 -0.764431 -1.48258 -6.27605 -0.596446 -1.41626 -6.27976 -0.680289 -1.29595 -6.26985 -0.822657 -1.15978 -6.26777 -0.440688 -1.28806 -6.26947 -0.528719 -1.1326 -6.26773 -0.974064 -0.986687 -6.26921 -0.770168 -0.923223 -6.2554 -0.488915 -0.934705 -6.26017 -0.207637 -1.45748 -6.26633 -0.0650081 -1.50812 -6.26351 -0.153445 -1.25871 -6.25998 -0.234014 -0.959743 -6.25427 -0.0248039 -1.08654 -6.24781 0.164636 -1.25868 -6.24883 -0.832368 -0.715006 -6.26356 -0.893327 -0.506041 -6.26014 -0.624055 -0.656337 -6.25739 -0.697121 -0.452078 -6.25703 -0.398387 -0.683165 -6.26109 -0.196223 -0.769775 -6.25505 -0.307958 -0.556792 -6.26283 -0.140088 -0.559121 -6.26226 -0.102452 -0.392909 -6.26142 -0.343092 -0.383227 -6.25508 -0.232607 -0.260839 -6.25555 0.147927 -0.502243 -6.25512 0.0487542 -0.320627 -6.254 -0.089166 -0.224035 -6.25079 -0.148924 0.130014 -6.25521 -0.173504 0.0177827 -6.25359 -0.0240517 0.0160689 -6.25796 0.249334 -0.0289225 -6.25942 1.22312 -0.181952 -6.21487 -1.21779 -0.993619 -6.23412 1.14085 -0.269978 -6.23786 1.19151 -0.229535 -6.2598 -1.22535 -0.861807 -6.19847 -1.24103 -0.815451 -6.23879 -0.93255 0.33067 -6.22611 -1.07389 -0.156721 -6.18759 1.2469 1.64122 -6.19426 1.25171 1.58933 -6.23509 1.12534 -0.417658 -6.23435 -0.133517 -0.0976036 -6.24568 -0.298676 0.382328 -6.24993 -0.213392 0.13061 -6.24443 -0.216804 0.264389 -6.25323 -0.401232 0.526772 -6.21866 0.256843 0.35852 -6.25079 1.14245 -0.954652 -6.23259 0.249936 0.766827 -6.22534 1.17162 -0.737881 -6.23521 1.13792 -0.562718 -6.22753 0.428102 0.787951 -6.23261 -0.530086 0.991969 -6.2266 -0.419496 0.731606 -6.23103 1.17888 -0.326729 -6.23531 0.918553 -0.319722 -6.23943 0.583202 -0.283387 -6.24281 0.720789 -0.378623 -6.24104 -0.458195 1.11193 -6.26387 -0.528365 1.14303 -6.21583 -0.340635 1.09384 -6.23691 -0.392163 1.21892 -6.2435 0.836654 -0.208406 -6.24632 -0.458046 1.20897 -6.23925 0.890602 -0.0820689 -6.23535 0.756817 -0.0494624 -6.25418 -0.80086 -1.93311 -6.21514 0.649528 -0.109389 -6.24856 0.701247 0.0226683 -6.24547 0.858112 0.0857712 -6.24068 0.664778 0.171458 -6.24627 0.972577 0.15181 -6.23846 0.987746 0.0123628 -6.23432 -0.680929 -1.8847 -6.19965 1.03678 0.846086 -6.22417 1.06149 0.917895 -6.20566 1.24745 1.33974 -6.20819 1.24044 1.82792 -6.2147 0.218927 -1.23812 -6.23537 0.16888 -1.39539 -6.22562 0.255363 -1.16033 -6.24524 0.287718 -0.940724 -6.24154 0.37374 -1.05376 -6.22441 -1.22053 -0.709032 -6.23028 -1.16131 -0.450711 -6.22189 -1.03431 -0.0101553 -6.2314 -0.740562 0.120646 -6.22297 -0.685503 0.0351082 -6.21818 -0.622129 0.0164343 -6.21201 -0.792866 0.119824 -6.23017 0.216692 -0.703905 -6.24312 0.291261 -0.760346 -6.24264 0.342098 -0.610638 -6.2439 0.392763 -0.354277 -6.24424 0.573946 -0.450544 -6.2336 -0.464258 -0.213815 -6.25496 -0.344002 -0.226006 -6.2548 -0.393591 -0.185716 -6.25914 -0.519967 -0.0764754 -6.21121 -0.379101 -0.123342 -6.21334 -0.973341 0.322861 -6.18187 1.23601 1.59094 -6.19667 -1.24722 -1.00344 -6.15299 -0.176053 -0.155237 -6.21482 -1.00888 1.07472 -6.2341 -1.01477 1.00266 -6.22663 -0.936274 0.967124 -6.23173 -0.234743 0.00462807 -6.20811 -0.343427 0.3299 -6.21823 -0.857417 1.16086 -6.23112 -0.771632 1.28347 -6.22381 -0.823703 1.30527 -6.22636 -0.720241 1.1976 -6.21465 -0.523804 0.765746 -6.22182 -0.25262 1.12184 -6.23515 0.00294544 0.983793 -6.22478 -0.606634 1.07696 -6.21766 0.513761 -0.513788 -6.21517 0.733012 -0.450269 -6.22708 0.147602 0.826943 -6.22266 0.868368 -0.441441 -6.22802 0.136619 0.966955 -6.21359 1.1074 -0.70078 -6.217 1.04919 -0.494603 -6.22881 -0.336853 1.41871 -6.22578 -0.289485 1.61372 -6.22129 -0.270198 1.37896 -6.2314 -0.222782 1.67797 -6.22957 -0.114488 1.44418 -6.22887 -0.131277 1.70454 -6.23154 0.0646894 1.78051 -6.22087 -0.045817 1.53842 -6.22008 -0.235813 1.79968 -6.22539 -1.16252 -1.5516 -6.18808 -1.17824 -1.46852 -6.16743 0.549709 0.824069 -6.22508 1.17499 0.988351 -6.15928 0.251958 -1.20373 -6.22014 0.322131 -0.908754 -6.21945 -1.18022 -0.529873 -6.14357 0.336605 -0.730847 -6.19782 0.363293 -0.638112 -6.22533 0.434708 -0.50086 -6.24055 -0.940625 0.407097 -6.22129 -0.936369 0.511691 -6.22835 -0.77281 0.389565 -6.22294 -0.984275 0.566225 -6.22331 -0.932427 0.699342 -6.22539 -0.956795 0.807309 -6.22857 0.468551 0.294218 -6.25055 0.533149 -0.00283758 -6.25049 0.0816894 1.24735 -6.21679 0.410288 0.857164 -6.2048 0.00250817 -0.845714 -6.24949 0.693309 0.841249 -6.22698 0.866716 0.876498 -6.22357 -0.703727 0.723946 -6.21598 -0.773628 1.03789 -6.22405 1.09031 -0.767456 -6.2145 -0.809197 -1.97688 -6.15208 1.11997 -0.889584 -6.19601 -0.609412 1.12797 -6.20221 -0.436209 1.31355 -6.20086 0.452965 0.964065 -6.2026 0.309186 0.98212 -6.20481 0.306593 1.10653 -6.20381 -0.350694 1.5213 -6.20001 -0.310472 1.69174 -6.1572 0.245662 1.29023 -6.2053 0.0694189 1.43407 -6.21193 0.139537 1.6604 -6.21181 0.387741 1.6712 -6.19777 0.343891 1.89928 -6.20327 -0.798156 -1.87844 -6.14425 0.572248 0.983357 -6.19515 1.01269 0.98382 -6.16907 1.23626 1.42021 -6.18579 -1.13566 -0.358216 -6.17659 -1.02349 0.10128 -6.14257 0.321274 -0.829684 -6.17475 0.367594 -0.65091 -6.15616 1.08238 -1.01706 -6.22739 0.917352 -0.532629 -6.1527 1.059 -0.60368 -6.21111 0.756523 -0.48478 -6.15433 -1.0155 0.643567 -6.20246 -1.014 0.84146 -6.19325 -1.03249 0.967675 -6.20149 -1.0659 1.03116 -6.19392 0.908973 -0.521118 -6.10013 1.12871 -0.725529 -6.16458 -0.593029 1.15678 -6.14117 0.713054 1.18617 -6.19027 0.687638 0.961023 -6.19216 0.847775 1.17011 -6.17722 1.17866 1.26396 -6.16575 -1.26707 -1.74151 -6.14927 0.574326 1.4686 -6.18966 0.726981 1.50436 -6.18688 0.719029 1.59999 -6.18349 0.579157 1.60853 -6.1931 0.488442 1.73008 -6.19654 -1.2232 -1.26745 -6.12596 1.17813 1.44998 -6.16006 0.38961 -1.07631 -6.09547 0.339193 -0.948586 -6.18033 -1.05013 -0.101878 -6.15174 -0.978192 0.210608 -6.15207 0.463733 -0.552122 -6.18074 0.530487 -0.524097 -6.18008 1.05458 -1.00933 -6.09632 1.03932 -1.08181 -6.1591 0.686353 -0.491075 -6.19608 -1.00358 0.541528 -6.15568 -0.658301 1.17435 -6.14875 -0.541881 0.224784 -6.21592 -0.530865 0.588863 -6.21754 0.481728 1.2289 -6.19211 0.213489 1.51843 -6.19996 -0.37045 0.0258248 -6.20219 0.607337 1.80023 -6.19137 0.866982 0.97999 -6.18296 1.00011 -0.60244 -6.15457 -1.02813 0.720991 -6.11985 -0.773221 1.30555 -6.13636 -0.389749 1.41449 -6.15027 0.995086 1.1718 -6.175 1.01807 1.07142 -6.1612 0.994042 1.36149 -6.16685 1.18515 1.09102 -6.15501 1.17255 1.67076 -6.15359 1.17914 1.84079 -6.15936 0.842525 1.73989 -6.17929 1.10724 1.78056 -6.16579 1.09934 1.90555 -6.17043 -1.23158 -1.55363 -6.1464 0.226368 -1.30753 -6.13732 0.302356 -1.18236 -6.12398 1.08077 -0.676949 -6.16952 -1.07262 0.915264 -6.09934 -0.545934 1.22301 -6.09765 -0.390475 1.50105 -6.13105 0.984912 1.67165 -6.16538 1.19029 2.02929 -6.17374 -1.24027 -1.20053 -6.09529 -1.2031 -0.555909 -6.03785 -1.12738 -0.287761 -6.13201 1.10732 -0.904132 -6.109 -0.987135 0.378033 -6.1255 0.969115 1.51445 -6.17118 0.765945 1.91417 -6.18783 0.841311 2.00254 -6.18321 -1.24178 -0.717283 -6.06813 -1.15755 -0.409463 -6.05583 -1.04769 -0.00565962 -6.09232 -1.02398 0.51999 -6.10963 1.12157 -0.785172 -6.07976 -0.469897 1.38381 -6.09318 -1.27878 -1.67049 -6.08556 -1.22107 -1.46437 -6.12099 -1.264 -0.890583 -6.08484 -1.08238 -0.139699 -6.04282 -1.01213 0.18447 -6.05968 0.301073 -0.709835 -6.03707 -1.10853 1.06679 -6.13052 1.09516 -0.630091 -6.08237 0.579219 -0.491648 -6.05243 -0.481048 1.4952 -6.02973 -1.24659 -1.33822 -6.06122 -0.735831 1.30003 -6.07997 -0.629976 1.25681 -6.06016 0.412092 -1.11869 -6.05148 0.30186 -0.898196 -6.03417 0.464334 -0.528713 -6.06976 0.750623 -0.488241 -6.07912 -0.998501 0.289098 -6.03195 -1.60072 -1.49731 -6.07738 -1.04254 0.551565 -6.01772 -1.26464 -1.47909 -6.04847 -0.749067 -1.92845 -6.0734 -1.30568 -1.0211 -6.03114 -0.797397 1.40745 -6.06742 -1.03295 0.0485838 -6.04815 1.00904 -0.93702 -6.0581 1.10117 -0.65537 -6.01028 0.280426 -1.2954 -6.06682 -1.09983 0.839539 -5.98225 -1.6429 -1.19212 -6.08335 -1.59207 -1.39938 -6.06545 -1.6219 -1.11388 -6.0816 -1.66441 -1.0379 -6.07235 -1.58786 -0.999107 -6.05564 0.333057 -0.993737 -6.01036 -1.13659 -0.302826 -6.03255 0.962254 -1.07895 -6.01314 1.00877 -0.560017 -6.00659 -1.08553 0.909778 -6.03103 -1.1429 0.998238 -5.96519 -1.54125 -1.08241 -6.01854 -0.545527 1.31958 -6.0517 -1.33226 -1.08407 -6.00395 -1.64341 -0.900153 -6.06496 0.441744 -1.17066 -6.02532 -1.2796 -0.843078 -6.02552 1.01553 -0.82431 -6.00943 0.592796 -0.503166 -5.97096 0.836823 -0.495782 -6.00465 -1.70771 -0.882255 -5.97419 -1.30275 -1.30081 -6.01061 0.345722 -0.609903 -5.99427 -0.567071 1.42386 -6.01514 0.85913 -1.00768 -5.96196 0.90887 -0.928731 -5.98552 0.723997 -0.496843 -5.96025 1.06253 -0.583982 -6.02153 1.00631 -0.703727 -6.00959 -1.53114 -1.33852 -6.01874 -1.34106 -1.4512 -5.99012 0.35672 -1.34761 -6.00319 -1.58271 -0.790733 -6.00653 -1.64909 -0.764305 -5.99891 -1.26353 -0.634562 -5.97151 -1.04617 0.101613 -5.95999 0.317565 -0.768981 -6.02221 0.426206 -0.54888 -5.95207 0.484657 -0.524488 -5.92509 0.3691 -1.03949 -5.98318 -1.51606 -0.827971 -5.95904 -1.22723 -0.446578 -5.93875 -1.12697 -0.168827 -5.94868 -1.04574 0.349525 -5.94537 0.399696 -0.71478 -6.00696 0.901399 -0.879047 -5.949 1.0508 -0.623131 -5.99063 -1.38639 -1.05885 -5.96732 -1.3741 -1.1761 -5.97086 -1.34955 -0.830611 -5.95659 -1.63389 -0.526253 -5.95328 -1.30884 -0.723814 -5.95479 0.878353 -0.817589 -5.94064 0.923025 -0.649759 -5.93903 -1.49998 -1.08146 -5.99145 -1.43159 -1.04858 -5.96293 0.453084 -0.867359 -5.97196 0.527043 -1.11849 -5.93382 -1.50817 -0.70395 -5.92201 -1.59094 -0.450587 -5.91532 -1.11061 0.538068 -5.92342 -1.13315 0.694152 -5.93345 0.835713 -1.09969 -5.95754 0.938694 -0.566987 -5.91115 -1.71707 -0.656921 -5.91199 -1.08713 0.0228938 -5.9178 0.513644 -0.605148 -5.93607 0.538678 -0.726241 -5.92193 0.669393 -1.15544 -5.96845 0.618931 -1.10569 -5.90533 0.916285 -0.729058 -5.93268 0.866822 -0.525437 -5.92047 0.760029 -0.534753 -5.90201 -1.45447 -0.881944 -5.93267 -1.17143 0.835454 -5.91543 0.49408 -1.04198 -5.93525 -1.40926 -0.795958 -5.92629 -1.2552 -0.457469 -5.90361 -1.09152 0.253537 -5.89006 0.540777 -0.821091 -5.93337 0.777079 -1.06264 -5.9036 -1.28867 -0.467236 -5.88213 -1.62682 -0.425329 -5.91507 -1.6576 -0.401539 -5.90129 0.819767 -0.959664 -5.90327 0.634196 -0.752918 -5.91197 0.806763 -0.728037 -5.91171 0.571306 -0.527518 -5.89949 0.561306 -0.926305 -5.91291 -1.61806 -0.203108 -5.89505 -1.63065 0.0278345 -5.86084 -1.12069 0.399169 -5.88255 0.604247 -0.952989 -5.90178 0.70192 -1.06007 -5.90483 -1.30577 0.834539 -5.86241 -1.24892 0.935596 -5.89686 0.618158 -0.852725 -5.88411 0.638856 -0.660437 -5.89699 0.789582 -0.82228 -5.85423 0.65093 -0.559052 -5.86467 0.845441 -0.597422 -5.87333 0.857506 -0.553355 -5.87872 -1.57005 -0.184468 -5.87274 -1.58013 -0.0295463 -5.87748 -1.20539 -0.220546 -5.87095 -1.6031 0.180564 -5.88906 -1.53805 0.172311 -5.8521 -1.59446 0.280371 -5.91743 -1.69867 -0.27081 -5.84246 -1.13311 -0.00534888 -5.87956 -1.51593 0.35241 -5.86722 -1.5929 0.316394 -5.90181 0.74204 -0.988662 -5.8845 0.757268 -0.933518 -5.83703 0.703259 -0.686148 -5.84535 0.769575 -0.676588 -5.84993 -1.44429 -0.637703 -5.89197 -1.39656 -0.632541 -5.89097 -1.34934 -0.434537 -5.85312 -1.50547 -0.388678 -5.85801 -1.23136 0.641035 -5.87198 -1.50478 0.0178957 -5.82045 -1.69314 0.356163 -5.85461 -1.19385 0.21472 -5.82126 0.691969 -0.949911 -5.83699 -1.23982 -0.162376 -5.83841 -1.69455 0.0587667 -5.81389 -1.697 0.252659 -5.82779 -1.70506 -0.15921 -5.81842 -1.19017 0.118025 -5.82901 -1.49199 0.437178 -5.84391 -1.39082 0.46296 -5.84528 0.742061 -0.648501 -5.83988 -1.74534 0.421952 -5.8425 -1.84315 -0.340746 -5.822 -1.43233 -0.304397 -5.82741 -1.77973 -0.38123 -5.83295 -1.18817 0.420824 -5.85178 -1.25822 0.507741 -5.8506 -1.51034 0.75127 -5.80002 0.696463 -0.840473 -5.80184 0.729683 -0.801015 -5.80868 -1.93553 0.458238 -5.82722 -1.89486 0.528383 -5.83073 -1.4404 0.269241 -5.81373 -1.78978 0.286248 -5.80102 -1.26163 0.248198 -5.80395 -2.0073 0.447681 -5.833 -1.8891 0.214239 -5.78744 -1.34494 0.248489 -5.79829 -1.56329 0.547487 -5.80327 -1.67127 0.540739 -5.80369 -1.38618 0.565335 -5.829 -1.46312 0.918125 -5.80121 -1.47796 -0.172032 -5.82463 -1.36536 -0.149965 -5.80425 -1.30329 -0.139848 -5.81185 -1.40302 0.0585703 -5.79315 -1.97274 0.124341 -5.79585 -1.79096 -0.134279 -5.79186 -1.67532 0.790781 -5.78824 -1.77132 0.0771238 -5.79273 -1.29888 0.0724383 -5.79835 -0.468926 -1.67013 -6.56834 -0.558858 -1.47094 -6.59138 -0.440023 -1.52365 -6.58281 -0.383161 -1.32324 -6.58837 -0.163433 -1.435 -6.57928 -0.286129 -1.60321 -6.57903 -0.245423 -1.14302 -6.58798 -0.41988 -1.02974 -6.57692 -0.580358 -3.48564 -6.57312 -0.619215 -3.40034 -6.57502 -0.370811 -3.50211 -6.57593 -0.164642 -3.56719 -6.58433 -0.289261 -3.67164 -6.57998 0.059623 -3.45654 -6.5693 -0.0827685 -3.61194 -6.58329 -0.00477411 -3.35565 -6.56778 -0.383634 -3.73157 -6.5615 -0.434684 -3.62847 -6.5651 0.520216 -3.42805 -6.5771 0.383079 -3.41239 -6.57091 0.47415 -3.36936 -6.5607 1.17166 -3.70978 -6.58587 1.27299 -3.69765 -6.53595 1.21899 -3.74618 -6.56569 -0.314678 -3.69212 -6.53942 -0.686788 -3.72387 -6.55493 -0.212588 -3.71539 -6.56324 0.574771 -3.36386 -6.53525 -0.587931 -3.65282 -6.56151 -0.538407 -3.74658 -6.55878 1.08495 -3.73413 -6.54906 1.18148 -3.60921 -6.57108 1.23267 -3.5873 -6.52258 0.621526 -3.41063 -6.5615 0.475317 -3.57064 -6.57029 0.655297 -3.65017 -6.57825 0.562957 -3.70111 -6.57257 0.761036 -3.64005 -6.56986 0.783657 -3.72537 -6.5703 0.937501 -3.60466 -6.55238 1.11109 -3.58295 -6.5799 0.676956 -3.49153 -6.55936 0.559303 -3.53378 -6.57892 0.881548 -3.40262 -6.55449 1.02861 -3.47888 -6.57686 1.0377 -3.37623 -6.55916 0.959141 -3.42242 -6.55492 1.16224 -3.47264 -6.56193 -0.721927 -1.62643 -6.55944 -0.27299 -1.84335 -6.55222 -0.199656 -1.72435 -6.576 -0.121659 -1.802 -6.55387 -0.324524 -1.73171 -6.56138 -0.10378 -1.57978 -6.56546 -0.0864781 -1.4082 -6.56211 0.044582 -1.51624 -6.56988 0.0634541 -1.67356 -6.55066 0.204163 -1.49397 -6.56299 -0.0947533 -1.21714 -6.57027 -0.0779483 -1.06259 -6.55282 0.245423 -1.3063 -6.55724 -0.458133 -3.42946 -6.57061 -0.596122 -3.31127 -6.55929 -0.111854 -3.69684 -6.5723 -0.0215326 -3.72951 -6.53941 0.0409124 -3.7218 -6.55468 0.0814884 -3.62251 -6.56991 0.163667 -3.72416 -6.55315 0.390717 -3.68279 -6.55145 -0.306725 -3.38931 -6.5604 -0.414971 -3.37424 -6.5532 0.203633 -3.58231 -6.56065 0.140461 -3.4201 -6.57051 0.155309 -3.30703 -6.56749 0.192553 -3.41932 -6.56221 0.257011 -3.4216 -6.5683 0.359005 -3.32656 -6.55703 0.0876948 -3.22477 -6.56979 0.22863 -3.1896 -6.57068 -0.514086 -1.22615 -6.60009 0.0111462 -1.3331 -6.55849 0.265079 -3.69712 -6.56235 0.30998 -3.71439 -6.52923 1.14431 -3.36415 -6.55792 1.23648 -3.42765 -6.5175 -0.381751 -3.28303 -6.54429 -0.110194 -3.31209 -6.55507 -0.539334 -3.20874 -6.5225 -0.273893 -3.24676 -6.55996 -0.206184 -3.09163 -6.54469 -0.394215 -3.13941 -6.52639 -0.120557 -3.18571 -6.55838 -0.570564 -1.83691 -6.55808 -0.508403 -1.77696 -6.56646 -0.393171 -1.82499 -6.55099 -0.669721 -1.74646 -6.5502 -0.0156727 -3.07342 -6.54907 -0.0063688 -3.15437 -6.55195 0.173776 -3.5284 -6.54633 -0.079541 -1.89752 -6.53192 0.0153286 -1.79346 -6.54299 0.325923 -3.60418 -6.54735 0.206836 -3.50669 -6.51442 0.263283 -3.52236 -6.5334 0.133984 -1.68591 -6.54581 0.222571 -1.60029 -6.54346 0.141492 -3.02937 -6.54691 0.197225 -3.02162 -6.54286 0.253402 -2.9823 -6.53276 0.342737 -3.13861 -6.55512 0.348013 -1.53702 -6.55464 0.36393 -1.44002 -6.55438 0.468588 -3.14002 -6.54328 0.528126 -3.17793 -6.55069 0.11941 -1.32188 -6.54865 0.0775876 -1.16463 -6.55211 0.159561 -1.13849 -6.55266 0.443223 -1.30353 -6.53542 0.273798 -1.0329 -6.54507 -0.71665 -2.58829 -6.54019 -0.63037 -2.31356 -6.53191 -0.531314 -2.12546 -6.54568 -0.668868 -2.06092 -6.54352 -0.373108 -1.97337 -6.53817 0.567479 -3.73427 -6.54737 0.975907 -3.72852 -6.54489 1.16699 -3.72844 -6.51206 0.632474 -3.34179 -6.54792 0.772193 -3.23527 -6.55669 0.894225 -3.29541 -6.55748 0.670561 -3.15796 -6.53951 0.823413 -3.02205 -6.54018 0.976083 -3.26184 -6.55626 0.90191 -3.18829 -6.54242 1.04904 -3.24501 -6.55116 1.14285 -3.27615 -6.54827 1.1513 -3.22782 -6.55191 -0.760839 -1.82841 -6.54447 -0.101826 -3.70266 -6.54608 1.22937 -3.28232 -6.52732 -0.514186 -3.69921 -6.50138 -0.648952 -3.70037 -6.52524 1.08769 -2.56034 -6.53376 1.19299 -2.55531 -6.53861 1.14239 -2.59021 -6.51038 1.16388 -3.16688 -6.50579 1.12382 -3.09375 -6.5209 1.14987 -2.91142 -6.52456 1.19945 -2.84537 -6.54261 1.23473 -2.92138 -6.48623 -0.301045 -3.04177 -6.52596 -0.21402 -2.04129 -6.51386 -0.194808 -1.87053 -6.53367 -0.134611 -2.94308 -6.52741 -0.0936652 -1.98439 -6.53101 0.412853 -2.96741 -6.52424 0.559651 -3.06718 -6.52963 0.424177 -1.97369 -6.53475 0.320427 -1.97436 -6.53811 0.217199 -1.89481 -6.51921 -0.637905 -2.91515 -6.53104 0.41902 -1.87087 -6.53745 0.253664 -1.80763 -6.53001 -0.531142 -3.09064 -6.51747 0.582058 -1.91841 -6.5386 0.35983 -1.69179 -6.53116 0.481616 -1.69559 -6.52866 0.591271 -1.77785 -6.53987 -0.561675 -2.79192 -6.52203 -0.514103 -2.63991 -6.51902 0.540184 -1.57261 -6.53047 -0.525998 -2.51615 -6.53892 0.509081 -1.44368 -6.53062 0.586859 -1.41376 -6.52366 0.43073 -1.14244 -6.54496 0.546271 -1.26032 -6.53316 0.460382 -1.07828 -6.53139 -0.00923668 -2.95006 -6.52707 -0.032905 -2.728 -6.53322 -0.303986 -2.8892 -6.5253 -0.416711 -2.76913 -6.52896 -0.371367 -2.5856 -6.52942 -0.217198 -3.67482 -6.50401 -0.38004 -2.4732 -6.51868 -0.186016 -2.58568 -6.5325 -0.0209491 -3.65728 -6.50426 -0.0617985 -2.59067 -6.53749 0.198758 -2.85367 -6.52527 0.488549 -2.0833 -6.53599 0.0218259 -2.77435 -6.52319 0.0645719 -2.5876 -6.53087 -0.101133 -2.48411 -6.53001 0.68501 -1.89805 -6.51754 0.70191 -1.81696 -6.52918 0.591276 -1.70782 -6.5251 0.729965 -1.66311 -6.51827 -0.395104 -2.32167 -6.52143 -0.323293 -2.42217 -6.5263 -0.16946 -2.31314 -6.53334 0.597158 -1.48992 -6.53489 0.58258 -1.09469 -6.53269 0.606371 -1.167 -6.51805 -0.210403 -2.19506 -6.53555 -0.0190793 -2.31517 -6.53367 -0.377146 -2.12791 -6.54093 -0.279289 -2.09515 -6.52073 -0.114558 -2.16658 -6.5361 -0.0726981 -2.26829 -6.51378 0.104525 -2.47542 -6.5262 0.0882169 -2.23445 -6.52236 -0.0215969 -2.23102 -6.52324 0.152525 -2.05485 -6.52021 0.292085 -2.07312 -6.53926 0.264051 -2.1904 -6.5175 0.374073 -2.09689 -6.52971 0.812873 -3.74261 -6.52862 1.26772 -3.62978 -6.47397 0.892257 -2.98343 -6.53904 1.05372 -3.1281 -6.53203 0.740217 -2.80383 -6.51723 0.994998 -2.97724 -6.52231 0.944957 -2.86237 -6.51271 1.14293 -2.45198 -6.51498 0.649503 -2.15249 -6.51736 0.585934 -2.27211 -6.51903 0.662621 -2.04361 -6.52915 0.152379 -1.81056 -6.51004 1.1221 -3.0091 -6.52827 1.0567 -2.87742 -6.51436 0.0611812 -3.68217 -6.51065 1.21046 -2.564 -6.49942 1.09302 -2.45263 -6.48496 1.20022 -3.03188 -6.51231 1.19647 -2.98054 -6.50991 0.250122 -3.64944 -6.50174 1.23566 -3.04259 -6.47807 1.26369 -3.34713 -6.50014 1.20339 -2.65799 -6.52763 1.14206 -2.70186 -6.51922 0.25837 -2.43487 -6.51925 0.399869 -2.52643 -6.52948 0.274694 -2.596 -6.5085 0.673435 -1.3639 -6.522 0.365186 -2.39191 -6.52346 0.714849 -1.286 -6.5148 0.51977 -2.41303 -6.52458 0.495306 -2.55377 -6.52211 0.676713 -1.21126 -6.49439 0.238439 -2.29166 -6.51178 0.331518 -2.32224 -6.52803 0.42953 -2.32188 -6.50806 0.44361 -2.16895 -6.52444 1.03909 -1.29408 -6.49593 0.907894 -1.24241 -6.51343 0.0937604 -2.01926 -6.51652 0.841089 -1.26239 -6.5053 0.754955 -1.14013 -6.51365 1.10655 -1.1247 -6.50866 0.495072 -3.73029 -6.49596 0.609751 -3.73931 -6.44726 0.983562 -3.75033 -6.42977 1.27501 -3.48284 -6.46538 1.21185 -3.13863 -6.51219 0.658576 -3.0142 -6.51823 0.16371 -3.68243 -6.4534 0.657451 -2.89161 -6.51553 0.396577 -3.72945 -6.48546 0.478645 -2.8437 -6.52073 0.836434 -2.83682 -6.51909 -0.433592 -2.97061 -6.52634 0.644042 -2.73155 -6.52491 0.648055 -2.63147 -6.51888 0.469747 -2.68429 -6.52005 0.625747 -2.52857 -6.50708 0.81343 -2.47679 -6.52331 0.688363 -2.46092 -6.51619 0.86974 -2.68544 -6.51558 0.720607 -2.68348 -6.49661 0.999335 -2.72923 -6.51931 1.06013 -2.66818 -6.51088 0.940435 -2.56894 -6.49934 1.20378 -2.78164 -6.52145 1.23623 -2.68455 -6.50516 0.0566497 -2.8799 -6.5057 0.134283 -2.78429 -6.52467 0.637138 -2.37984 -6.4978 0.649326 -2.32023 -6.51319 0.785557 -2.33148 -6.51666 0.336223 -2.88679 -6.51549 0.751903 -2.22756 -6.51409 0.352166 -2.70706 -6.51163 0.858639 -2.37523 -6.51508 0.826469 -2.06114 -6.50747 0.760405 -1.94023 -6.52658 0.838054 -1.92763 -6.53019 0.790932 -1.74523 -6.52436 0.947347 -1.80272 -6.52289 1.01987 -1.92324 -6.50725 0.922041 -1.70526 -6.50932 1.02283 -1.78681 -6.48311 0.655479 -1.59469 -6.51616 0.678144 -1.53294 -6.49565 1.14931 -2.48954 -6.47591 1.05396 -2.52217 -6.44049 0.764051 -1.42796 -6.48704 1.26114 -3.20263 -6.45823 1.22807 -2.80372 -6.48629 1.20349 -2.49077 -6.48406 -0.68451 -3.68025 -6.4412 0.766687 -2.28708 -6.49489 0.954395 -2.42273 -6.47369 0.837312 -1.38932 -6.47371 0.907763 -2.23294 -6.50937 0.990434 -2.41472 -6.44378 0.964743 -1.38666 -6.4993 0.869987 -2.15729 -6.4943 0.962807 -2.22113 -6.48417 0.872525 -2.01441 -6.49572 1.1446 -1.29002 -6.49572 1.16798 -1.09776 -6.50963 1.03629 -1.70848 -6.48357 0.845803 -1.64528 -6.48611 0.834651 -1.55231 -6.47455 0.940335 -1.57419 -6.49736 1.06322 -1.47787 -6.48266 1.01118 -1.66214 -6.48724 1.24984 -2.60473 -6.44634 1.05186 -2.32367 -6.43957 1.01483 -2.16317 -6.48903 0.999265 -2.07754 -6.47093 1.09678 -2.04993 -6.45717 1.07658 -1.93894 -6.44899 1.07387 -1.84631 -6.43121 0.0670243 -3.66409 -6.42787 1.10733 -1.5963 -6.46364 1.14655 -1.43585 -6.47853 0.337198 -3.70199 -6.4381 1.26283 -3.44342 -6.43513 1.09622 -2.50918 -6.43533 1.15617 -2.5464 -6.46308 1.23165 -2.70385 -6.41647 1.11662 -2.21805 -6.43514 1.09772 -2.15856 -6.46555 1.19182 -2.50257 -6.43992 1.13572 -1.30896 -6.44861 1.17925 -1.18269 -6.42714 -0.571793 -3.67882 -6.3699 -0.235552 -3.67155 -6.42231 -0.050265 -3.6512 -6.41196 0.872097 -3.73582 -6.40589 1.2473 -2.91946 -6.43106 1.15135 -2.47251 -6.4371 1.14908 -1.62507 -6.44793 1.14192 -1.575 -6.40541 1.14271 -1.4541 -6.41887 1.11718 -2.04036 -6.39728 1.12203 -1.76238 -6.4128 1.12241 -1.71473 -6.42056 -0.50839 -3.68851 -6.43414 0.194418 -3.68412 -6.38745 0.424793 -3.69684 -6.42903 1.20242 -3.67554 -6.39181 1.23533 -3.63616 -6.39021 1.25656 -3.54221 -6.36489 1.21259 -3.12528 -6.34215 1.22184 -3.03158 -6.37226 1.2447 -2.84008 -6.40939 1.22727 -2.57374 -6.37962 1.08796 -2.40546 -6.42335 -0.372723 -3.66237 -6.40806 1.11116 -3.71897 -6.40414 1.2413 -3.30319 -6.42169 1.18605 -1.60171 -6.39067 1.22086 -2.48396 -6.40488 1.20267 -2.40993 -6.40072 1.18489 -2.2982 -6.3989 1.14935 -2.26489 -6.39576 0.26716 -3.69775 -6.35198 0.387791 -3.67408 -6.33099 1.21432 -1.14321 -6.39949 1.14657 -1.76192 -6.35194 0.997315 -3.71929 -6.34886 1.23703 -3.25359 -6.32471 1.19529 -1.36033 -6.33432 -0.46375 -3.69877 -6.33211 -0.34963 -3.6741 -6.31712 -0.155477 -3.67859 -6.2903 0.519213 -3.70808 -6.36376 1.25514 -3.67268 -6.35678 1.18253 -1.47329 -6.37382 1.19798 -2.31351 -6.30756 1.19528 -2.21219 -6.34892 1.1367 -3.6614 -6.37171 1.24682 -3.44148 -6.33826 1.18426 -2.95422 -6.30522 1.21605 -2.45 -6.30008 1.12995 -2.10222 -6.36944 1.15539 -1.93991 -6.34418 1.21814 -1.62554 -6.28424 0.924986 -3.68986 -6.3634 1.11445 -3.6648 -6.32906 1.24975 -3.37613 -6.31004 1.19743 -2.83903 -6.29766 1.2025 -1.98458 -6.32151 1.1936 -1.7422 -6.29598 1.20844 -1.15782 -6.33633 1.20036 -1.24719 -6.31379 -0.712157 -3.67963 -6.26796 0.158388 -3.67227 -6.2842 0.75988 -3.7213 -6.31492 0.934021 -3.6514 -6.34848 0.996445 -3.6892 -6.30963 -0.309319 -3.67955 -6.26196 0.101766 -3.65973 -6.22128 1.21357 -3.64303 -6.27741 1.19899 -3.08228 -6.29878 1.18957 -2.72145 -6.29754 1.21398 -2.54342 -6.29904 -0.579723 -3.67992 -6.29967 1.20354 -2.05129 -6.27732 0.611254 -3.70682 -6.28992 1.19746 -2.12874 -6.26929 -4.12475e-5 -3.67925 -6.21137 1.20294 -1.91024 -6.27036 0.308868 -3.6621 -6.29261 0.520376 -3.67454 -6.28693 1.22943 -1.4532 -6.27712 0.960497 -3.67957 -6.26735 1.26622 -3.61041 -6.27474 1.20599 -3.30262 -6.29509 1.24255 -1.40257 -6.25904 1.07965 -3.00976 -6.29074 1.16544 -2.63413 -6.27524 -0.522781 -3.67332 -6.23075 1.19976 -1.76423 -6.24588 0.3699 -3.13584 -6.2954 0.309048 -3.07555 -6.29666 0.264848 -3.30309 -6.28504 0.400855 -2.97835 -6.27548 0.806618 -3.69726 -6.25924 1.28088 -3.563 -6.22103 1.1841 -3.20997 -6.28053 1.01523 -3.21149 -6.29317 0.586954 -3.10612 -6.27218 0.624288 -3.13598 -6.29005 0.599649 -3.01963 -6.28849 0.651465 -3.01085 -6.2592 0.622183 -2.97646 -6.28026 1.18077 -1.28459 -6.24387 1.11036 -2.87873 -6.23494 1.1537 -2.80044 -6.26941 1.16764 -2.4724 -6.27619 1.16922 -2.39763 -6.26105 -0.407347 -3.64929 -6.15324 0.440378 -3.62534 -6.18998 -0.138707 -3.12544 -6.27042 -0.167276 -3.06237 -6.28852 -0.204437 -3.17434 -6.26477 -0.0565223 -3.11597 -6.28172 0.116651 -3.10206 -6.27801 0.229193 -3.21414 -6.28074 0.224046 -3.29372 -6.27309 0.016564 -3.14784 -6.26667 1.20901 -1.16946 -6.25364 0.356364 -3.28481 -6.27612 0.400433 -3.16997 -6.28174 0.221409 -2.95095 -6.26622 0.0591945 -3.00073 -6.27266 -0.24877 -2.95669 -6.27448 -0.196173 -2.82283 -6.27815 -0.220169 -2.75505 -6.28054 -0.196791 -3.0093 -6.28511 0.0108136 -2.61403 -6.27674 -0.153094 -2.59314 -6.27469 -0.228829 -2.64694 -6.26914 -0.0678364 -2.41001 -6.27222 0.0805068 -2.93087 -6.26976 -0.0432345 -2.88865 -6.27688 0.097227 -2.77518 -6.27848 0.374553 -2.88205 -6.27185 0.102038 -2.62902 -6.27967 0.0768574 -2.40017 -6.27766 0.131419 -2.43415 -6.25614 0.643745 -3.6537 -6.18989 0.908974 -3.65818 -6.22613 0.839812 -3.16143 -6.27583 0.953795 -3.28919 -6.28346 0.895125 -3.32294 -6.26286 0.906313 -3.10097 -6.28676 1.11312 -3.32757 -6.259 0.968488 -2.95224 -6.2799 0.893958 -3.01693 -6.26178 1.05945 -2.96306 -6.27289 0.91364 -2.81586 -6.27389 0.866972 -2.70856 -6.25517 0.847729 -2.88313 -6.28382 0.685263 -3.08409 -6.20149 0.582292 -2.93307 -6.24836 0.60562 -2.78206 -6.25392 0.654621 -2.8135 -6.24117 -0.26452 -3.12323 -6.25783 0.292178 -2.87049 -6.2537 0.354356 -2.82325 -6.23999 0.390803 -2.83213 -6.26024 0.367446 -2.71575 -6.26137 0.330681 -2.7792 -6.25292 0.0907902 -1.94455 -6.2632 0.0277791 -1.90326 -6.25707 0.0210527 -2.01026 -6.25159 -0.0260325 -2.19684 -6.25609 0.101643 -2.12435 -6.26308 0.0394944 -2.10317 -6.25441 -0.233066 -3.17038 -6.23226 0.560703 -3.03952 -6.23097 0.648985 -2.73379 -6.22321 1.1129 -2.57282 -6.191 1.14702 -2.26283 -6.2106 1.16063 -2.11546 -6.19719 -0.468173 -1.83998 -6.25461 -0.383828 -1.80847 -6.26455 -0.282705 -1.83774 -6.25694 -0.136317 -1.77048 -6.269 -0.174724 -1.68354 -6.27496 0.000356466 -1.74497 -6.25864 -0.0568843 -1.82072 -6.2529 0.0810273 -1.77783 -6.25481 0.0942791 -1.51833 -6.25376 0.173376 -3.66376 -6.20289 0.272574 -3.6625 -6.23866 0.157148 -3.19978 -6.24627 -0.0466209 -3.17281 -6.2407 0.430172 -3.19907 -6.21552 -0.260751 -2.75143 -6.24177 -0.299244 -3.0166 -6.20595 -0.206895 -2.55841 -6.25165 0.190301 -2.8483 -6.21822 0.13133 -2.70238 -6.25309 1.17409 -1.89513 -6.1983 1.1638 -1.52734 -6.22459 -0.158586 -2.3946 -6.2548 -0.107979 -2.22459 -6.2385 0.104221 -2.28924 -6.28083 0.132824 -2.32208 -6.2524 1.03704 -3.65416 -6.19399 0.612843 -3.22847 -6.26019 0.662978 -3.18791 -6.2342 0.799667 -3.18175 -6.2351 0.816478 -2.92747 -6.22339 0.958482 -2.83555 -6.23929 0.822161 -2.8431 -6.23297 0.88694 -2.76625 -6.23707 0.934259 -2.77821 -6.23098 -0.529044 -1.85468 -6.2122 0.794076 -3.03191 -6.20929 0.550646 -2.95457 -6.20029 0.415164 -2.79586 -6.17901 0.895942 -2.664 -6.23375 -0.0121264 -2.19087 -6.22466 0.0117324 -2.0009 -6.21108 1.14378 -1.4076 -6.22053 1.10659 -1.26561 -6.21151 -0.617081 -3.65853 -6.23129 -0.13494 -3.17451 -6.19478 0.254449 -3.39443 -6.17175 -0.280864 -2.6678 -6.20755 0.450249 -3.03852 -6.17001 0.283992 -2.82831 -6.22567 -0.212704 -2.46786 -6.20644 0.144252 -2.09505 -6.20542 0.12689 -1.9567 -6.23743 1.10828 -3.66001 -6.1997 1.21079 -3.63058 -6.21079 0.870468 -3.32534 -6.21507 1.25062 -3.44882 -6.21104 1.13299 -3.38565 -6.17372 1.20959 -3.39002 -6.19873 0.854918 -2.85708 -6.20708 1.05187 -2.87257 -6.20153 1.06878 -2.66236 -6.17263 -0.335329 -1.84723 -6.22221 -0.143289 -1.88486 -6.23493 -0.0151763 -1.96727 -6.21351 0.122385 -1.73125 -6.23251 0.135999 -1.54038 -6.23482 0.833505 -2.72913 -6.20982 0.872299 -2.61177 -6.18854 -0.136462 -2.20302 -6.21499 -0.175388 -2.33454 -6.2072 0.990713 -2.81973 -6.19668 0.53507 -3.19904 -6.1828 1.16394 -1.62758 -6.19733 1.13238 -1.13907 -6.22969 1.04361 -1.11352 -6.2252 -0.219801 -3.66969 -6.1636 0.323109 -3.60742 -6.16755 0.528044 -3.65869 -6.2068 0.146224 -3.26255 -6.17133 0.189263 -3.36711 -6.1725 0.364533 -3.37415 -6.1615 0.162911 -2.4416 -6.1901 0.775183 -3.63792 -6.21445 0.974548 -3.64523 -6.17709 0.98366 -3.37118 -6.16133 1.06267 -2.76994 -6.18739 1.09514 -2.44738 -6.15694 -0.406622 -1.84824 -6.19477 -0.115952 -2.08073 -6.2077 -0.0671697 -2.11987 -6.2357 -0.0408046 -2.0965 -6.16443 -0.0894753 -1.9528 -6.19817 0.302852 -2.66922 -6.13946 0.385565 -2.71096 -6.19224 0.875614 -2.70296 -6.1783 0.6228 -3.26772 -6.21533 -0.28639 -3.16781 -6.16724 -0.310065 -3.10136 -6.18166 -0.251762 -2.52268 -6.12199 0.248329 -2.80868 -6.18751 -0.0765898 -2.15206 -6.11279 0.178326 -2.21423 -6.13336 0.596988 -3.60497 -6.14915 0.768048 -3.08448 -6.1841 0.684123 -2.83532 -6.16197 1.11005 -2.25679 -6.1346 -0.230315 -1.88103 -6.18301 -0.141405 -1.91405 -6.18233 1.0913 -1.33751 -6.18632 0.824453 -2.77106 -6.17599 -0.0817111 -2.22208 -6.16314 0.653007 -2.67456 -6.19144 0.638094 -2.7158 -6.16364 0.63818 -2.52538 -6.19743 0.595554 -2.68067 -6.16641 1.20329 -3.50841 -6.15091 0.219879 -3.57207 -6.14189 0.514705 -3.60995 -6.15127 0.028296 -3.21358 -6.15144 -0.0668145 -3.24904 -6.13389 0.419968 -3.32432 -6.14094 0.479927 -3.17627 -6.18348 -0.301925 -2.78933 -6.14993 0.444003 -2.91016 -6.16577 0.234497 -2.69566 -6.16216 0.211881 -2.57488 -6.15794 0.779346 -3.61954 -6.17567 0.703673 -3.24749 -6.17846 0.769519 -3.22274 -6.17956 0.851511 -3.38252 -6.13758 0.731615 -3.1619 -6.18145 0.75421 -2.93106 -6.15039 1.17447 -3.58318 -6.15798 0.506514 -2.88641 -6.14797 0.556238 -2.85512 -6.19521 0.947096 -2.649 -6.14822 -0.750967 -1.83768 -6.18743 0.165436 -1.75689 -6.12957 0.161424 -1.55624 -6.15901 1.14038 -1.97891 -6.13863 1.06978 -1.37633 -6.08137 -0.514377 -3.61582 -6.14162 0.696976 -2.66706 -6.10042 -0.0847074 -2.0668 -6.10056 0.598288 -2.59802 -6.14101 1.20894 -3.43882 -6.14235 -0.020524 -1.89827 -6.12857 -0.702835 -3.60829 -6.13718 0.0561171 -3.63952 -6.16196 0.194533 -3.44266 -6.13672 0.0909951 -3.32245 -6.11235 -0.0300801 -2.05858 -6.13849 0.161799 -1.94016 -6.13735 1.01483 -2.73472 -6.16561 0.835414 -2.64677 -6.14033 -0.599354 -1.84644 -6.15319 -0.369703 -1.81276 -6.03277 -0.274918 -1.83999 -6.09467 -0.0824887 -1.85697 -6.06728 1.15884 -1.61674 -6.14838 1.08897 -1.55914 -6.06551 1.03304 -1.1511 -6.16545 1.1129 -3.44084 -6.15226 0.352935 -2.59278 -6.13905 0.423427 -2.71947 -6.13745 0.753528 -2.80248 -6.1191 -0.0344207 -3.63181 -6.13997 -0.22963 -3.21675 -6.1161 0.330756 -3.50125 -6.13672 0.462914 -3.5813 -6.15839 0.478855 -3.33354 -6.12026 -0.338116 -3 -6.10773 -0.310557 -2.65469 -6.09897 -0.235216 -2.41008 -6.08218 0.746265 -3.56899 -6.14255 0.862026 -3.59878 -6.1615 1.00194 -3.54638 -6.14602 1.08042 -3.55631 -6.15885 0.557161 -3.32466 -6.12954 0.740419 -3.36176 -6.10694 0.951102 -2.54417 -6.11231 1.11981 -2.04863 -6.12376 1.11866 -2.14465 -6.11764 0.214143 -1.42146 -6.1016 1.13248 -1.57407 -6.1394 -0.607039 -3.55523 -6.09397 0.654439 -2.4966 -6.16687 0.614423 -2.42778 -6.10422 0.53525 -2.669 -6.10657 0.526372 -2.75867 -6.11743 -0.258839 -3.62817 -6.12784 1.13446 -1.75646 -6.12098 -0.403481 -3.17045 -6.05946 0.0649579 -3.52129 -6.12387 0.13607 -3.38904 -6.13243 0.409451 -3.45409 -6.12149 0.506423 -3.46635 -6.11839 0.4682 -2.7392 -6.11283 -0.19255 -2.3046 -6.03051 0.217101 -2.04932 -6.07074 0.631732 -3.51943 -6.13248 0.688041 -3.51258 -6.14329 0.600307 -3.4169 -6.11172 0.821182 -3.46715 -6.12255 0.956203 -3.44854 -6.14043 0.509223 -2.56996 -6.05154 0.684242 -2.59114 -6.09302 0.807502 -2.56823 -6.05522 0.873428 -2.52298 -6.13386 -0.763172 -1.83777 -6.0846 -0.134767 -2.18905 -6.13829 1.01974 -1.24872 -6.06215 0.954696 -1.17439 -6.03764 -0.430168 -3.59884 -6.11099 -0.144394 -3.57342 -6.1163 -0.0408338 -3.44625 -6.11343 -0.2451 -3.36879 -6.13811 -0.187891 -3.4488 -6.10559 -0.0529944 -3.37817 -6.12017 -0.22394 -3.30624 -6.10267 -0.0656936 -3.30541 -6.11245 0.0323453 -3.36351 -6.13213 0.132481 -3.4447 -6.12117 0.291799 -2.51171 -6.10376 0.427693 -2.61289 -6.09425 0.748482 -3.42644 -6.09908 0.649635 -3.39485 -6.10614 0.807789 -3.39107 -6.11316 0.773796 -2.70535 -6.07786 1.002 -2.3716 -6.08079 1.03336 -2.25456 -6.06828 -0.690379 -1.8214 -6.07888 -0.194776 -1.87005 -6.0608 -0.128366 -2.14436 -6.10225 0.665971 -2.44522 -6.10063 -0.447245 -3.3665 -6.10283 -0.285315 -3.43342 -6.1041 0.528315 -2.44647 -6.02916 0.880049 -2.33579 -6.06066 0.829753 -2.43041 -6.05043 1.07577 -1.93804 -6.063 -0.465847 -1.80472 -6.01267 -0.0437568 -1.89571 -6.06814 -0.76423 -3.32171 -6.11513 -0.700732 -3.41316 -6.07647 -0.683307 -3.36528 -6.07701 -0.434136 -3.55291 -6.09973 1.02772 -1.32413 -6.07095 -0.19418 -3.25869 -6.10426 -0.3433 -2.7509 -6.07853 0.369399 -2.48204 -6.10868 0.261869 -2.19633 -6.04776 -0.0975779 -2.16421 -6.05663 0.637641 -2.30954 -6.09802 0.603878 -2.30203 -6.07651 0.935081 -2.35233 -6.05724 0.205344 -1.89229 -6.07399 0.261356 -1.41714 -6.0459 -0.585271 -3.3703 -6.11057 -0.557465 -3.42862 -6.08742 1.05502 -1.71831 -6.02562 -0.487759 -3.26539 -6.02001 -0.0994856 -1.96346 -6.04722 0.307336 -2.38389 -6.06469 0.23 -1.68807 -6.04403 0.556294 -2.2492 -6.01022 0.623408 -2.18356 -6.08273 -0.316199 -2.49659 -6.03068 0.370029 -2.39249 -6.06113 0.423431 -2.44211 -6.04688 0.716343 -2.46166 -6.04771 0.930888 -2.14868 -6.00933 1.02224 -2.01481 -6.02583 1.01403 -1.45778 -6.01236 -0.690381 -3.30213 -6.04759 -0.62155 -3.27721 -6.04392 0.949143 -1.13717 -6.03775 -0.409069 -3.23662 -6.03507 -0.439402 -3.14399 -6.02455 -0.384599 -3.03053 -6.06243 -0.396075 -2.88286 -6.03496 -0.318676 -2.59304 -6.0526 0.326784 -2.23115 -6.01672 0.731496 -2.36182 -6.0264 0.601164 -2.09785 -6.0238 0.707837 -2.08174 -6.00776 -0.652413 -1.84248 -5.99491 -0.564674 -1.80206 -5.90927 -0.723366 -3.23215 -6.05205 0.838669 -2.09492 -6.00351 -0.292081 -1.82872 -5.97715 -0.171675 -1.87056 -5.98673 -0.445388 -3.06416 -6.00314 0.999285 -1.89016 -6.01465 -0.776603 -2.17626 -5.9591 -0.445631 -2.91089 -6.01623 -0.398806 -2.63369 -6.00846 -0.283729 -2.44353 -6.00646 0.377013 -2.27031 -6.0235 0.447709 -2.33383 -6.00942 0.794438 -2.21212 -6.00954 -0.584029 -3.1547 -6.01622 -0.78831 -3.05594 -5.98776 -0.735046 -3.04512 -5.99601 -0.646227 -3.07667 -5.99777 0.302317 -1.58759 -5.99123 -0.714096 -1.99654 -5.97963 0.973025 -1.39171 -6.01092 -0.227314 -2.38606 -6.00397 -0.0955716 -2.13464 -5.97114 -0.12213 -2.03159 -5.99671 0.300678 -2.0116 -6.00342 0.28618 -1.76907 -6.00033 -0.649467 -1.90922 -5.94861 -0.139887 -1.88538 -5.99283 0.542106 -1.16033 -5.99047 0.43346 -1.33465 -5.98082 0.989822 -1.77572 -5.99214 -0.724033 -2.41881 -5.98853 -0.692282 -2.36028 -5.96526 -0.478634 -2.73332 -5.9832 0.854165 -1.32952 -5.97473 0.817274 -1.18017 -5.99299 0.771009 -1.12569 -5.97125 -0.475179 -2.5192 -5.97215 -0.113425 -2.21776 -5.96422 0.518667 -2.19086 -5.98566 0.418636 -2.11431 -5.99156 0.366843 -2.05491 -5.98004 0.621352 -2.05662 -5.9875 0.926429 -2.03172 -6.00237 -0.158429 -1.94081 -5.969 0.377227 -1.70641 -5.95886 0.902534 -1.90331 -5.97714 0.97314 -1.62516 -5.98129 0.914787 -1.50302 -5.9771 -0.32844 -2.4589 -5.96633 -0.166228 -2.33003 -5.91989 0.4948 -2.05018 -5.9878 0.758513 -2.00246 -5.97093 -0.520868 -2.96435 -5.98756 -0.651044 -2.89169 -5.96511 0.428432 -1.77573 -5.95031 -0.754065 -2.88348 -5.97487 -0.682691 -2.811 -5.95959 -0.561966 -2.69139 -5.96711 -0.634945 -2.45703 -5.96027 0.864998 -1.75542 -5.95956 0.813055 -1.46358 -5.95147 0.566968 -1.30414 -5.95718 -0.47058 -2.46974 -5.94808 -0.231338 -2.43287 -5.90278 0.452849 -2.00174 -5.96012 0.639026 -1.94653 -5.96349 -0.262788 -1.80855 -5.90706 0.735726 -1.36135 -5.946 -0.571148 -2.47627 -5.95281 -0.145012 -2.07759 -5.93269 0.425366 -1.49039 -5.95643 0.504852 -1.61847 -5.93748 0.594189 -1.70346 -5.93997 0.748603 -1.66465 -5.94021 0.60863 -1.38503 -5.93954 -0.485097 -1.78758 -5.88148 -0.368466 -1.79181 -5.87692 -0.201269 -1.95893 -5.8717 -0.274664 -1.88853 -5.88652 -0.595618 -2.44594 -5.90709 -0.684303 -2.20175 -5.8977 -0.683299 -2.03245 -5.92107 -0.274417 -2.45991 -5.85255 -0.134312 -2.18955 -5.91915 -0.569461 -1.87723 -5.88871 0.71411 -1.5187 -5.93481 -0.635784 -1.94582 -5.88934 -0.685575 -2.33479 -5.86864 -0.439807 -2.45491 -5.85391 -0.229637 -2.38761 -5.84783 -0.226392 -2.23884 -5.86688 -0.188408 -2.09939 -5.88264 -0.47816 -1.8578 -5.85187 -0.609221 -2.41744 -5.8252 -0.534061 -2.47125 -5.83768 -0.375895 -1.86802 -5.85268 -0.624068 -1.94364 -5.81363 -0.624004 -2.29485 -5.84209 -0.323808 -2.36111 -5.81994 -0.207094 -2.16057 -5.79561 -0.657715 -2.15287 -5.79682 -0.425327 -2.43216 -5.8228 -0.291717 -2.41556 -5.8229 -0.536899 -2.43366 -5.80219 -0.521473 -2.34712 -5.80911 -0.626118 -2.01792 -5.75231 -0.297958 -2.30281 -5.78744 -0.25774 -2.22261 -5.71049 -0.202562 -1.99013 -5.77333 -0.487829 -2.33326 -5.78864 -0.365661 -2.33521 -5.78909 -0.481387 -1.88872 -5.75533 -0.281511 -1.90937 -5.76758 -0.229115 -1.94657 -5.75595 -0.5703 -2.27194 -5.74614 -0.56991 -1.92342 -5.76153 -0.351306 -1.90948 -5.7143 -0.238307 -2.05268 -5.70944 -0.268911 -2.15779 -5.58492 -0.389047 -2.32048 -5.63888 -0.289178 -1.98447 -5.72137 -0.503694 -2.30249 -5.7093 -0.578415 -2.02689 -5.69554 -0.539091 -2.25554 -5.64331 -0.321757 -2.30949 -5.67058 -0.340808 -1.98712 -5.63639 -0.449565 -1.95943 -5.6354 -0.578148 -2.1549 -5.65633 -0.388982 -1.94068 -5.66568 -0.264098 -2.10426 -5.57527 -0.489343 -2.29883 -5.61088 -0.53581 -2.15481 -5.56861 -0.578295 -2.06767 -5.62582 -0.529136 -2.02161 -5.58683 -0.305048 -2.04244 -5.56122 -0.428714 -1.96879 -5.5918 -0.372295 -2.02351 -5.53167 -0.383696 -2.28512 -5.59185 -0.448596 -2.12079 -5.52375 -0.355773 -2.13252 -5.53179 -0.509558 -2.04246 -5.54026 -2.73834 4.11362 -6.68456 -2.73101 4.07464 -6.6928 -2.96328 4.10109 -6.66947 -2.57353 4.09868 -6.68575 -3.36573 4.09249 -6.66689 -3.18215 4.12138 -6.67568 -3.27374 3.93735 -6.65126 -3.10916 4.0217 -6.67748 -3.0747 4.13176 -6.67509 -3.02181 4.12696 -6.6538 -2.54161 4.11899 -6.66339 -2.71208 4.12652 -6.645 -2.98322 3.88228 -6.67086 -3.14642 3.92056 -6.66653 -2.90026 3.92075 -6.6807 -2.90803 3.73509 -6.65862 -2.75237 3.73254 -6.66186 -3.02887 3.55891 -6.65944 -2.76457 3.8839 -6.67534 -2.67327 3.8656 -6.66548 -2.54692 3.85423 -6.67117 -2.36569 3.88801 -6.6756 -3.16014 3.58113 -6.65652 -3.34373 3.58201 -6.64872 -3.21812 3.71271 -6.65667 -3.32508 3.82071 -6.64622 -3.45 3.91231 -6.65272 -3.0358 3.70686 -6.65823 -3.68838 4.06977 -6.65435 -3.87614 4.0252 -6.63919 -3.81341 4.12818 -6.65016 -3.6596 4.1146 -6.64493 -3.57089 4.08552 -6.66297 -3.6128 4.12373 -6.62778 -3.47729 4.0287 -6.63985 -3.47332 4.11492 -6.66161 -3.38328 4.12754 -6.65105 -2.83842 4.12671 -6.63807 -4.04898 3.98922 -6.64277 -3.89444 4.12339 -6.65899 -4.10307 4.09733 -6.66172 -4.11388 4.13368 -6.63288 -3.87674 4.1444 -6.63616 -3.5499 3.355 -6.64845 -3.66818 3.30641 -6.65143 -3.68388 3.57171 -6.63916 -4.26999 4.07643 -6.63788 -4.39566 4.14227 -6.62298 -4.25844 4.13799 -6.61697 -3.64365 3.73072 -6.62944 -3.50787 3.55221 -6.64125 -3.43861 3.66604 -6.63644 -3.63753 3.8964 -6.642 -3.76964 4.01724 -6.64074 -3.58531 3.97543 -6.63275 -3.17487 4.13706 -6.61639 -2.59482 4.1118 -6.46638 -3.91822 3.30869 -6.64633 -3.98114 3.49894 -6.63108 -3.83526 3.62349 -6.6275 -3.99413 3.90633 -6.61185 -3.84883 3.91788 -6.63631 -3.85171 3.76441 -6.63299 -4.16096 3.91079 -6.62102 -3.79062 4.12345 -6.56977 -4.13979 3.12221 -6.62688 -4.0131 3.25833 -6.64502 -4.2013 3.32902 -6.61517 -4.48848 2.75788 -6.60988 -4.39919 2.72251 -6.62601 -4.45932 2.88509 -6.6131 -4.27113 2.9918 -6.60644 -4.23262 2.83599 -6.61722 -4.02621 3.68034 -6.62185 -4.32534 3.94839 -6.61139 -4.02368 3.79802 -6.61522 -4.41368 4.08891 -6.60444 -3.02353 4.10704 -6.56624 -4.49911 2.94188 -6.60967 -4.43945 3.0577 -6.60325 -4.44777 3.23077 -6.5967 -4.36792 3.31552 -6.60521 -4.24132 3.21919 -6.60764 -4.43842 3.35967 -6.58853 -4.26486 3.48813 -6.59658 -4.13951 3.46765 -6.61704 -4.34097 3.55088 -6.58748 -4.4423 3.56082 -6.60014 -4.43372 3.72833 -6.60853 -4.48106 3.72393 -6.59838 -4.4598 3.90289 -6.62235 -4.36456 3.87499 -6.60429 -4.48118 3.86929 -6.59206 -4.42361 3.94374 -6.59787 -4.18254 3.56514 -6.61527 -4.31916 3.67088 -6.59473 -4.25418 3.80909 -6.6011 -4.17133 3.71036 -6.60493 -4.23085 3.71986 -6.58765 -3.98362 4.13038 -6.54916 -3.57509 4.12417 -6.49798 -2.87259 4.10751 -6.52175 -4.48351 3.9473 -6.55041 -4.4687 4.05803 -6.57563 -4.48872 2.88995 -6.54721 -4.4937 3.06821 -6.57107 -4.50083 3.14336 -6.56688 -4.46175 3.30644 -6.57176 -4.46495 3.4584 -6.57299 -4.36261 3.47163 -6.57374 -4.47063 3.56765 -6.57526 -4.33559 4.13106 -6.56174 -4.11067 4.12775 -6.53976 -3.46891 4.13275 -6.5605 -3.2668 4.12789 -6.55365 -4.5109 2.74534 -6.54855 -4.493 3.88374 -6.53641 -4.4063 4.1576 -6.55139 -4.28201 4.13992 -6.4862 -3.00696 4.10101 -6.49639 -4.49561 2.80682 -6.50505 -4.47355 3.28184 -6.5231 -4.47149 3.79571 -6.49208 -4.52637 2.63974 -6.51404 -4.50044 2.6996 -6.48237 -4.46777 3.44228 -6.40713 -4.47068 3.61676 -6.47947 -4.40298 4.13796 -6.46719 -3.84033 4.13325 -6.50979 -2.80161 4.10483 -6.41045 -4.47332 3.10074 -6.50829 -4.49043 2.95434 -6.45655 -4.48277 3.68788 -6.36155 -4.46743 3.88765 -6.43611 -4.45679 3.97359 -6.45269 -3.36776 4.12976 -6.48273 -4.52172 2.75624 -6.47184 -4.51833 2.53685 -6.43878 -4.47904 3.00813 -6.40941 -4.47044 3.32509 -6.40659 -4.45356 4.10791 -6.43766 -4.15289 4.12281 -6.3961 -4.48718 2.79089 -6.42567 -4.47073 3.1104 -6.39696 -4.46616 3.54694 -6.40605 -3.80908 4.11926 -6.42211 -3.72548 4.12593 -6.40713 -2.73767 4.10222 -6.39302 -3.95565 4.13473 -6.41485 -3.46696 4.11048 -6.42123 -3.28174 4.10708 -6.43706 -2.92232 4.09753 -6.39409 -4.50504 2.69334 -6.42082 -4.52062 2.87313 -6.418 -4.47655 3.2477 -6.39411 -4.48238 3.30824 -6.30032 -4.4535 4.01312 -6.38407 -4.44794 4.07836 -6.37115 -4.32877 4.13831 -6.3978 -3.62396 4.11144 -6.36388 -3.03316 4.10029 -6.35869 -4.49076 2.75278 -6.37122 -4.50382 2.95437 -6.37182 -4.40823 4.1457 -6.37994 -3.41133 4.10082 -6.3603 -4.48405 2.55829 -6.35347 -4.47353 3.4572 -6.31248 -4.19228 4.10278 -6.3254 -3.32832 4.0917 -6.35673 -4.49023 2.85539 -6.3007 -4.4655 3.80785 -6.32518 -4.45359 3.8547 -6.31334 -2.73138 4.09643 -6.31633 -2.63464 4.13066 -6.34111 -4.46423 3.19344 -6.29598 -4.47595 3.40231 -6.29805 -4.50594 3.51275 -6.29092 -4.46825 3.58778 -6.29747 -4.45084 3.94376 -6.29783 -4.30681 4.11427 -6.30718 -4.053 4.11317 -6.27395 -3.88921 4.11193 -6.31937 -3.72222 4.11397 -6.29023 -3.29309 4.07161 -6.27062 -4.47941 2.9454 -6.28559 -4.47526 3.08787 -6.32946 -4.48906 4.04619 -6.31522 -4.45131 4.10992 -6.25406 -3.22897 4.08929 -6.31594 -2.98277 4.11044 -6.29378 -2.84744 4.09857 -6.30616 -4.48417 2.51037 -6.27017 -4.49133 2.77741 -6.26938 -4.51048 3.71826 -6.31217 -4.50314 3.11966 -6.31437 -4.50173 3.21023 -6.2805 -4.49226 2.61107 -6.26793 -4.36545 4.11531 -6.2586 -3.49697 4.12283 -6.21828 -2.71605 4.14337 -6.27564 -4.46525 3.09521 -6.27063 -2.78332 4.12933 -6.29687 -2.62919 4.13585 -6.26436 -3.6611 4.10863 -6.23414 -3.03122 4.12749 -6.2518 -4.51237 3.05216 -6.24316 -4.51413 3.16791 -6.23421 -2.92182 4.12101 -6.23591 -2.83344 4.10525 -6.23471 -4.52234 2.9852 -6.25037 -4.4992 3.36626 -6.19607 -4.51048 3.56596 -6.23786 -4.50658 3.87403 -6.23903 -4.51923 3.69421 -6.22591 -4.47954 4.0785 -6.22602 -4.2359 4.11251 -6.24833 -3.22644 4.10472 -6.2188 -4.52142 2.77446 -6.23962 -4.52419 2.53408 -6.22656 -4.51996 2.62509 -6.23287 -4.52201 2.8719 -6.21725 -4.38153 4.12059 -6.18429 -4.29814 4.09823 -6.14518 -4.1521 4.09309 -6.19416 -3.72557 4.11586 -6.18026 -3.9179 4.11098 -6.18761 -3.3914 4.09723 -6.18252 -3.13008 4.08109 -6.17339 -2.68725 4.08631 -6.21804 -2.56819 4.09069 -6.20209 -3.18742 1.66127 -6.21547 -3.05074 1.75783 -6.21651 -2.96899 1.78512 -6.20229 -3.53514 2.1032 -6.20176 -3.49471 1.9544 -6.20177 -3.31088 2.02107 -6.21073 -3.06653 1.92807 -6.20364 -3.16446 1.90408 -6.2145 -3.14528 2.04496 -6.19764 -3.08804 2.00049 -6.19252 -4.51562 2.66484 -6.17111 -4.48322 3.00423 -6.15644 -4.48511 3.17482 -6.12839 -4.49979 3.80441 -6.15809 -4.4759 4.00872 -6.15532 -4.05197 4.09308 -6.15818 -2.8139 2.47126 -6.21573 -2.93206 2.57513 -6.21509 -2.86435 2.43747 -6.1969 -2.83194 2.64083 -6.20919 -2.72858 2.56383 -6.2093 -3.09003 2.77468 -6.19819 -2.90358 2.72319 -6.21096 -3.01521 4.08744 -6.18786 -2.85178 4.04727 -6.19477 -2.78807 4.05507 -6.19429 -2.63864 4.03177 -6.20334 -4.5115 2.31847 -6.16807 -4.50811 2.43795 -6.15765 -3.82369 2.02871 -6.19527 -2.89358 1.62974 -6.20116 -3.32216 2.18622 -6.20169 -3.17187 2.14053 -6.18421 -3.32515 2.66869 -6.18807 -3.39182 2.51338 -6.19179 -3.28069 2.42165 -6.19178 -3.10186 2.47985 -6.20546 -3.00795 2.49575 -6.19388 -3.03447 2.54828 -6.19844 -3.10303 2.59594 -6.18205 -2.92104 2.51531 -6.19828 -2.74564 2.65207 -6.17332 -3.0124 2.95856 -6.20055 -3.29148 2.87391 -6.18882 -2.69677 2.76848 -6.2147 -2.93839 3.11492 -6.20849 -3.10376 3.11202 -6.19951 -2.62133 2.71036 -6.19317 -3.59707 4.10726 -6.17002 -3.21068 4.09224 -6.1907 -2.66447 3.90416 -6.20445 -2.50708 4.07545 -6.20748 -3.91095 2.14737 -6.18217 -3.63345 1.97757 -6.20029 -3.58595 2.38756 -6.1826 -3.35401 2.40161 -6.19683 -3.24196 2.24477 -6.19376 -3.49767 2.48283 -6.18598 -3.30801 2.97721 -6.19434 -2.73877 2.95715 -6.22062 -3.30251 3.33315 -6.18085 -3.05315 3.3487 -6.1944 -2.74445 3.1691 -6.21738 -3.06761 3.53766 -6.1936 -2.776 3.52335 -6.21838 -3.28689 3.5138 -6.177 -3.24138 3.76788 -6.18403 -2.92193 3.71464 -6.19801 -3.0749 3.92532 -6.18509 -2.51345 3.72579 -6.21734 -2.93301 1.78556 -6.1144 -2.98548 1.87956 -6.12408 -3.02747 1.93475 -6.10353 -3.19049 2.35099 -6.16023 -3.2321 2.41923 -6.17913 -2.92919 2.21241 -6.13026 -2.86346 2.21254 -6.20315 -4.49453 2.56793 -6.1384 -4.48538 3.54891 -6.14357 -4.47952 3.70684 -6.12357 -4.43199 4.08012 -6.13622 -3.60488 2.55746 -6.18266 -3.60905 2.47443 -6.16158 -3.22158 2.58643 -6.16989 -3.4923 2.69608 -6.18502 -3.53292 2.7876 -6.17894 -2.92526 2.34037 -6.13512 -2.94203 2.45602 -6.1407 -3.43532 3.10251 -6.17734 -3.69349 3.17958 -6.16289 -3.61114 2.9617 -6.17033 -3.40946 3.88359 -6.17598 -3.45503 3.6661 -6.16557 -3.82969 4.0678 -6.15111 -3.2859 4.0565 -6.16463 -3.03639 1.99035 -6.11419 -3.08838 2.07283 -6.11212 -3.10463 2.13295 -6.12176 -3.1492 2.23416 -6.1239 -3.05986 2.36061 -6.16413 -4.49236 2.86305 -6.15593 -4.45017 2.96359 -6.11943 -4.49875 3.61836 -6.13103 -4.16713 4.0679 -6.14178 -3.83335 2.39166 -6.17327 -3.84799 2.48543 -6.16914 -3.76049 2.91307 -6.16478 -3.92702 2.96127 -6.15429 -3.85414 3.14615 -6.15031 -3.74949 3.2813 -6.15535 -3.70267 3.92669 -6.15566 -3.41277 4.03914 -6.16751 -3.77669 2.2448 -6.17666 -4.11169 2.21863 -6.1627 -4.03796 2.5018 -6.16032 -3.84338 2.5683 -6.1762 -3.91261 2.69776 -6.17134 -4.13091 2.71784 -6.15201 -3.925 2.81697 -6.16367 -3.67395 2.64783 -6.18459 -3.4636 3.56436 -6.16127 -3.79985 3.46061 -6.15262 -3.73081 3.67299 -6.15074 -3.57076 3.79944 -6.16597 -3.33542 3.62458 -6.17845 -3.88916 3.95329 -6.15449 -4.47422 2.4709 -6.13428 -3.05529 2.22954 -6.11431 -2.97586 2.34432 -6.12398 -2.9196 2.09213 -6.11805 -4.47844 2.68784 -6.13198 -4.44528 2.88447 -6.1274 -4.44867 3.08424 -6.13475 -4.46465 3.31906 -6.12727 -4.07979 3.17896 -6.14328 -4.2928 3.07908 -6.13741 -4.19781 2.96678 -6.13918 -4.23807 3.33671 -6.1435 -4.34954 3.22507 -6.13984 -3.98339 3.34984 -6.1431 -4.21605 3.47394 -6.14228 -4.47212 3.81708 -6.1253 -4.41101 3.94837 -6.12479 -4.25974 3.76496 -6.14551 -4.19624 3.62102 -6.14995 -4.15588 3.77147 -6.14184 -4.39353 3.60565 -6.13719 -4.19732 3.91502 -6.1399 -4.35397 4.01978 -6.12863 -4.0848 3.90677 -6.15096 -4.34084 2.20784 -6.14482 -4.39818 2.3772 -6.13236 -4.417 2.52383 -6.13391 -4.40884 2.78135 -6.13025 -4.29802 2.88209 -6.13215 -4.44214 3.51588 -6.12819 -3.93938 3.46062 -6.14803 -3.99666 3.63321 -6.14601 -2.8843 2.04981 -6.11455 -2.93947 1.96185 -6.08603 -2.96789 2.11622 -6.09868 -1.56776 4.02044 -6.68788 -1.72355 3.89437 -6.68152 -1.71393 4.0339 -6.70251 -2.48048 4.12293 -6.67329 -2.49237 4.08295 -6.68768 -1.92291 4.10683 -6.66818 -1.85116 4.06495 -6.70293 -2.00113 4.01703 -6.67634 -1.74526 4.0741 -6.68597 -1.8104 4.10352 -6.6653 -1.65238 4.06565 -6.68757 -1.44017 4.03194 -6.68043 -1.42722 3.97762 -6.68424 -1.33173 4.01011 -6.68371 -2.25142 4.0091 -6.67832 -2.29594 3.84873 -6.67696 -2.11211 3.64831 -6.67985 -2.05988 3.74482 -6.67719 -1.96369 3.69715 -6.68094 -1.74807 3.70402 -6.67157 -1.77198 3.44215 -6.67961 -1.52451 3.52159 -6.6789 -2.1601 3.89726 -6.65354 -2.08113 3.86543 -6.66402 -2.16215 4.08494 -6.68022 -1.91005 3.8737 -6.6685 -2.30756 4.07784 -6.67916 -2.39497 4.11139 -6.65231 -2.00648 4.09643 -6.62698 -2.09252 4.10798 -6.69066 -1.23967 3.13689 -6.67244 -1.41698 3.21745 -6.68275 -1.58256 3.25691 -6.66646 -1.42142 3.28297 -6.6794 -1.56714 3.40664 -6.67989 -1.29848 3.3457 -6.67193 -1.20518 3.23986 -6.67469 -1.17078 3.37176 -6.65501 -1.49327 3.6202 -6.66732 -1.35863 3.62177 -6.65625 -1.51076 3.74171 -6.66702 -1.34425 3.7379 -6.65186 -1.2924 3.87207 -6.64713 -1.46558 4.05548 -6.64076 -1.37899 4.07154 -6.64536 -1.2808 4.04314 -6.65367 -1.87071 3.77991 -6.6681 -1.44738 3.86411 -6.67023 -2.14613 4.11419 -6.54278 -1.00145 2.92781 -6.64179 -1.05545 3.06494 -6.62662 -1.05504 3.1892 -6.62622 -1.19101 3.62038 -6.63833 -1.23377 3.93762 -6.62351 -1.86441 4.09607 -6.55327 -0.876874 3.01285 -6.62536 -1.18071 3.74978 -6.61844 -1.5872 4.06399 -6.59616 -1.19839 4.00146 -6.54599 -0.746594 2.92834 -6.60896 -0.971626 3.23928 -6.60583 -1.08541 3.45252 -6.6058 -1.08397 3.62656 -6.59613 -1.17225 3.93459 -6.59011 -1.10333 3.81167 -6.59573 -1.27389 4.05106 -6.50701 -0.602174 2.88287 -6.60999 -0.448674 2.74904 -6.60698 -0.723127 3.06332 -6.59832 -0.54105 3.07654 -6.59242 -0.917463 3.41123 -6.58628 -1.96839 4.0992 -6.5526 -0.629298 3.14041 -6.58182 -0.31016 3.271 -6.58413 -0.377037 3.17805 -6.58259 -0.518385 3.2473 -6.58859 -0.358124 3.41138 -6.58343 -0.209891 3.36263 -6.57634 -1.00326 3.95146 -6.58778 -0.957476 3.77832 -6.57826 -0.468918 4.0277 -6.57401 -0.605046 3.99365 -6.58601 -0.582241 4.05091 -6.57785 -0.343267 3.96567 -6.57238 -0.452326 3.97643 -6.58775 -2.42629 4.1127 -6.51233 -2.28042 4.11493 -6.52959 -1.71219 4.08789 -6.54441 -0.388681 3.54779 -6.56542 -1.03045 3.99733 -6.51545 -0.864129 3.96638 -6.56588 -0.810574 3.86496 -6.5555 -0.888206 4.00681 -6.554 -0.693794 3.89975 -6.55335 -0.771445 4.04805 -6.58108 -0.595961 3.90041 -6.5582 -0.522223 3.91084 -6.54134 -0.842057 4.06533 -6.56248 -0.647346 4.06947 -6.55631 -0.356636 3.84055 -6.53293 -0.124284 3.91087 -6.55504 -0.274616 3.90435 -6.57261 -0.190391 4.03715 -6.56947 -0.0148401 3.92143 -6.5515 -0.101388 4.0476 -6.56774 -0.705244 3.29058 -6.56393 -0.534201 3.41829 -6.57718 -0.85226 3.61143 -6.58054 -0.672278 3.52165 -6.56704 -0.58438 3.65265 -6.54722 -0.302551 3.60893 -6.56286 -0.156274 3.72901 -6.54908 -1.47072 4.06564 -6.5111 -0.387372 3.68439 -6.56123 -0.50255 3.74505 -6.55022 -0.325377 3.76125 -6.55993 -0.436893 3.84002 -6.52575 -0.343467 4.01009 -6.52711 -0.377124 3.82065 -6.50599 -0.505447 4.04929 -6.46642 -0.141637 4.05565 -6.49703 -0.373395 4.04134 -6.42591 -2.14076 4.09946 -6.46605 -1.67686 4.08441 -6.49275 -1.5545 4.09163 -6.43495 -1.42147 4.07118 -6.46819 -1.20252 4.07212 -6.44883 -0.898422 4.0203 -6.44029 -0.85827 4.04868 -6.4371 -0.788648 4.06089 -6.41757 -0.220953 4.04239 -6.41418 -1.89384 4.08208 -6.36589 -0.612966 4.05673 -6.41156 -1.32271 4.05408 -6.43233 -1.01322 4.05157 -6.40346 -1.73954 4.07387 -6.43246 -1.2833 4.08948 -6.42291 -1.83281 4.09348 -6.39325 -1.223 2.44132 -6.43127 -1.19111 2.4403 -6.42716 -1.25858 2.54154 -6.42751 -1.46254 4.05805 -6.41535 -2.52643 4.10434 -6.34819 -2.14826 4.09891 -6.35974 -1.97467 4.08342 -6.30752 -0.477955 4.05466 -6.38534 -2.36453 4.09305 -6.34155 -1.21827 2.52939 -6.39733 -1.28217 2.4851 -6.39292 -1.24176 2.64497 -6.42792 -1.3124 2.66222 -6.37408 -1.52922 4.07991 -6.36661 -1.3332 4.07301 -6.36022 -1.72022 4.08745 -6.36761 -1.30683 2.72682 -6.38373 -0.91379 4.04864 -6.34784 -0.841527 4.04329 -6.30846 -2.42103 4.10622 -6.34117 -2.23796 4.10218 -6.33182 -1.25158 2.74105 -6.35139 -1.20196 2.37201 -6.34036 -1.25342 2.37184 -6.33146 -1.20032 2.58303 -6.34647 -1.242 2.6454 -6.35244 -1.64067 4.06929 -6.35914 -1.26705 4.06798 -6.35112 -1.12143 4.05735 -6.32486 -0.588124 4.03994 -6.32591 -0.745674 4.0323 -6.29309 -1.29844 4.11432 -6.31311 -1.33023 2.43598 -6.31342 -1.3904 2.61916 -6.3289 -1.5036 4.09024 -6.27389 -0.528834 4.05059 -6.30005 -0.371591 4.03421 -6.29322 -0.284247 4.02279 -6.27891 -1.3683 2.4592 -6.33964 -1.19697 2.63346 -6.30508 -1.38264 2.78549 -6.31264 -1.2957 2.83167 -6.34426 -1.57092 4.09083 -6.30063 -1.38552 4.05431 -6.30514 -1.18677 4.06821 -6.28995 -1.3137 4.04837 -6.31227 -1.33264 4.09503 -6.28289 -1.38188 2.44122 -6.22789 -1.41796 2.49172 -6.2961 -1.14133 2.38608 -6.29211 -1.15669 2.46086 -6.29864 -1.41876 2.71576 -6.29127 -1.20584 2.80338 -6.32413 -1.43434 4.05734 -6.23585 -2.547 4.14163 -6.2996 -2.18006 4.13094 -6.30116 -1.18377 2.31562 -6.30126 -1.90006 4.12201 -6.28885 -0.969679 4.08284 -6.30488 -0.879461 4.09466 -6.32024 -2.35006 4.12704 -6.29723 -1.81717 4.09248 -6.27147 -1.26339 2.34193 -6.28281 -1.35383 2.8411 -6.28256 -1.18888 2.9139 -6.31432 -1.10372 4.09742 -6.30671 -2.034 4.12179 -6.26661 -0.946798 4.09888 -6.24019 -1.69201 4.0802 -6.2542 -1.4187 2.63193 -6.26458 -1.12717 2.50716 -6.26309 -1.29092 2.94057 -6.27747 -1.13727 2.82689 -6.26866 -1.21528 3.04421 -6.25703 -0.684704 4.08884 -6.29427 -0.632878 4.06564 -6.29998 -0.73656 4.10469 -6.26982 -0.571717 4.09623 -6.29324 -0.384819 4.08924 -6.28222 -0.285368 4.08714 -6.26365 -0.185702 4.02369 -6.25655 -1.74502 4.05551 -6.2121 -2.48931 4.13135 -6.24325 -2.3048 4.13043 -6.24414 -1.13646 2.30487 -6.26836 -1.04918 2.38065 -6.26574 -1.42782 2.57845 -6.23112 -1.10582 2.44613 -6.24544 -1.09462 2.6876 -6.27176 -1.15241 2.95323 -6.26398 -1.7898 4.11758 -6.21224 -2.18921 4.10515 -6.22553 -1.40795 2.49935 -6.22058 -1.33855 2.85547 -6.22505 -0.963486 2.34063 -6.23958 -0.950274 2.43612 -6.26191 -0.837622 2.39257 -6.25641 -0.82125 2.46942 -6.25426 -0.963493 2.82843 -6.26015 -1.27099 3.00406 -6.24944 -1.58466 4.08703 -6.20039 -1.266 4.07114 -6.2205 -1.17242 4.09553 -6.22999 -0.607493 4.09823 -6.2331 -0.141365 4.09213 -6.26246 -0.0590325 4.05056 -6.25398 -0.836803 2.5688 -6.26042 -0.738038 2.62523 -6.2598 -0.715549 2.86514 -6.25016 -0.555639 2.59708 -6.25486 -0.566876 2.77971 -6.25268 -1.16628 3.38579 -6.23036 -1.26249 3.45165 -6.26107 -1.22307 3.36803 -6.24603 -1.24949 3.54915 -6.24305 -1.10804 3.43989 -6.22513 -1.33887 4.07757 -6.21369 -1.27308 3.45977 -6.23636 -1.23842 2.23821 -6.22379 -1.20477 2.15145 -6.22195 -1.11869 2.20638 -6.21838 -1.04711 2.20756 -6.21847 -0.975413 2.26757 -6.25078 -0.499991 1.88229 -6.23933 -0.412889 2.13362 -6.24028 -0.471856 2.15698 -6.24986 -0.453754 2.25806 -6.23546 -0.534227 2.39319 -6.24535 -2.1761 2.70772 -6.23507 -2.07151 2.83158 -6.22819 -2.14334 2.81859 -6.24404 -1.98609 3.44879 -6.24614 -1.98301 3.55465 -6.23905 -2.05861 3.40716 -6.24187 -1.94831 3.53009 -6.21348 -1.31093 2.40129 -6.1926 -1.98631 4.0951 -6.23167 -1.8733 4.07325 -6.22319 -0.881525 2.33847 -6.21836 -0.711975 2.50283 -6.22095 -0.621017 2.55243 -6.24962 -1.25998 3.04073 -6.14549 -1.04516 3.16462 -6.24044 -0.672786 3.10234 -6.23693 -0.654668 2.98755 -6.23717 -0.470542 2.51818 -6.24773 -0.544982 2.45946 -6.22638 -0.500457 2.71324 -6.2374 -0.424201 2.88158 -6.23348 -0.44097 4.09112 -6.22786 -0.221799 4.09792 -6.20865 -0.0518423 4.09115 -6.23443 -0.0918706 4.09094 -6.18297 -2.10828 3.00449 -6.24045 -2.13522 3.04452 -6.21941 -2.17523 3.04175 -6.23634 -1.19332 3.38883 -6.20564 -1.16796 1.23944 -6.22526 -0.97752 1.2958 -6.24023 -1.17308 1.40127 -6.22227 -1.02168 1.51083 -6.22201 -0.900888 1.46573 -6.22742 -0.999368 1.68314 -6.228 -0.655874 1.71313 -6.20394 -0.5706 1.77091 -6.23158 -0.683274 1.81918 -6.21248 -1.30266 2.30921 -6.17911 -0.604653 1.92851 -6.2404 -0.705718 2.06053 -6.2098 -0.660984 2.13774 -6.242 -0.923657 2.25632 -6.21791 -0.775465 2.2247 -6.20507 -0.733889 2.26906 -6.24555 -0.543544 1.73876 -6.21375 -0.417105 1.99122 -6.2142 -0.197884 1.86821 -6.21736 -0.0853747 1.95476 -6.2291 -0.143627 2.02582 -6.2156 -0.0687673 2.101 -6.22322 -0.441902 2.37337 -6.22841 0.154469 2.19259 -6.2199 -0.020374 2.26666 -6.21623 -2.751 1.93474 -6.21229 -2.6302 1.90426 -6.22952 -2.7316 2.06726 -6.23286 -1.3363 2.75677 -6.18913 -2.42264 2.55688 -6.22017 -2.18271 2.62617 -6.23303 -2.30206 2.72514 -6.2395 -2.41665 2.75715 -6.22331 -2.24326 2.84165 -6.23106 -2.51838 3.01271 -6.22341 -2.08223 2.48183 -6.20688 -2.15569 2.51428 -6.24443 -2.15747 2.4213 -6.20124 -1.03393 3.26257 -6.22121 -1.00174 3.21223 -6.23341 -0.901858 3.3091 -6.22435 -2.04379 2.87413 -6.20798 -0.421086 2.55344 -6.22422 -0.362885 2.74216 -6.23075 -0.437615 2.73861 -6.20414 -0.35481 2.6157 -6.24303 -2.58208 3.51887 -6.22813 -2.40131 3.23776 -6.23503 -2.42011 3.5553 -6.23523 -0.237476 2.80704 -6.22279 -2.30588 3.01298 -6.23465 -2.141 3.24009 -6.2297 -2.24932 3.179 -6.23928 -2.19417 3.31396 -6.23589 -1.2114 3.68367 -6.22159 -2.10063 3.26922 -6.21942 -2.068 3.37464 -6.23965 -1.29197 3.66236 -6.22094 -2.02069 3.38998 -6.19264 -1.36584 3.81531 -6.23131 -1.34173 3.70087 -6.22951 -1.40751 3.75591 -6.20937 -1.27202 3.97996 -6.21755 -1.39207 3.97964 -6.21791 -1.52403 4.05969 -6.15741 -2.17927 3.61475 -6.23536 -1.9821 3.69896 -6.22739 -1.93282 3.68346 -6.20912 -1.8428 3.76862 -6.2402 -1.93488 3.79418 -6.22698 -1.87638 3.83884 -6.22655 -2.30342 4.09024 -6.20999 -2.11349 4.07597 -6.2137 -1.94346 3.99594 -6.21319 -0.608154 2.23386 -6.24755 -2.58051 2.10454 -6.229 -2.78457 2.23029 -6.22353 -0.87893 3.06216 -6.23774 -2.35243 2.41259 -6.21338 -2.52162 2.81912 -6.22084 -0.520063 2.99047 -6.23501 -0.758294 3.36012 -6.21604 -0.598469 3.48006 -6.20863 -0.132808 2.71165 -6.2207 -0.0627988 2.75521 -6.21249 -0.449905 3.16443 -6.22343 -0.286047 2.95181 -6.21147 -2.2219 3.81343 -6.22203 -1.93925 3.59539 -6.17884 -1.2392 3.45376 -6.16912 -1.11643 3.28389 -6.20983 -1.05244 3.26843 -6.19034 -1.66577 4.10197 -6.19677 -1.20224 1.28207 -6.18762 -1.19661 1.51159 -6.19025 -1.14475 1.60848 -6.21432 -0.851753 1.42386 -6.20246 -1.06978 1.72808 -6.20776 -0.95188 1.64184 -6.20149 -1.03164 1.75709 -6.20198 -1.16385 2.1536 -6.18065 -0.753879 2.00994 -6.20294 -0.919737 2.21772 -6.18622 -0.463348 1.84996 -6.19392 -2.77814 1.39088 -6.21421 -2.84415 1.52544 -6.19538 -0.374634 2.11697 -6.16421 -0.397337 2.41891 -6.18871 -2.84571 2.13086 -6.21074 -2.80215 2.30656 -6.22599 -2.65507 1.78806 -6.19651 -2.57903 1.87388 -6.19422 -2.52411 2.09303 -6.18422 -2.4611 2.32313 -6.21557 -2.44102 2.26212 -6.18406 -1.07527 3.18319 -6.17864 -1.00719 3.41219 -6.22145 -0.335877 2.52853 -6.19249 -0.281636 2.54069 -6.21094 -0.056601 2.47863 -6.20305 0.00121087 2.58321 -6.21188 -0.101428 2.52766 -6.19864 -0.304953 2.8677 -6.19139 -0.150685 2.87843 -6.18603 -1.31758 3.61589 -6.16379 -1.4376 3.90637 -6.20454 -1.43876 4.02255 -6.21167 -1.10328 4.04889 -6.20341 -0.987633 4.05619 -6.20043 -0.507224 4.07257 -6.19751 -0.301243 4.07063 -6.18301 -2.64185 2.40689 -6.21385 -2.60607 2.62942 -6.2082 -2.27865 2.37514 -6.18943 -2.535 2.75874 -6.19567 -2.15053 2.63685 -6.19947 -2.13231 2.71896 -6.19765 -2.12447 3.15847 -6.19098 -1.82638 3.81187 -6.15387 -1.86578 3.95951 -6.1846 -2.38525 3.90926 -6.20833 -1.74855 4.0884 -6.17475 -1.17833 1.20487 -6.20207 -1.08236 3.30378 -6.1361 -1.26294 3.54207 -6.16862 -1.16555 1.65674 -6.16469 -0.907154 1.58536 -6.13314 -0.718599 1.76934 -6.18926 -0.600698 1.61439 -6.12414 -1.0977 2.1066 -6.17476 -0.761015 1.90279 -6.18695 -0.830524 2.15096 -6.19592 -0.868315 2.14374 -6.17625 -0.388074 1.98955 -6.1432 -0.24967 1.97685 -6.12892 -0.400628 2.25599 -6.17084 -0.103137 2.3053 -6.18719 -0.166831 2.11615 -6.15379 -0.287507 2.32775 -6.20406 -0.278967 2.42975 -6.19839 -0.0930524 2.36006 -6.17902 0.0405356 2.3644 -6.19007 -1.42153 2.41971 -6.16418 -1.44284 2.4691 -6.15137 -1.29595 2.89229 -6.13106 -1.17374 3.13723 -6.18205 -1.21491 3.33717 -6.16187 -0.370497 2.38288 -6.17008 -0.00587246 2.42881 -6.18585 -0.0144146 2.80798 -6.17629 -0.114724 2.93353 -6.2048 0.044591 2.89656 -6.2036 0.0725716 2.42558 -6.20936 0.0680027 2.60104 -6.17992 -2.08586 2.43545 -6.18084 -2.06911 2.96611 -6.13418 -2.11613 3.03205 -6.13308 -2.04742 3.29734 -6.15906 -1.05609 3.92735 -6.20729 -1.10998 3.6852 -6.21722 -0.82573 3.80569 -6.19917 -1.90445 3.63845 -6.16135 -0.667766 4.005 -6.1832 -0.578208 4.05151 -6.18712 0.16645 4.09617 -6.18103 0.268677 2.00747 -6.20998 -0.791978 3.46657 -6.2147 -0.188364 3.12463 -6.20407 -0.205932 3.30473 -6.19918 -0.0192022 3.21468 -6.1878 -0.333082 3.37042 -6.20239 -0.343039 3.54074 -6.18839 0.0595694 3.43073 -6.18139 -0.0264891 3.57367 -6.17741 -0.698581 3.61745 -6.19961 -0.394037 3.69997 -6.1803 -1.9508 3.4887 -6.14491 -1.1927 1.20457 -6.12277 -0.865965 1.50269 -6.10513 -1.04359 1.77422 -6.1235 -0.650242 1.64161 -6.17195 -0.788076 1.76185 -6.11084 -0.766934 1.65443 -6.06463 -1.22028 2.19677 -6.13126 -0.812011 1.97474 -6.13555 -1.0291 2.122 -6.0984 -0.246128 1.87728 -6.14575 -0.357664 2.28239 -6.16762 -0.211265 2.19042 -6.1627 -2.38775 1.06806 -6.18041 -2.4941 1.15282 -6.16402 -2.12413 1.04126 -6.17702 -2.23359 1.12547 -6.18192 -2.10245 1.23833 -6.18835 -2.00958 1.27167 -6.1725 -2.39598 1.26179 -6.17298 -2.28736 1.30208 -6.18528 -2.30551 1.4475 -6.18077 -2.13164 1.57269 -6.19161 -2.64578 1.75183 -6.16234 -1.38815 2.50319 -6.15755 -1.34168 2.36767 -6.1277 -2.18362 1.68513 -6.17113 -2.03888 1.54795 -6.16357 -2.12584 1.40569 -6.18796 -1.29442 2.97387 -6.10021 -1.20408 3.11384 -6.12235 -2.11365 1.69448 -6.16896 -2.54548 1.78362 -6.15376 -2.49264 1.8862 -6.17158 -2.44699 2.02612 -6.16769 -2.40922 2.12246 -6.17576 -2.35554 2.26614 -6.17746 0.067928 2.71321 -6.18121 -2.24927 2.33968 -6.15476 -1.43301 3.70941 -6.13015 -1.48553 3.84297 -6.14416 -1.46064 3.98395 -6.13761 -0.548715 3.98288 -6.17703 -0.383336 3.99434 -6.17259 -0.163901 4.04697 -6.15878 -2.10511 2.55268 -6.11746 -2.00383 2.81446 -6.07639 -2.11212 2.71785 -6.11889 -2.12078 3.22832 -6.15044 -1.85807 3.90887 -6.14488 -1.83148 4.04532 -6.14763 -1.20207 1.32841 -6.08809 -1.18537 1.47106 -6.10572 -1.11623 1.72618 -6.11422 -0.959252 2.22141 -6.12177 -0.4864 1.77272 -6.13476 -0.425588 1.86475 -6.13243 -0.298687 1.82666 -6.12413 -0.233727 2.06957 -6.13815 -0.309577 2.1689 -6.12862 -2.44284 1.25247 -6.14431 -2.15437 0.89255 -6.14918 -2.04094 1.15431 -6.14427 -2.83948 1.5279 -6.1312 -2.84608 1.94817 -6.10923 -2.36082 1.41389 -6.14722 -2.58393 1.68034 -6.13217 -2.24791 1.65277 -6.14023 -2.07459 1.70277 -6.14002 -2.12282 1.83621 -6.13752 -2.33416 2.25377 -6.14739 -1.30985 2.80305 -6.05986 -1.06177 3.20789 -6.0983 -1.26074 3.50296 -6.06834 -1.51536 3.88779 -6.07204 -0.192733 3.91768 -6.15843 -2.0901 2.42843 -6.12887 -2.03294 3.37624 -6.10125 -1.98757 3.47959 -6.0597 -0.108196 3.78259 -6.16037 -2.12745 3.12716 -6.10078 -1.13809 1.58292 -6.07583 -0.977214 1.73554 -6.08371 -0.66591 1.54671 -6.05337 -1.267 2.24198 -6.09851 -1.09294 2.04014 -6.09248 -0.864982 2.10154 -6.09795 -0.325305 2.07507 -6.13181 -2.53731 1.23902 -6.06122 -1.56782 2.45051 -6.10929 -1.34726 2.63844 -6.12337 -1.20379 3.39094 -6.09436 -2.78328 1.84119 -6.10268 -1.38246 3.63087 -6.13467 -1.55773 4.09229 -6.07482 -2.00722 1.42455 -6.12596 -2.03707 1.59086 -6.12909 -2.01634 2.46587 -6.10178 -2.03412 2.89188 -6.08012 -2.14479 3.19799 -6.04281 -2.08047 3.30756 -5.98965 -1.85058 3.77715 -6.08628 -1.66095 4.10129 -6.0894 -1.23598 2.13031 -6.06918 -1.29341 2.31086 -6.06896 -0.805964 1.83171 -6.09051 -2.48043 1.24577 -6.08888 -2.1216 1.01046 -6.06763 -0.312791 1.96865 -6.11013 -2.02395 1.15014 -6.05075 -1.41623 2.37545 -6.07783 -1.49595 2.48679 -6.11378 -1.39636 2.50102 -6.09615 -1.33528 2.72459 -6.06722 -1.11495 3.17292 -6.05675 -1.08962 3.30264 -6.0668 -1.21106 3.35179 -6.07532 -1.44734 3.59511 -6.08679 -2.68896 1.69516 -6.07459 -1.53223 4.06302 -6.05132 -2.23142 2.33825 -6.09063 -2.12134 2.62969 -6.06956 -1.84962 3.9119 -6.0516 -1.11051 1.6368 -5.99414 -0.898205 1.60761 -6.08544 -1.17367 2.04613 -6.04158 -0.986406 2.16503 -6.04533 -0.497067 1.68126 -6.03618 -0.389953 1.6611 -6.06326 -0.365079 1.74287 -6.09391 -0.340063 1.8506 -6.10091 -0.42601 1.77156 -6.09752 -1.28531 3.12403 -6.04394 -2.61661 1.22333 -6.06795 -2.15482 0.885747 -6.07082 -1.19994 3.44834 -6.02686 -2.00717 1.24785 -6.07539 -2.86239 1.6263 -6.09325 -1.48029 3.68348 -6.07674 -1.26865 3.58839 -6.01085 -1.51449 3.79043 -6.06838 -2.36518 1.49694 -6.05802 -2.51848 1.78489 -6.0873 -2.30359 1.65407 -6.02774 -2.37468 2.17274 -6.08228 -2.32281 2.24773 -6.04921 -2.11903 2.37097 -6.04503 -2.08928 2.57264 -6.04302 -1.70497 2.42478 -6.09038 -1.67443 2.45678 -6.0805 -2.08596 3.06175 -6.07057 -1.99416 3.01706 -6.117 -1.95832 3.06291 -6.05126 -1.93187 3.02166 -6.0444 -2.01268 3.45005 -5.99642 -1.9696 3.56974 -6.05331 -1.83625 3.80211 -6.05646 -1.8175 4.01261 -6.06114 -1.76104 4.07183 -6.05786 -1.20253 1.17296 -6.03975 -1.19046 1.44144 -6.00636 -0.616958 1.53188 -6.04077 -1.07802 2.04816 -5.98892 -0.8293 1.95679 -6.07084 -0.903777 2.14814 -6.05726 -0.426241 1.55547 -6.06822 -1.51297 2.37644 -6.08187 -1.30721 3.62921 -6.0254 -2.87374 1.79254 -6.07765 -2.84483 1.83606 -6.08297 -2.5539 1.66201 -6.05768 -2.15325 1.82656 -6.09798 -2.129 1.77748 -6.02734 -2.39303 2.08411 -6.04568 -2.76741 1.43126 -6.07974 -2.41762 1.4212 -6.05069 -2.71102 1.67077 -6.04939 -2.58563 1.56452 -6.03427 -2.19731 1.82832 -6.02172 -1.93885 2.49952 -6.05268 -1.97539 2.45753 -6.09714 -1.78997 2.47086 -6.06366 -1.85446 2.53176 -6.08792 -1.83606 2.45953 -6.06728 -1.84758 2.64652 -6.04774 -1.93438 2.92587 -6.04809 -2.1047 3.11884 -6.00617 -1.87813 3.67505 -6.03524 -0.915644 1.68593 -6.06553 -1.01003 1.75918 -6.01956 -0.840727 1.73508 -6.06861 -1.4866 2.33355 -6.04087 -1.35171 2.35861 -6.04769 -1.62599 2.37788 -6.03936 -1.68255 2.48802 -6.02855 -1.42109 2.53025 -6.05317 -1.301 3.01436 -5.95728 -1.23703 3.17245 -6.02179 -2.73264 1.46953 -6.02858 -1.99734 3.3894 -6.03338 -2.69212 1.39303 -6.02377 -2.47304 1.36318 -6.03058 -2.02318 1.50295 -5.97965 -2.05396 1.60159 -5.99549 -2.24174 2.28653 -6.00179 -1.9347 2.44266 -6.0133 -1.89491 2.47817 -6.04384 -1.92947 2.81325 -6.04586 -2.04363 3.13905 -5.99474 -1.7421 4.0602 -6.03605 -0.702947 1.36362 -6.03035 -0.762428 1.51127 -6.02924 -0.895248 1.70605 -6.05534 -0.7535 1.58705 -6.02542 -0.84497 1.83491 -6.0158 -1.21479 2.19493 -6.04292 -0.883387 2.03166 -6.01127 -0.492732 1.62282 -6.01926 -1.50484 2.50357 -6.0318 -1.08446 3.25743 -5.86815 -1.51508 3.61954 -6.04024 -1.50895 3.70323 -6.01433 -1.35729 3.62421 -5.91786 -1.59011 3.9239 -6.03775 -1.58382 3.95468 -6.05159 -2.0985 1.02216 -5.98248 -2.631 1.48798 -6.00399 -2.44058 1.97284 -6.02866 -1.59588 2.33237 -6.04602 -2.00024 1.39675 -5.98676 -2.0213 2.56726 -6.00541 -1.68466 2.3294 -5.95571 -2.05847 2.67728 -6.0023 -2.15359 3.17977 -5.978 -1.75346 3.89658 -6.02418 -1.71852 3.99441 -6.03603 -1.69452 3.93544 -6.01698 -1.24388 1.24157 -5.94392 -0.644671 1.46606 -6.01754 -0.958847 1.84746 -6.0127 -1.28065 2.26464 -5.9534 -0.959138 2.12594 -5.97388 -1.43035 2.59828 -5.95299 -1.18821 3.24217 -6.00343 -1.18951 3.39438 -6.00779 -1.17054 3.31827 -5.95682 -1.08925 3.28964 -5.96926 -1.51736 3.60266 -5.98053 -1.5819 3.85383 -5.99399 -1.61612 2.33081 -5.92806 -2.1513 1.87329 -5.96416 -1.93375 2.62872 -5.99635 -1.78887 2.36027 -5.95888 -1.77441 2.58383 -5.97708 -1.89061 2.71654 -6.02226 -1.90824 2.79258 -6.00471 -2.02985 3.3617 -5.98802 -1.94013 3.61345 -5.92312 -1.44331 2.34856 -6.0093 -1.2304 2.24942 -5.98573 -1.59261 2.54301 -5.99699 -1.35861 2.71148 -5.93774 -2.13201 0.927985 -5.99668 -1.55818 3.65072 -5.94819 -2.59486 1.37681 -6.00302 -1.56381 3.76614 -6.00354 -2.53486 1.39788 -6.00149 -2.45782 1.48447 -6.01155 -2.33063 1.69232 -5.99855 -2.50337 1.65353 -6.01017 -1.54168 2.33843 -5.93656 -2.32862 2.13671 -5.99 -2.17431 1.89063 -5.9763 -2.03056 2.27167 -5.94194 -1.98439 2.31432 -5.93891 -1.70759 2.56102 -5.94673 -1.98755 2.6644 -5.9885 -1.98694 3.15397 -5.9806 -1.92452 3.10601 -5.96813 -1.87095 3.73966 -5.97777 -1.22692 1.13683 -5.97149 -1.2145 1.40965 -5.93805 -1.15434 1.56671 -5.9268 -1.1715 2.12092 -5.97353 -1.00442 1.89677 -6.00318 -0.931148 1.99615 -5.9845 -2.1532 0.767252 -5.97569 -1.27892 3.51211 -5.95956 -2.40219 1.96806 -5.98557 -2.24467 1.88509 -5.96736 -2.13032 1.73739 -5.97009 -2.27193 2.18208 -5.96317 -1.89737 2.39276 -5.95062 -1.8402 2.67794 -5.90106 -2.03271 3.42529 -5.9371 -1.89667 3.6698 -5.95029 -1.01305 1.77269 -5.98062 -1.122 1.59748 -5.87224 -1.42837 2.32378 -5.94715 -1.47324 2.52881 -5.95609 -1.2982 2.91531 -5.96801 -1.29231 3.1621 -5.93677 -1.23351 3.24536 -5.96587 -1.10742 3.21159 -5.92485 -2.45163 1.66368 -5.9959 -2.34666 1.9151 -5.95952 -1.70162 3.91422 -5.89674 -1.97516 1.17831 -5.95242 -2.3747 1.7435 -5.98583 -2.32938 2.00756 -5.95703 -2.13947 3.17507 -5.87857 -2.09962 3.15782 -5.88164 -1.9135 3.19007 -5.7965 -1.91451 2.90433 -5.88767 -1.97339 3.52396 -5.9135 -1.8052 3.79139 -5.94855 -1.19373 2.18106 -5.91733 -1.06673 2.02527 -5.97045 -1.23795 3.47894 -5.87079 -1.6007 3.81277 -5.92783 -1.66368 3.89943 -5.9054 -1.99878 1.10589 -5.94582 -2.15164 1.81037 -5.85991 -2.0976 2.17566 -5.90982 -1.88666 2.79538 -5.87855 -1.90323 3.07483 -5.89011 -2.05909 3.32005 -5.89211 -1.77977 3.83511 -5.90902 -1.25155 1.06653 -5.9216 -1.05367 1.92318 -5.93802 -1.1103 2.07454 -5.93401 -1.5082 2.55336 -5.9047 -2.08145 0.893843 -5.91678 -2.02298 1.54401 -5.90241 -1.5016 3.62499 -5.9033 -1.59887 3.67958 -5.8871 -2.27697 1.91911 -5.95295 -1.34016 2.78402 -5.88247 -1.96465 2.27964 -5.82706 -1.7859 2.21425 -5.91193 -1.68066 2.22845 -5.91065 -1.78413 2.60856 -5.90543 -1.30954 1.17205 -5.87703 -1.06881 1.71605 -5.82359 -1.23775 2.2625 -5.87432 -1.05143 1.89081 -5.85029 -1.19174 3.3527 -5.874 -1.9752 1.07947 -5.89693 -2.13931 1.95265 -5.94197 -1.8488 2.27212 -5.89616 -2.01518 3.19987 -5.88962 -2.12592 3.271 -5.84108 -2.02381 3.37119 -5.85658 -1.85583 3.7315 -5.86915 -1.78442 3.78557 -5.86084 -1.25141 1.41633 -5.88658 -1.20179 1.5335 -5.86369 -1.44567 2.25668 -5.8839 -1.24983 3.24814 -5.84979 -1.12681 3.31139 -5.83718 -1.92205 1.16676 -5.88332 -2.12467 1.69596 -5.86898 -1.32128 3.57405 -5.85808 -1.63861 3.79968 -5.89058 -2.16107 2.08081 -5.91189 -1.95931 1.3207 -5.91995 -1.95107 1.44371 -5.85397 -2.08313 0.681609 -5.89659 -1.71468 2.08574 -5.81663 -2.14004 3.22052 -5.82168 -1.93375 3.59263 -5.84592 -1.85781 3.66719 -5.85528 -1.03515 1.80675 -5.87502 -1.62388 2.24945 -5.85431 -1.10502 2.01495 -5.86684 -1.62263 2.55309 -5.85402 -1.45099 2.66196 -5.80126 -1.33183 2.92227 -5.83609 -1.32226 3.05095 -5.86953 -1.45713 3.63424 -5.80676 -2.10505 2.00927 -5.87747 -2.09289 2.08832 -5.87612 -1.31564 3.49943 -5.91266 -1.3071 3.5036 -5.83681 -1.15853 2.05357 -5.82805 -1.37072 2.20938 -5.85663 -2.00484 0.929211 -5.87754 -1.31233 3.15645 -5.82798 -1.23633 3.43864 -5.83201 -2.01221 2.17183 -5.85334 -1.34687 1.052 -5.8533 -1.90697 1.3239 -5.85444 -1.87914 2.94743 -5.79993 -1.32185 1.33093 -5.85007 -1.2556 1.50769 -5.83172 -1.3016 2.24389 -5.80418 -1.40515 2.68565 -5.84659 -2.06321 1.62578 -5.76571 -2.0125 1.55133 -5.83741 -1.98312 3.44579 -5.78948 -1.9274 3.52917 -5.82367 -1.7001 3.81985 -5.76307 -1.65738 3.85097 -5.82452 -1.36753 1.23332 -5.83798 -1.29791 1.45875 -5.83565 -1.64731 2.12314 -5.80332 -1.57836 2.18155 -5.81715 -1.85719 1.16963 -5.84141 -1.18432 2.11474 -5.7643 -1.07891 1.9233 -5.81865 -1.91416 2.21001 -5.7563 -1.80851 2.06636 -5.78295 -1.16467 3.2975 -5.74455 -1.24815 3.36101 -5.82189 -1.63613 3.73203 -5.83916 -1.56994 3.6695 -5.80125 -1.39827 3.58362 -5.74609 -1.71381 2.61777 -5.78585 -1.96713 0.725041 -5.84681 -1.89733 0.995039 -5.84577 -1.09556 1.80964 -5.73068 -1.16223 2.01952 -5.80682 -2.03695 2.06097 -5.79843 -1.23985 2.19275 -5.76162 -1.57346 2.58123 -5.77557 -1.23385 3.2763 -5.71135 -1.75981 3.74557 -5.75084 -1.57943 1.02951 -5.8317 -1.54575 0.906913 -5.78315 -1.45186 1.05554 -5.81974 -1.48991 1.17476 -5.81148 -1.30886 1.56954 -5.76732 -1.12998 1.64052 -5.77453 -1.87751 1.47321 -5.79557 -1.81431 1.35761 -5.80403 -2.09454 1.70618 -5.75661 -2.10262 1.86523 -5.77645 -1.42738 1.96367 -5.76069 -2.07741 3.19571 -5.77872 -1.84001 3.01333 -5.77295 -1.85572 3.08192 -5.74562 -1.98038 3.38013 -5.75636 -1.26499 3.38462 -5.76037 -1.94145 0.607727 -5.83288 -1.85865 0.750002 -5.81825 -1.76504 1.02694 -5.79986 -1.6602 1.173 -5.80352 -1.7744 1.1888 -5.81378 -1.39878 1.38702 -5.81202 -1.77655 2.7462 -5.7504 -1.3667 2.88392 -5.76505 -1.17784 1.86847 -5.69806 -1.33192 2.17853 -5.7709 -1.95549 3.22826 -5.77006 -1.81837 1.49589 -5.77501 -1.34657 3.171 -5.73081 -1.38658 3.09339 -5.74488 -1.67092 0.924785 -5.78099 -2.07887 1.78868 -5.71473 -1.37639 1.5175 -5.79591 -1.61386 3.77052 -5.70901 -1.29982 3.46052 -5.74466 -1.72528 1.96921 -5.74226 -1.6401 1.99762 -5.76334 -2.00749 2.1252 -5.74884 -1.34961 2.02768 -5.76579 -1.28125 1.9753 -5.74657 -1.40552 3.0076 -5.755 -1.85812 3.5973 -5.75279 -1.2996 3.25395 -5.74761 -1.32247 3.28069 -5.68425 -1.69565 1.38886 -5.79094 -1.71166 1.11126 -5.80122 -1.52882 1.4152 -5.7969 -1.73278 1.51494 -5.77171 -1.82272 3.06204 -5.74838 -2.07382 3.24541 -5.73021 -1.26765 2.02489 -5.7419 -1.33116 2.08585 -5.72006 -1.2633 2.14275 -5.70708 -1.91594 3.45186 -5.7023 -1.78243 3.53395 -5.68314 -1.64279 2.64514 -5.73955 -1.54291 2.65457 -5.74208 -1.4343 2.80933 -5.73842 -1.1972 1.67015 -5.6994 -1.40612 3.52413 -5.71908 -1.78815 2.90158 -5.72266 -1.78197 2.97194 -5.73449 -1.8766 3.16638 -5.74305 -1.76715 3.0918 -5.74291 -1.70695 3.06278 -5.72699 -2.03501 3.28856 -5.67527 -1.98387 3.2355 -5.6934 -1.83689 3.25012 -5.74078 -1.95723 1.59833 -5.71709 -1.7387 3.69877 -5.73695 -2.03429 1.95112 -5.74029 -1.47035 1.65167 -5.75141 -1.89345 2.04961 -5.67339 -1.12457 1.73846 -5.7067 -1.96218 2.16719 -5.73002 -1.57625 1.86652 -5.73499 -1.45835 1.85777 -5.73642 -1.57599 3.71256 -5.66175 -1.62405 1.64428 -5.75394 -1.22803 2.08666 -5.69266 -1.87975 3.26897 -5.7259 -1.75389 3.61999 -5.68409 -1.67694 3.85198 -5.70165 -1.99756 2.03202 -5.67127 -1.43807 2.93367 -5.72631 -1.63226 3.85581 -5.6948 -1.84869 1.96244 -5.70038 -1.32943 1.71713 -5.69578 -1.66776 1.86302 -5.71813 -1.51282 3.69283 -5.62975 -1.79358 3.13734 -5.67665 -1.27424 1.86023 -5.69106 -1.99619 1.71145 -5.66217 -1.78596 3.27385 -5.63049 -1.87743 1.63298 -5.68262 -1.52408 2.86951 -5.68657 -1.47976 1.75162 -5.73251 -1.33927 1.81663 -5.69855 -1.50849 3.06988 -5.73574 -1.68908 2.80986 -5.70898 -1.56381 3.11372 -5.63671 -1.43324 3.12829 -5.69365 -1.40538 3.23721 -5.66648 -1.67262 2.9984 -5.71944 -1.68701 2.90771 -5.6922 -1.28913 3.34785 -5.69565 -1.3311 3.4101 -5.7059 -1.60805 1.72945 -5.73278 -1.79123 1.67562 -5.678 -1.61015 2.82938 -5.66487 -1.76503 3.23793 -5.64201 -1.9224 3.2636 -5.65152 -1.87241 3.40244 -5.66972 -1.8781 1.75309 -5.63707 -1.59475 3.06376 -5.65074 -1.59309 3.00256 -5.65558 -1.68098 3.7211 -5.64068 -1.98665 1.97098 -5.70419 -1.91144 1.89292 -5.66198 -1.99736 1.81457 -5.65404 -1.60192 2.88031 -5.62443 -1.19558 1.73721 -5.66503 -1.41106 3.32767 -5.63132 -1.44771 3.40499 -5.65566 -1.43165 3.48359 -5.64491 -1.51147 3.62164 -5.60656 -1.68127 3.15596 -5.63849 -1.76329 3.4867 -5.61196 -1.63756 3.72971 -5.64226 -1.76933 3.40193 -5.61415 -1.66879 3.61322 -5.63002 -1.60903 3.61341 -5.64909 -1.5649 3.59304 -5.60397 -1.67933 3.27464 -5.61415 -1.56407 3.25803 -5.62614 -1.90046 3.32082 -5.60307 -1.55507 3.33965 -5.65057 -1.50838 3.49416 -5.59111 -1.60392 3.53208 -5.60079 -1.75556 3.33036 -5.56434 -1.63586 3.3223 -5.60081 -1.60356 3.40085 -5.60818 -1.67538 3.57278 -5.57493 -1.51886 3.59471 -5.57258 -1.69858 3.454 -5.52358 -1.65815 3.47047 -5.53942 -1.68899 3.33784 -5.53853 -0.359098 2.91664 -6.59128 0.994053 3.9436 -6.5827 0.981216 4.01318 -6.58335 1.05049 4.0099 -6.57817 1.03784 3.91611 -6.5623 0.456732 2.37459 -6.57542 0.416675 2.53191 -6.57617 1.07006 3.95746 -6.54659 0.889296 4.00266 -6.55632 0.925852 3.93975 -6.53821 0.913758 4.02851 -6.53246 0.56561 2.37056 -6.5614 0.803716 2.38211 -6.55183 0.61528 2.50426 -6.55253 0.172564 2.62517 -6.58401 0.249395 2.72506 -6.57636 0.145337 2.87823 -6.58091 0.286717 2.83249 -6.57539 0.00423861 3.06894 -6.57018 -0.201274 2.91438 -6.58254 -0.147333 3.09717 -6.57049 0.254133 2.97719 -6.56856 0.313488 3.04702 -6.55181 0.00680544 2.7522 -6.58906 0.0348643 2.58962 -6.58766 -0.0310028 3.22432 -6.56126 -0.118503 3.49553 -6.55504 1.04081 4.07012 -6.55004 0.86788 2.25481 -6.55023 1.03276 2.32776 -6.54516 0.470349 2.71208 -6.53874 0.587611 2.62581 -6.54292 0.512249 2.85733 -6.54597 0.0462664 3.25903 -6.54976 0.218862 3.12511 -6.54655 0.57311 3.02211 -6.53692 0.407746 3.2887 -6.5512 0.271036 3.28242 -6.54487 0.0748483 3.37429 -6.54274 0.255282 3.46337 -6.53674 0.524553 3.23148 -6.54395 0.422265 3.4104 -6.54241 0.00250882 4.02798 -6.55663 -0.00845121 3.67467 -6.54752 0.111553 3.7995 -6.54338 0.283554 3.8525 -6.54042 0.0964785 4.02195 -6.55942 0.220445 4.05408 -6.55077 -0.0547421 4.06668 -6.54323 0.0984566 4.06317 -6.54009 0.170874 4.04708 -6.53745 0.85186 2.48185 -6.54725 0.687704 2.67517 -6.54078 1.06938 2.39763 -6.53669 0.754741 3.88702 -6.54141 0.618527 3.97528 -6.54954 0.728398 4.03954 -6.54919 0.763471 4.01035 -6.54878 1.27754 3.89739 -6.55196 1.33377 3.83351 -6.54342 1.22841 3.81525 -6.53756 1.09787 3.88357 -6.5472 1.16951 3.95295 -6.54243 1.22706 3.98135 -6.52566 1.05427 4.04052 -6.48349 1.11122 2.25791 -6.528 1.18593 2.3562 -6.51749 0.545295 3.61397 -6.53655 0.0614064 3.57979 -6.54314 0.141119 3.70459 -6.52674 0.333677 3.62953 -6.5257 0.373384 4.01731 -6.53286 0.438834 3.96299 -6.53709 0.514784 3.90073 -6.53853 0.497148 4.0502 -6.51435 0.340613 4.04966 -6.51629 0.932047 2.52008 -6.53547 1.07215 2.48006 -6.5406 0.559381 2.86433 -6.54288 1.26412 2.56385 -6.51048 0.635278 3.86603 -6.52711 0.673027 3.75432 -6.53625 0.835299 3.82595 -6.53824 0.758296 3.6631 -6.53275 0.932814 3.67537 -6.51298 0.851524 3.60337 -6.5219 1.00227 3.82501 -6.53204 1.25691 3.7379 -6.53187 1.13313 3.73976 -6.51973 1.3476 3.94039 -6.51868 1.36865 3.77398 -6.4771 0.62641 4.05161 -6.53825 0.9504 4.05871 -6.50015 0.669012 3.30988 -6.54108 0.528828 3.48294 -6.54476 0.523735 3.75128 -6.53233 0.710986 2.7783 -6.52844 0.994416 2.64737 -6.52752 0.98656 2.74971 -6.52731 0.661481 3.41701 -6.54689 0.665456 3.52615 -6.53834 0.815725 3.33207 -6.53567 0.78844 3.5015 -6.52546 1.32827 3.74882 -6.50862 0.552968 4.05167 -6.45985 1.35664 2.56134 -6.50774 1.35287 2.33698 -6.50837 1.28344 2.18454 -6.50669 1.24512 2.30905 -6.51755 -0.0125512 4.04098 -6.42404 0.192598 4.0418 -6.44178 1.11539 2.65598 -6.51764 1.2673 3.17326 -6.50734 1.34392 3.00487 -6.51601 1.18414 2.99449 -6.50361 1.34161 3.35754 -6.50585 0.89628 3.46654 -6.50354 1.04972 3.64471 -6.49778 1.2659 3.62613 -6.5133 0.704702 4.04482 -6.46432 1.29066 2.28333 -6.49577 0.444175 4.03275 -6.39238 1.36384 3.58408 -6.50977 1.36272 3.69356 -6.51041 1.23017 2.65629 -6.49825 1.33787 2.68688 -6.49666 1.22293 2.81699 -6.50891 1.34854 2.75132 -6.50036 1.06465 2.97787 -6.51387 1.33881 2.87522 -6.49994 1.35376 2.98082 -6.48921 0.789248 2.94103 -6.51596 0.969808 3.09986 -6.50072 0.993789 3.3383 -6.49936 1.08688 3.29876 -6.49437 1.12143 3.187 -6.49517 1.37618 3.31717 -6.4861 1.22827 3.31816 -6.5061 1.14474 3.44216 -6.48898 1.28994 3.46787 -6.50335 1.38985 3.4588 -6.4935 1.33287 3.50048 -6.48996 0.924521 3.6043 -6.49095 1.17538 3.57386 -6.50521 1.04469 3.49614 -6.47759 1.18789 3.99214 -6.44693 0.703728 3.01365 -6.52058 0.857664 3.14773 -6.5091 0.923825 3.24205 -6.51344 1.2682 2.2489 -6.45377 1.35675 2.77524 -6.4673 1.38167 3.65018 -6.46937 1.30115 2.42654 -6.44483 1.32725 2.64116 -6.45543 1.01816 3.40826 -6.47899 1.35581 3.11626 -6.47433 1.35943 3.28644 -6.4244 1.07354 4.01234 -6.40849 1.30273 3.9518 -6.43952 1.34423 3.86991 -6.39275 0.649012 4.01347 -6.39188 0.936633 4.02745 -6.35819 1.22427 2.13789 -6.40065 0.359829 4.02469 -6.45487 1.28703 2.57444 -6.42227 1.30259 3.06592 -6.39321 1.38509 3.50712 -6.43121 1.26823 3.98545 -6.36266 0.836663 4.01782 -6.42801 1.24665 2.31785 -6.41744 0.315731 4.03161 -6.3507 1.29793 2.67455 -6.41119 1.35261 3.73326 -6.38714 0.679144 4.02551 -6.40024 1.25482 2.16225 -6.38724 0.882336 4.00495 -6.34191 1.33159 2.74541 -6.40415 1.30094 2.86148 -6.33917 1.31853 3.16304 -6.35344 1.33033 3.63212 -6.33289 1.26807 2.25527 -6.33855 0.163116 4.02746 -6.34554 0.487944 4.02418 -6.3469 1.08714 3.98516 -6.34517 1.2652 2.39967 -6.34903 1.28854 2.63317 -6.33926 0.574784 4.02077 -6.28471 0.638981 4.02364 -6.35841 1.24363 2.14337 -6.30817 1.18412 3.97688 -6.31112 0.77914 4.00021 -6.31121 0.778742 4.03533 -6.30024 0.654926 4.05264 -6.34834 1.13214 4.01063 -6.31682 -0.0416309 4.03542 -6.28851 1.2624 2.71862 -6.34938 1.02433 4.02852 -6.3343 1.27746 2.94153 -6.25092 1.29463 3.35868 -6.25586 1.27298 3.95234 -6.27467 1.27056 3.98837 -6.30295 1.25822 2.06837 -6.24541 1.25708 2.4515 -6.24366 1.30738 3.91787 -6.24627 1.27728 2.23264 -6.29724 1.2678 2.72317 -6.29799 0.856663 4.03247 -6.24969 1.28716 3.10445 -6.2585 1.26612 3.25008 -6.22583 0.0994748 4.03709 -6.25698 1.27903 2.53234 -6.23816 1.24967 2.65059 -6.23066 1.26915 2.8298 -6.2564 0.522221 4.04307 -6.23647 0.618915 4.05349 -6.22626 1.26695 2.39332 -6.25258 0.374437 4.01715 -6.27606 0.235466 4.02925 -6.25076 1.29352 3.72863 -6.23524 1.1256 4.00485 -6.22682 0.424402 4.01386 -6.23885 1.24026 2.1079 -6.21466 1.25989 3.00387 -6.20297 1.27883 3.9544 -6.1983 1.21336 3.99125 -6.21544 0.731172 4.03498 -6.20824 0.933094 4.02611 -6.23357 1.28476 3.66328 -6.19144 1.17796 2.17784 -6.16319 1.23952 2.28613 -6.2001 0.062537 4.09496 -6.24016 0.193727 4.07972 -6.24075 0.337578 4.05229 -6.21534 1.24815 2.78549 -6.22124 1.26311 3.48554 -6.18408 1.21435 2.88772 -6.16898 0.980855 4.00931 -6.20109 0.260703 2.22119 -6.21883 0.251863 2.34009 -6.19638 1.18334 2.37588 -6.17984 0.172336 2.45296 -6.21055 0.157843 2.67109 -6.20571 0.409038 4.07066 -6.1763 0.36179 4.06914 -6.15645 1.19017 2.44012 -6.17003 1.20313 2.60144 -6.17969 1.17325 3.20754 -6.1408 1.25445 3.36299 -6.19258 0.813577 4.0559 -6.20338 0.908882 4.06039 -6.17304 0.448003 2.05447 -6.19715 0.389621 2.27162 -6.20496 0.43101 2.35641 -6.20035 0.351455 2.42465 -6.20529 0.545997 4.06726 -6.1749 1.18374 2.77486 -6.17244 1.1236 4.00594 -6.16824 1.23263 3.98269 -6.17161 0.695255 4.06166 -6.15445 0.964183 4.0162 -6.13435 0.554922 2.12228 -6.19342 0.591109 2.3784 -6.19329 0.270731 2.75161 -6.20834 0.425094 2.625 -6.19397 0.62615 2.60893 -6.18783 0.264013 2.86876 -6.20525 0.384254 2.82129 -6.19592 0.673538 2.85236 -6.18093 0.207094 3.22856 -6.18215 0.342537 3.05328 -6.19262 0.401691 3.33403 -6.16972 1.18047 2.26708 -6.16279 0.0168558 4.032 -6.14487 1.12028 2.53951 -6.16899 1.04091 2.73308 -6.17435 0.59722 3.00059 -6.18369 0.767703 2.88873 -6.17685 0.869708 3.10166 -6.16658 0.684426 3.21468 -6.16874 0.862733 2.79108 -6.18201 0.929688 3.00866 -6.17151 0.957771 2.84039 -6.17314 1.19153 3.10315 -6.16042 1.16171 3.25653 -6.14446 1.19946 3.39157 -6.14707 1.25956 3.63833 -6.1612 0.871758 4.04384 -6.14469 1.07048 4.03066 -6.15832 1.08802 2.1479 -6.16674 1.12223 2.35106 -6.16022 0.143279 4.06103 -6.14247 0.469758 4.05523 -6.14184 1.08278 2.98595 -6.1581 0.879919 3.21513 -6.1564 1.07137 3.16784 -6.15274 1.17781 2.98357 -6.14902 1.18931 3.49372 -6.13735 1.2488 3.821 -6.15367 0.62196 4.01048 -6.1206 0.933745 2.06445 -6.18219 0.754323 2.30775 -6.18812 0.810434 2.4264 -6.18214 0.960975 2.45416 -6.17193 0.543513 3.3396 -6.16091 0.405251 3.62377 -6.15874 0.135435 3.63716 -6.16998 0.340821 3.54159 -6.16739 0.287991 3.88526 -6.1483 0.10868 3.92976 -6.14621 0.817006 3.42584 -6.15238 0.691321 3.57486 -6.14789 0.33898 4.02526 -6.13435 0.946504 3.4021 -6.1465 0.909685 3.62329 -6.13147 1.18699 3.57609 -6.12581 1.15019 3.76881 -6.12171 1.14998 3.90227 -6.12666 1.06083 3.99886 -6.1306 1.06695 3.60917 -6.13587 1.06804 3.759 -6.12978 0.87679 3.75666 -6.12709 0.45853 3.75749 -6.14894 0.660102 3.80033 -6.1353 0.819876 4.00513 -6.11609 0.955652 3.85898 -6.11622"/>
    <Normal vector="-0.219515 0.0100521 -0.975557 0.00119515 -0.749512 -0.66199 -0.0140784 -0.68284 -0.730432 -0.0310651 -0.0638042 -0.997479 0.0711952 -0.878497 -0.472413 0.0433423 0.0229144 -0.998797 0.0889089 0.0540258 -0.994574 0.0564007 -0.0174617 -0.998255 0.0884936 0.0107075 -0.996019 -0.0141084 0.0477742 -0.998759 -0.0789038 0.0597995 -0.995087 -0.0121909 0.0422394 -0.999033 0.028946 0.0509152 -0.998283 0.0166661 0.0121499 -0.999787 0.0373662 0.00292579 -0.999297 0.0964969 0.026174 -0.994989 0.0189536 0.0481045 -0.998662 0.0153113 -0.0534499 -0.998453 0.0166712 0.025307 -0.999541 -0.00123966 0.0809689 -0.996716 0.00574443 0.000299087 -0.999983 -0.015982 0.0542803 -0.998398 -0.0399821 -0.131622 -0.990493 -0.0652277 -0.0570808 -0.996237 -0.0900298 0.144575 -0.98539 -0.304721 -0.0527837 -0.950978 0.00133033 -0.0585903 -0.998281 0.140932 -0.129674 -0.98149 0.0134591 0.0928964 -0.995585 0.0258319 0.0465066 -0.998584 -0.0730127 -0.0702226 -0.994856 -0.0310867 0.0183686 -0.999348 -0.0691055 -0.0169746 -0.997465 0.00369682 -0.0207725 -0.999777 -0.0703698 -0.026387 -0.997172 -0.0191005 0.0282069 -0.99942 0.0150754 0.0392899 -0.999114 -0.385986 -0.654185 -0.650428 0.027748 0.0447868 -0.998611 0.0733805 -0.766036 -0.638595 0.243398 -0.485543 -0.839646 -0.0232866 -0.0740759 -0.996981 0.10115 -0.487368 -0.867319 -0.0268332 -0.0262052 -0.999296 -0.00359811 0.0481445 -0.998834 0.00682292 0.00745522 -0.999949 -0.00616533 -0.0620073 -0.998057 0.0908158 0.0182762 -0.9957 -0.000340922 0.0367325 -0.999325 -0.47515 -0.878584 -0.0482019 0.0640305 -0.947867 -0.312167 0.130781 0.00485596 -0.991399 0.0684018 -0.496503 -0.865336 -0.0158898 -0.982873 0.1836 0.016494 -0.822994 -0.567811 0.0192394 -0.075587 -0.996954 -0.346595 0.286145 -0.893304 -0.0450877 -0.818792 0.572317 0.12883 -0.78794 -0.602124 0.23705 0.163082 -0.957712 0.069651 0.197711 -0.977783 0.0110444 -0.635518 -0.772007 0.0104823 -0.0317661 -0.99944 -0.124885 0.272374 -0.954053 0.0441197 0.104666 -0.993528 -0.279811 -0.890376 -0.359078 0.0062544 -0.040965 -0.999141 -0.0267877 0.0148473 -0.999531 0.0845506 0.187126 -0.978691 -0.0932302 -0.770487 -0.630602 0.196316 -0.0790147 -0.977352 0.0273326 0.0822107 -0.99624 0.00223562 0.0412309 -0.999147 -0.0479741 0.00880602 -0.99881 0.0687369 -0.0634604 -0.995614 -0.00604845 0.114776 -0.993373 -0.0758599 0.0329057 -0.996575 -0.0259505 0.0326037 -0.999131 -0.0174539 0.0650247 -0.997731 0.0315247 0.05337 -0.998077 0.00114539 0.0853197 -0.996353 0.0838245 -0.0819493 -0.993105 0.0470901 0.0797132 -0.995705 0.125811 0.0873311 -0.988203 0.0945262 0.0279751 -0.995129 0.013903 -0.00496509 -0.999891 0.0673005 -0.00224156 -0.99773 -0.0387568 0.040683 -0.99842 -0.0413181 0.043697 -0.99819 -0.0232527 0.0327193 -0.999194 -0.0459133 0.0393182 -0.998171 0.0118157 0.0975823 -0.995157 0.0421154 0.0987703 -0.994219 -0.003248 0.0491363 -0.998787 -0.0157647 0.0862065 -0.996153 0.0183323 0.0342491 -0.999245 -0.0548545 0.0635271 -0.996471 -0.0517998 0.0421377 -0.997768 -0.0336957 0.0339893 -0.998854 -0.0203094 0.0932993 -0.995431 -0.0658241 0.22084 -0.973086 -0.0668908 0.0679845 -0.995441 -0.0546162 -0.0961568 -0.993867 -0.0516749 -0.201951 -0.978032 0.0320717 -0.295021 -0.954952 -0.0510496 -0.29216 -0.955006 0.0312608 0.118816 -0.992424 -0.113039 -0.0429805 -0.99266 0.00755177 0.0886561 -0.996034 -0.0412784 -0.320421 -0.946375 0.100104 0.061729 -0.99306 0.0967644 0.0434306 -0.994359 0.0394237 -0.0199929 -0.999023 -0.0506681 -0.0138739 -0.998619 0.00623009 0.111321 -0.993765 0.0638607 0.132333 -0.989146 -0.0688269 0.0406309 -0.996801 0.3025 -0.121619 -0.945358 -0.0834667 -0.975053 -0.20568 0.0849057 -0.976865 -0.196279 -0.173005 -0.96536 -0.195317 -0.0101381 -0.952642 0.303925 -0.0471958 -0.0290716 -0.998462 -0.0518081 -0.0193918 -0.998469 -0.0217032 -0.0245746 -0.999462 0.0709055 -0.0056072 -0.997467 -0.131486 0.0526176 -0.989921 -0.0602647 0.164517 -0.984532 0.0375601 0.197984 -0.979485 -0.0541642 -0.103217 -0.993183 0.0566858 -0.0341406 -0.997808 0.129071 0.00601688 -0.991617 -0.0515387 0.00897673 -0.998631 -0.0895881 0.0707591 -0.993462 0.0543851 0.148417 -0.987428 -0.0107886 0.10289 -0.994634 0.111162 -0.0036177 -0.993796 0.121604 -0.0262767 -0.992231 0.19049 0.0638563 -0.97961 0.0349015 0.0669982 -0.997142 0.0967726 0.0556844 -0.993748 0.0287601 -0.0669634 -0.997341 0.0178207 -0.0868118 -0.996065 0.0936573 -0.0266684 -0.995247 0.0820199 0.0065969 -0.996609 0.11441 -0.00816753 -0.9934 -0.0284995 0.0796581 -0.996415 -0.00397469 -0.90172 -0.432301 -0.00484109 -0.849141 -0.528144 0.132758 -0.909159 -0.394722 0.0460867 -0.997886 0.0458185 0.0634196 0.174653 -0.982585 0.118782 0.0098086 -0.992872 -0.0242343 0.0405227 -0.998885 -0.100919 0.0784968 -0.991793 0.0385667 0.0663432 -0.997051 0.0481475 0.0617382 -0.99693 0.0399754 0.0695392 -0.996778 0.044753 0.0559862 -0.997428 -0.0877117 0.120028 -0.988888 0.0223244 0.116619 -0.992926 0.0448359 0.0892827 -0.994997 -0.0264574 0.123531 -0.991988 0.0367941 0.0689178 -0.996944 -0.0166948 0.0687495 -0.997494 0.0337467 0.107662 -0.993615 -0.0676577 0.0292204 -0.997281 0.0344912 0.0110151 -0.999344 -0.0282947 0.00932217 -0.999556 -0.0293974 0.0773471 -0.996571 0.0641899 0.0395046 -0.997155 0.108511 0.00930407 -0.994052 0.0641904 0.0355826 -0.997303 -0.00722593 0.0703387 -0.997497 0.177283 0.0799835 -0.980904 0.180002 0.0597703 -0.981849 0.132574 0.0443601 -0.99018 -0.112699 0.118504 -0.986537 0.106388 0.0133937 -0.994234 -0.0114307 -0.0095295 -0.999889 -0.0501711 -0.0238286 -0.998456 -0.0402894 0.0685069 -0.996837 -0.0208132 0.130247 -0.991263 0.0719783 0.0313038 -0.996915 -0.000983188 0.0479415 -0.99885 -0.0231349 -0.0493791 -0.998512 -0.0169153 -0.845226 0.534141 0.0263915 -0.99851 0.0477729 -0.0746269 -0.838973 -0.539031 -0.180035 -0.918558 0.351908 0.0881962 -0.895383 0.436474 0.106927 -0.981087 0.161351 -0.175777 -0.906449 -0.383995 -0.172824 -0.98119 0.0860174 0.0676204 -0.997377 0.0258128 0.123625 0.214678 -0.968829 -0.0379335 0.072167 -0.996671 -0.213895 0.137814 -0.967086 0.000476792 0.114563 -0.993416 0.0165783 0.132991 -0.990979 -0.0403614 0.1645 -0.985551 0.0656299 -0.445836 -0.892706 0.104607 0.00584667 -0.994497 0.0315314 0.0792662 -0.996355 0.0709851 0.0492682 -0.99626 -0.0734146 0.0772227 -0.994307 -0.0166948 -0.0112034 -0.999798 0.0165811 0.0803825 -0.996626 -0.0158708 0.0350305 -0.99926 0.0193629 -0.964607 -0.26298 0.119831 0.0960246 -0.98814 0.0943558 0.0839454 -0.991993 0.095439 0.021186 -0.99521 0.0761075 0.0104643 -0.997045 -0.0161305 -0.0209536 -0.99965 0.0150152 -0.000256034 -0.999887 0.119095 -0.0234649 -0.992606 0.0825743 0.0191676 -0.996401 -0.0120679 -0.999706 0.0210227 0.0676106 -0.00108014 -0.997711 -0.0481301 0.032125 -0.998324 0.0666908 0.021041 -0.997552 0.0773414 0.00515089 -0.996991 0.0241599 0.0212212 -0.999483 0.05887 0.0394334 -0.997487 -0.0414057 0.0177944 -0.998984 0.0278839 0.0403264 -0.998797 0.089089 -0.0492537 -0.994805 -0.00469524 -0.0146456 -0.999882 0.10864 -0.0358091 -0.993436 -0.0303705 -0.00238354 -0.999536 0.00155135 0.0520011 -0.998646 -0.0476455 0.0141428 -0.998764 0.109542 -0.046409 -0.992898 -0.00944195 -0.0176311 -0.9998 -0.00137419 0.0196407 -0.999806 -0.0870723 0.0672007 -0.993933 0.0697485 0.0274461 -0.997187 0.121646 0.104124 -0.987097 0.0052584 0.0671076 -0.997732 0.0492549 -0.0449083 -0.997776 0.0488543 0.0224878 -0.998553 -0.00897556 -0.0747876 -0.997159 -0.0556898 0.114851 -0.991821 -0.00144559 -0.0346912 -0.999397 -0.0458574 -0.00170493 -0.998947 -0.0326219 0.0347916 -0.998862 0.0106325 0.057592 -0.998284 0.0131133 -0.0683307 -0.997577 -0.0504675 0.000605518 -0.998726 -0.0385574 0.111304 -0.993038 -0.0334442 0.0681204 -0.997116 0.0111719 -0.00874324 -0.999899 0.0746913 -0.00266766 -0.997203 -0.000998702 0.000688441 -0.999999 0.0372158 0.0418203 -0.998432 -0.0343674 0.0777361 -0.996381 0.0397857 0.0755431 -0.996349 0.170456 0.0301242 -0.984905 0.0448298 0.0081782 -0.998961 -0.0494133 0.0532444 -0.997358 0.0423677 -0.0130617 -0.999017 -0.00950368 -0.09073 -0.99583 -0.0167567 -0.051961 -0.998509 -0.0333864 0.0578455 -0.997767 0.0784001 0.00651512 -0.996901 -0.0352181 0.0247675 -0.999073 -0.00531674 0.125066 -0.992134 -0.003766 0.0481066 -0.998835 0.0430485 0.0404614 -0.998253 -0.00267851 0.0803124 -0.996766 0.0124015 0.0936184 -0.995531 -0.0955782 0.262168 -0.960277 0.00934712 -0.0202586 -0.999751 0.024265 -0.0318934 -0.999197 0.0869604 -0.0298172 -0.995765 -0.0057489 0.0475774 -0.998851 -0.118998 -0.891373 0.437372 0.0408233 0.0100866 -0.999115 -0.13003 -0.960039 0.247825 -0.0982634 -0.842074 0.530336 0.135134 0.0064195 -0.990807 0.129948 0.0707921 -0.98899 0.109095 0.0134268 -0.993941 0.0957615 0.100232 -0.990345 0.192046 0.0505832 -0.980081 0.144204 0.0555455 -0.987988 0.118033 0.0505864 -0.99172 0.312892 -0.899947 -0.303636 0.0389462 -0.999119 0.0156599 0.081438 0.0235986 -0.996399 0.0493617 0.0282984 -0.99838 0.121726 -0.00822879 -0.99253 0.0876486 -0.00624748 -0.996132 0.106724 -0.0297876 -0.993842 0.054405 0.0239939 -0.998231 0.100793 -0.0354478 -0.994276 -0.0260665 0.0436996 -0.998705 -0.0123553 0.00720442 -0.999898 0.0158057 0.00922517 -0.999833 -0.0111021 0.022072 -0.999695 0.149672 -0.0115381 -0.988668 0.0716503 -0.0118566 -0.997359 0.00390294 0.008746 -0.999954 -0.0642014 0.0586025 -0.996215 0.0175737 0.0759443 -0.996957 -0.067014 0.0307858 -0.997277 0.0377726 -0.00220382 -0.999284 -0.0176494 -0.0142713 -0.999742 0.137908 -0.153727 -0.978442 0.0160811 -0.0232871 -0.9996 -0.0343308 0.0547794 -0.997908 -0.0600565 -0.0249326 -0.997884 -0.0569379 -0.150343 -0.986993 0.0297835 0.0518048 -0.998213 0.00967413 0.0412899 -0.9991 -0.012099 0.0174775 -0.999774 -0.0170082 0.0244493 -0.999556 0.00722525 0.00822089 -0.99994 -0.0479903 -0.00917107 -0.998806 0.10199 -0.0475229 -0.99365 0.00994836 -0.867936 0.496576 0.0263772 -0.99866 0.0445314 0.0241168 -0.992564 0.119311 0.0343914 -0.620754 -0.783251 0.0905666 0.0727895 -0.993227 0.149435 0.0836165 -0.98523 0.135069 0.0372044 -0.990137 -0.1022 -0.908103 0.406085 0.215461 -0.924975 0.313046 0.134366 0.0103465 -0.990878 0.0963901 0.0443834 -0.994354 -0.0500367 -0.996319 0.0696001 0.11126 -0.993685 -0.01451 0.0934555 0.0152943 -0.995506 0.12105 0.0454219 -0.991607 0.00928615 -0.999837 0.0154787 -0.0566292 -0.998178 -0.0208402 0.0947902 0.0295468 -0.995059 0.096471 0.0351075 -0.994716 0.077778 0.0609617 -0.995105 0.054426 0.0423504 -0.997619 -0.0223396 0.00460448 -0.99974 -0.0154271 -0.0499566 -0.998632 0.00271596 -0.0262209 -0.999653 0.136265 0.0246457 -0.990366 0.0199332 -0.0574363 -0.99815 0.0495739 -0.0114918 -0.998704 -0.00731612 -0.998976 0.0446546 0.12817 0.0954609 -0.987147 0.09601 -0.02818 -0.994981 0.104675 -0.0227389 -0.994247 0.0891419 -0.0171634 -0.995871 0.0264059 -0.0820068 -0.996282 0.00925182 -0.0696156 -0.997531 0.132937 -0.988866 0.0668791 0.0369562 -0.997254 -0.0641772 0.137427 0.0308721 -0.990031 0.132953 0.0122104 -0.991047 0.0954357 -0.00948355 -0.99539 0.116111 0.00545156 -0.993221 0.106107 0.0342168 -0.993766 0.0556793 -0.0263248 -0.998102 0.0743338 -0.0517409 -0.99589 0.0254827 0.014482 -0.99957 0.00241695 -0.976986 0.213289 -0.167505 -0.878711 0.447 -0.0344745 -0.999102 -0.0246125 0.137109 -0.984588 0.108572 -0.0153717 -0.999801 -0.0127292 0.0306415 -0.999102 0.0292795 -0.0327846 -0.999462 -0.000231242 0.0483718 -0.997792 -0.0455079 -0.147581 -0.975273 -0.164506 0.0797742 -0.995505 -0.051049 0.0864371 -0.990021 -0.111294 -0.0423976 -0.996388 -0.0735702 -0.0305262 -0.999534 -0.000421934 -0.0853341 -0.994725 0.0569237 0.147936 -0.988725 0.0231764 0.109323 -0.992974 -0.0452897 -0.0476073 -0.984882 -0.166554 0.000396877 -0.999709 0.0241295 -0.111589 -0.983983 -0.139015 0.0248343 -0.999406 -0.0238935 0.0303136 -0.99953 -0.00464076 -0.0086664 -0.999685 0.0235481 -0.0176909 -0.999409 -0.029484 -0.0410721 -0.998746 0.0286113 -0.00115501 -0.999993 -0.00352029 -0.0422068 -0.999028 -0.012731 -0.026695 -0.998471 -0.0483958 0.0205902 -0.999223 0.0336143 -0.0332049 -0.999012 0.0295522 0.063213 -0.997999 -0.00128004 -0.0315529 -0.993112 -0.11284 0.0608704 -0.975924 0.209445 0.136544 -0.98817 -0.0698221 0.111741 -0.965717 0.234316 -0.0131893 -0.999026 0.0420988 -0.0415121 -0.998935 0.0201632 -0.137969 -0.990391 -0.00950666 -0.0772386 -0.996855 -0.0177519 0.069622 -0.994465 0.0786964 0.388126 0.0752256 0.918531 0.534428 0.291249 0.793449 0.220077 0.20838 0.952966 0.622321 -0.027496 0.782279 0.26848 0.053035 0.961824 0.16926 -0.0443657 0.984572 -0.439909 0.012188 0.89796 -0.047134 -0.0390384 0.998125 -0.0310991 0.0326441 0.998983 0.0901804 -0.885468 0.455866 0.0809104 0.102427 0.991445 0.304558 0.318003 0.897841 -0.0113903 0.0336224 0.99937 -0.414718 0.464718 0.782334 -0.282636 0.534018 0.796833 -0.11445 0.0166352 0.99329 -0.325929 0.121067 0.93761 -0.707019 -0.0902709 0.70141 -0.0412981 0.140101 0.989276 -0.596244 0.0605923 0.800513 0.530087 0.614909 0.583862 -0.336504 0.547627 0.766075 0.371731 0.422614 0.826567 -0.504352 0.119399 0.855203 0.829467 0.00417268 0.55854 0.0310734 -0.999469 0.00976732 -0.0430502 -0.997909 0.0482085 0.0467204 -0.996343 0.0715322 -0.0113131 -0.999338 -0.0345867 0.0190152 -0.992817 0.118121 0.612159 0.00931652 0.79068 -0.764495 0.151432 0.62659 -0.566151 0.428195 0.704359 -0.0150598 0.843573 0.536804 -0.742144 -0.0703299 0.66654 0.540705 0.694811 0.474211 -0.00298731 -0.965269 0.261242 0.826525 0.176605 0.534479 0.0886132 -0.995851 -0.0206835 -0.0433661 0.592415 0.804465 0.580035 0.536034 0.613373 -0.966507 -0.0406206 0.253405 -0.830083 0.422201 0.364292 -0.964991 -0.00125925 0.26228 -0.811331 0.37491 0.448537 0.700435 0.594026 0.395631 0.0925915 -0.944097 0.316399 0.155859 -0.855874 0.49314 -0.597841 0.546832 0.586141 0.0594861 -0.99717 0.0459644 0.0215462 -0.999233 0.0326831 -0.0425977 -0.904187 0.425007 -0.067025 -0.874822 0.479786 0.482904 0.665693 0.568909 0.848114 -0.0243134 0.529256 0.0728205 -0.982527 0.171282 -0.282086 0.836711 0.469405 -0.788784 0.0766982 0.609867 0.0242658 -0.874012 0.485299 -0.931926 0.0523283 0.358854 -0.945028 0.303821 0.120892 0.778828 0.603446 0.171112 0.887432 -0.0410543 0.459106 0.887472 -0.0615847 0.456728 -0.0717772 0.907543 0.413779 -0.458314 0.527784 0.715117 -0.296529 0.803562 0.516099 -0.0156157 -0.969281 0.24546 -0.0030068 -0.956214 0.292654 -0.0899911 0.219709 0.971406 0.36342 0.165075 0.916884 -0.0226873 0.868197 0.4957 0.063412 -0.924343 0.376257 -0.435616 0.703664 0.561334 -0.97017 0.204898 0.129567 -0.9878 -0.112573 -0.107606 -0.971902 -0.0910681 0.217057 -0.00471846 -0.965437 0.260594 0.000966466 -0.939927 0.341375 0.282674 0.263423 0.922336 0.335618 -0.326155 0.883732 0.669515 0.473801 0.572069 0.475633 0.623425 0.620576 0.750007 0.2591 0.608569 0.243946 -0.695039 0.676321 0.852931 0.271922 0.445608 0.0617483 -0.91887 0.389698 -0.0359192 0.65825 0.751942 -0.110525 0.590499 0.799435 -0.17904 -0.49186 0.852067 -0.0599965 -0.613187 0.787656 -0.138591 -0.403394 0.90447 -0.318147 0.152363 0.935718 -0.556151 -0.525022 0.644243 -0.469395 0.78501 0.404261 0.0339674 -0.795387 0.60515 0.246883 0.377197 0.89262 -0.000567372 0.505147 0.863033 -0.145501 -0.224949 0.963446 -0.100809 -0.423613 0.900216 -0.105472 -0.370705 0.922742 -0.089213 -0.191233 0.977482 0.94215 0.258949 0.212837 0.868727 0.48051 0.120097 -0.244046 -0.732939 0.635013 -0.141953 0.583221 0.799814 -0.644753 -0.0764819 0.760555 0.373513 0.634151 0.677009 -0.892651 0.450547 -0.0134563 0.0535302 -0.207867 0.976691 -0.0263233 0.357835 0.933414 0.33028 0.00180777 0.943881 -0.150425 -0.35185 0.923891 -0.133069 -0.388647 0.911727 0.0747731 -0.609716 0.789085 -0.0299599 -0.00966769 0.999504 -0.0744973 -0.597667 0.798276 -0.0714903 -0.09196 0.993193 -0.0437974 -0.701603 0.711221 -0.0581484 -0.470488 0.880488 -0.0206023 -0.820513 0.571256 -0.10993 -0.585321 0.803315 0.946962 0.0378612 0.319107 -0.0524645 0.682603 0.728904 -0.26798 0.563403 0.781514 0.981954 -0.154144 0.109572 -0.967575 -0.108351 0.228163 0.0749548 -0.333234 0.93986 0.276182 0.365587 0.888859 -0.103111 -0.109366 0.988639 0.282319 0.500844 0.8182 -0.0544124 0.0733756 0.995819 -0.0538531 0.0434417 0.997603 -0.0349976 -0.154739 0.987335 -0.0897379 0.014939 0.995853 0.193744 -0.370947 0.908219 0.0163388 -0.485119 0.874295 -0.0234443 -0.602397 0.797852 -0.0686422 -0.216191 0.973935 0.0563154 -0.396441 0.916331 -0.0788295 0.0869313 0.993091 -0.0635014 0.245011 0.967439 0.0758694 0.018896 0.996939 0.252772 -0.176819 0.951232 0.00118914 0.540408 0.841402 0.244597 -0.137041 0.959892 -0.400899 -0.713665 0.574424 0.852317 -0.0840875 0.516222 -0.91503 -0.121785 0.384564 -0.999698 0.0145821 0.0197886 0.403411 0.333631 0.852027 0.708466 0.0186476 0.705498 0.966637 -0.149938 0.20768 0.0343175 -0.609829 0.79179 0.104367 -0.435605 0.894067 0.457182 0.34207 0.820959 0.0344689 -0.203151 0.978541 0.0805582 0.381525 0.920842 0.0169089 0.232348 0.972486 0.0316909 -0.41341 0.909993 -0.0732031 -0.396895 0.91494 -0.131801 -0.156888 0.978782 0.0472855 -0.267078 0.962514 0.0210349 -0.562083 0.826814 -0.0584645 -0.626689 0.777074 -0.0320518 0.492881 0.869506 -0.0455665 -0.357012 0.932988 -0.0151756 0.325097 0.945559 0.0182575 -0.109962 0.993768 -0.119695 0.175802 0.977122 -0.0252052 0.406577 0.913269 0.126601 -0.211965 0.969042 -0.212529 0.323615 0.922011 -0.374106 -0.0702786 0.924719 0.451214 0.079092 0.888904 0.433074 -0.457123 0.776843 0.434473 0.0328973 0.900084 -0.277948 0.163537 0.946573 -0.317434 -0.0337115 0.947681 0.147737 0.363819 0.919679 -0.806468 0.539145 0.242758 0.517412 0.453606 0.725621 0.415514 0.149102 0.897283 -0.696253 0.284547 0.658988 -0.250257 -0.288415 0.924223 0.321874 -0.0935084 0.942153 -0.294692 -0.0255699 0.95525 0.383247 -0.0446707 0.922565 0.353754 -0.0115156 0.935268 -0.290207 0.0300926 0.956491 0.534855 0.0528789 0.843288 -0.310071 -0.0365853 0.950009 -0.492415 -0.0534957 0.868715 0.0049383 0.32737 0.944883 0.053185 -0.242549 0.96868 0.112135 -0.0713325 0.991129 0.067623 -0.0944998 0.993226 0.00105561 0.213107 0.977028 0.063418 -0.0315396 0.997489 -0.281461 -0.395916 0.874089 0.046176 0.150076 0.987596 0.00758847 -0.00127039 0.99997 -0.572276 0.575876 0.583838 -0.142418 0.584926 0.798486 -0.590559 0.0328387 0.806326 0.417285 -0.0425814 0.907777 0.661108 0.678714 0.319817 0.617956 0.583335 0.527115 0.752976 0.171822 0.63522 -0.555072 0.104667 0.825191 -0.574655 0.251849 0.778681 -0.229895 0.329819 0.915624 -0.838715 0.226937 0.495032 -0.851089 0.518758 0.0808609 0.566163 -0.0581126 0.822242 0.59538 -0.0903316 0.79835 -0.0572627 -0.0641826 0.996294 -0.290948 -0.367824 0.883207 -0.00790446 -0.0151946 0.999853 -0.400295 -0.0185917 0.916198 -0.0979395 -0.230442 0.968145 -0.390874 -0.524156 0.756623 -0.466703 -0.0316928 0.883846 -0.0437179 -0.311044 0.949389 -0.0729908 -0.308919 0.948284 0.0216895 -0.0894144 0.995758 0.146602 -0.136935 0.979672 -0.0275217 0.532245 0.846143 -0.0754085 -0.263004 0.961843 -0.0036673 -0.490162 0.871624 0.186572 0.253623 0.94914 -0.397019 0.494982 0.772896 -0.577651 -0.0882373 0.811501 -0.353363 0.0514023 0.934073 0.507645 0.028086 0.861109 -0.220623 0.435295 0.872837 -0.00509765 -0.493293 0.869848 -0.0139992 -0.0585037 0.998189 -0.229104 -0.0983904 0.968417 0.0461337 -0.177619 0.983017 0.740678 -0.131059 0.658953 0.657325 -0.0526817 0.751763 -0.450177 -0.686025 0.571586 -0.204227 -0.540961 0.815876 0.115351 0.00424945 0.993316 0.335702 -0.528471 0.779758 -0.120372 -0.236888 0.964051 -0.123749 -0.230988 0.965055 -0.338929 -0.16799 0.925692 0.118937 0.0952003 0.988327 -0.408087 0.292703 0.864749 0.383883 0.645785 0.659997 0.578637 -0.152506 0.8012 0.407757 0.568673 0.714384 0.458001 -0.109867 0.882136 0.394105 -0.0360497 0.918358 0.0281723 -0.0317633 0.999098 -0.0992539 -0.152648 0.983284 0.233443 -0.37938 0.895307 0.516407 -0.712145 0.475576 -0.242091 -0.0494136 0.968994 0.0180985 -0.0895692 0.995816 -0.187173 0.155992 0.969862 0.0135465 0.427982 0.903686 0.497166 0.543572 0.67628 -0.440937 0.622785 0.646308 0.068538 -0.0110896 0.997587 0.208171 0.163349 0.964356 0.641925 0.555528 0.528509 0.285694 -0.48393 0.827158 0.224408 0.402727 0.887385 -0.33924 0.60456 0.72071 -0.236414 -0.0542126 0.970139 -0.141998 0.0034426 0.989861 -0.0267483 -0.375212 0.926553 0.0550793 -0.36096 0.930953 -0.0493971 -0.0213242 0.998552 0.0195632 -0.308815 0.950921 0.0180495 -0.019076 0.999655 0.22159 -0.020691 0.97492 0.0838976 -0.0605158 0.994635 -0.0067599 0.0314704 0.999482 -0.0924672 -0.199678 0.975489 0.690082 -0.557408 0.46161 -0.38452 -0.112961 0.916179 -0.442619 0.133643 0.886695 0.514199 0.489093 0.704548 -0.909182 0.375 0.181004 -0.123114 0.46234 0.878114 0.0570968 0.0539544 0.99691 0.766224 -0.100521 0.634663 -0.755485 0.564921 0.331823 -0.123595 0.336366 0.933586 -0.152835 -0.0711095 0.98569 0.149818 -0.643725 0.750448 0.285964 -0.0928901 0.953727 -0.0673535 -0.124856 0.989886 -0.516056 -0.0283839 0.856084 -0.531354 -0.340276 0.775806 -0.810466 0.193281 0.552981 0.0112418 0.566267 0.824145 0.337737 0.571484 0.74789 0.195441 0.155995 0.968229 -0.0367556 0.132813 0.990459 -0.0956233 0.0791978 0.992262 -0.0216795 0.494284 0.86903 0.673654 0.611621 0.414861 -0.267034 -0.0386943 0.96291 0.0698981 -0.0694652 0.995133 -0.123105 -0.126912 0.984245 0.0454938 -0.377861 0.924744 -0.205653 -0.605238 0.769022 0.011915 -0.246265 0.969129 -0.0357165 -0.0704863 0.996873 0.110567 -0.244356 0.963361 0.128198 -0.214808 0.968206 0.636236 0.512479 0.576687 0.028935 0.62558 0.779624 0.51579 -0.195286 0.834161 -0.0917768 -0.486935 0.868603 -0.502076 -0.240649 0.830667 0.0835931 -0.483928 0.871106 0.256608 0.468348 0.84546 0.0330383 -0.367182 0.929562 -0.0688277 0.520879 0.850851 -0.20008 0.607293 0.768872 0.781889 0.204547 0.588906 -0.0171937 -0.00404817 0.999844 0.112237 0.529989 0.840544 -0.034837 0.534363 0.844537 0.149329 0.483722 0.862389 0.512938 -0.32924 0.792777 -0.27227 -0.54919 0.790101 0.14703 -0.628676 0.763642 -0.904338 -0.159213 0.396009 -0.843577 0.372771 0.386549 0.15528 -0.549586 0.82088 0.531911 -0.509744 0.676189 0.229101 0.487967 0.842259 -0.368439 0.452564 0.812058 -0.278892 0.574592 0.769457 0.518244 -0.728225 0.448454 0.352953 -0.477759 0.804469 -0.419687 -0.632872 0.650643 -0.551258 0.560186 0.618308 0.313709 0.370529 0.87424 -0.73043 0.425954 0.533888 0.144615 0.478115 0.86631 0.0715906 0.297304 0.952095 0.467854 -0.00436302 0.883795 0.518008 -0.0131538 0.855274 0.388234 -0.0983734 0.916296 0.100014 0.216041 0.971248 -0.339918 -0.0248684 0.940126 -0.211383 0.134894 0.96805 0.0474025 0.467431 0.882758 0.189577 0.185596 0.964165 -0.521436 -0.488311 0.699755 0.192661 -0.268372 0.943853 -0.21423 -0.27553 0.937117 -0.139889 -0.386772 0.911504 0.428689 -0.370817 0.823845 -0.114993 -0.744562 0.657575 -0.197526 0.0323462 0.979764 -0.0789842 -0.145761 0.986162 0.0250829 -0.827553 0.560827 0.239669 -0.662977 0.709239 -0.564691 0.25924 0.783529 -0.300157 0.2011 0.932451 0.359516 0.012656 0.933053 0.0547263 0.414277 0.908504 0.356671 -0.3212 0.877278 0.12252 0.224365 0.966773 0.00495144 0.346559 0.938015 0.0267325 0.203719 0.978664 0.45672 0.00848958 0.88957 -0.531397 -0.181416 0.827469 -0.30647 -0.378881 0.873227 -0.39985 -0.0304839 0.916074 -0.507534 0.239134 0.827783 0.426037 -0.178031 0.887016 -0.589166 -0.230615 0.774403 0.557936 0.250148 0.791286 0.0630309 0.380172 0.922766 0.0971135 0.263632 0.959722 -0.236295 -0.622419 0.746163 -0.461333 0.0305287 0.886702 0.149519 -0.249192 0.956842 -0.151754 -0.187985 0.970377 -0.237899 0.141391 0.960944 0.129359 0.0656953 0.989419 -0.0222259 0.178446 0.983699 0.239656 0.31051 0.919863 -0.0183712 -0.0887524 0.995884 -0.159361 0.396629 0.904041 -0.705123 0.298317 0.643279 -0.225137 -0.149389 0.962806 -0.243921 -0.114638 0.962996 0.188138 -0.0693163 0.979693 0.470758 -0.219809 0.854442 0.0819934 -0.242862 0.966589 -0.048076 -0.0593913 -0.997076 -0.0488443 -0.0467058 -0.997714 -0.0494788 -0.0422474 -0.997881 0.0171111 -0.0448086 -0.998849 0.0808579 -0.00111351 -0.996725 -0.00471386 -0.00877801 -0.99995 -0.0522169 -0.000110632 -0.998636 -0.0598354 -0.0123547 -0.998132 -0.0831786 0.0485121 -0.995353 0.004748 -0.0144982 -0.999884 0.0538924 -0.000656182 -0.998547 -0.110279 -0.00724886 -0.993874 -0.0934211 -0.0683096 -0.993281 0.00524604 -0.0608029 -0.998136 0.00277798 -0.0184722 -0.999826 0.00737958 0.00980211 -0.999925 0.0379633 -0.0708216 -0.996766 0.107218 -0.0282176 -0.993835 -0.0160871 -0.0517767 -0.998529 0.000218195 -0.146081 -0.989273 -0.0279918 -0.0245756 -0.999306 -0.0840868 -0.151304 -0.984904 -0.0941658 -0.0965479 -0.990864 0.0202266 -0.0310963 -0.999312 -0.0310919 -0.00111024 -0.999516 -0.0300574 0.0273538 -0.999174 0.0480033 -0.0191126 -0.998664 -0.0151046 -0.0209072 -0.999667 0.0102375 -0.0253645 -0.999626 0.0412886 0.0352429 -0.998526 0.020024 0.0263823 -0.999451 -0.0290535 -0.0197293 -0.999383 -0.0281741 -0.0301846 -0.999147 0.0037696 -0.016732 -0.999853 -0.0335383 -0.0443437 -0.998453 0.0267785 -0.0222142 -0.999395 0.0308421 0.021039 -0.999303 0.00329069 0.00343526 -0.999989 0.0480439 -0.00371337 -0.998838 0.140778 -0.039948 -0.989235 0.0487907 -0.0509268 -0.99751 0.0473641 -0.0264519 -0.998527 0.0106808 -0.00142205 -0.999942 -0.136475 -0.0756137 -0.987754 -0.0956063 -0.0747231 -0.992611 0.0234317 -0.0072093 -0.999699 0.0989834 0.0798557 -0.99188 -0.00855985 -0.0161121 -0.999834 -0.0106509 -0.0605386 -0.998109 0.0325117 -0.00276829 -0.999468 -0.0246809 -0.058611 -0.997976 0.141144 0.0104682 -0.989934 0.124541 0.0240819 -0.991922 0.00128009 -0.0346378 -0.999399 -0.0010815 -0.0823227 -0.996605 -0.0763584 -0.0622774 -0.995134 0.00744211 -0.0976156 -0.995196 0.053398 -0.106041 -0.992927 0.0763176 -0.0422974 -0.996186 -0.00592577 -0.0262458 -0.999638 -0.052933 -0.0343078 -0.998009 -0.109226 -0.00509719 -0.994004 0.0427374 0.00960608 -0.99904 -0.103412 -0.00216926 -0.994636 -0.0545323 -0.00207937 -0.99851 0.0281662 -0.0134117 -0.999513 -0.0304098 -0.0151697 -0.999422 -0.00864629 -0.0244042 -0.999665 -0.00729012 -0.0846651 -0.996383 0.00690495 -0.0442757 -0.998995 0.018539 -0.026946 -0.999465 0.0723268 -0.00732049 -0.997354 0.0432351 0.0131672 -0.998978 -0.0691458 -0.0580033 -0.995919 -0.00175112 -0.0377032 -0.999287 0.0531476 -0.0887869 -0.994632 -0.0105696 -0.0477897 -0.998802 -0.00531348 -0.0445416 -0.998993 0.0251772 -0.0688828 -0.997307 -0.00137101 -0.0826474 -0.996578 -0.0322501 -0.0359257 -0.998834 -0.0499674 -0.0377074 -0.998039 -0.00113163 -0.0162505 -0.999867 0.00257186 -0.0218482 -0.999758 0.00549298 -0.0305485 -0.999518 0.0667174 -0.0967816 -0.993067 -0.0162083 -0.100195 -0.994836 -0.0949082 -0.012195 -0.995411 0.00646147 -0.11517 -0.993325 0.027108 0.0227225 -0.999374 -0.0339546 -0.0237082 -0.999142 -0.0497535 -0.0120952 -0.998688 -0.0296043 -0.0369119 -0.99888 -0.0235604 -0.0181835 -0.999557 -0.00940915 -0.0329003 -0.999414 -0.0760622 -0.0312282 -0.996614 0.0477492 0.0017792 -0.998858 0.0292369 0.0315357 -0.999075 -0.0365849 0.00407579 -0.999322 -0.0280268 0.0257938 -0.999274 -0.0413249 8.13837e-5 -0.999146 0.00137569 0.0486437 -0.998815 0.0287668 0.0282413 -0.999187 0.0737081 0.034365 -0.996688 -0.0767173 -0.0253764 -0.99673 -0.0437282 -0.0310763 -0.99856 -0.00598343 -0.0408114 -0.999149 -0.0492047 0.0253514 -0.998467 -0.0866395 -0.0243552 -0.995942 -0.00480736 -0.0142928 -0.999886 -0.0276735 -0.00563093 -0.999601 0.0200464 -0.0390213 -0.999037 -0.00521138 -0.0453955 -0.998956 -0.0125951 -0.0753324 -0.997079 0.0330694 0.019768 -0.999258 0.0287671 -0.0379168 -0.998867 -0.0266197 -0.0328998 -0.999104 -0.026057 -0.0641811 -0.997598 0.180262 0.0699839 -0.981126 0.0994117 0.0543311 -0.993562 -0.0454833 -0.0437754 -0.998006 0.0103682 -0.0110907 -0.999885 -0.00148734 -0.0112354 -0.999936 0.0609719 -0.0209422 -0.99792 0.049487 -0.0845852 -0.995187 0.032609 -0.100811 -0.994371 -0.0363377 -0.0488428 -0.998145 -0.0235396 -0.0572459 -0.998083 0.0117467 -0.0645526 -0.997845 -0.0487903 0.0181239 -0.998645 -0.0386539 -0.00392122 -0.999245 -0.0846525 0.0214149 -0.99618 -0.0380607 0.0029255 -0.999271 0.00451337 0.0136831 -0.999896 -0.0607169 -0.0275315 -0.997775 -0.0483601 0.12011 -0.991582 0.0393597 -0.0600773 -0.997417 -0.0189051 -0.0449982 -0.998808 -0.0415974 0.00537694 -0.99912 -0.116104 0.0250099 -0.992922 -0.0408122 -0.0205967 -0.998955 0.00619071 -0.000569609 -0.999981 -0.0322939 -0.0434764 -0.998532 -0.0138335 -0.0497031 -0.998668 -0.0619294 -0.0213521 -0.997852 -0.0183573 -0.0469782 -0.998727 -0.0311039 0.00167565 -0.999515 0.00813081 -0.0322876 -0.999446 -0.0403294 -0.0237938 -0.998903 -0.0258908 -0.0293597 -0.999234 -0.0188664 -0.049109 -0.998615 -0.0258949 0.0461267 -0.9986 0.0851469 0.106139 -0.990699 0.0640836 -0.078009 -0.994891 -0.0103432 0.0505497 -0.998668 -0.00445763 -0.037583 -0.999284 -0.0290794 -0.0170039 -0.999433 0.00850734 -0.0133883 -0.999874 0.0405244 -0.0157235 -0.999055 -0.00819114 -0.0593015 -0.998206 -0.00125351 -0.012144 -0.999925 0.0131152 0.0351976 -0.999294 -0.0159199 -0.016006 -0.999745 0.0049149 -0.0533689 -0.998563 0.0242968 -0.0424349 -0.998804 -0.00920305 -0.0375236 -0.999253 -0.0520587 -0.0141858 -0.998543 -0.0146933 -0.0361045 -0.99924 -0.0380816 -0.0286646 -0.998863 -0.00228972 -0.00422728 -0.999988 0.00499738 -0.0146324 -0.99988 -0.0342658 -0.0151042 -0.999299 -0.00913542 0.00467199 -0.999947 0.0076678 -0.0526515 -0.998584 0.0432785 -0.0328668 -0.998522 0.0301154 -0.0256951 -0.999216 -0.0464798 -0.0773406 -0.995921 -0.0011689 -0.00872287 -0.999961 -0.0135971 0.00577754 -0.999891 0.0357309 -0.0149377 -0.99925 0.0111772 -0.0829595 -0.99649 -0.0536277 -0.0300925 -0.998107 0.0663965 -0.0263745 -0.997445 0.0306285 -0.0351683 -0.998912 -0.0337436 -0.00289284 -0.999426 -0.00649464 -0.0331097 -0.999431 0.00431486 0.0101682 -0.999939 -0.0663704 -0.00592817 -0.997777 0.0411675 -0.0450138 -0.998138 0.0525902 0.00922048 -0.998574 -0.0359042 -0.0155077 -0.999235 -0.00471768 -0.0847035 -0.996395 -0.140123 -0.00211228 -0.990132 -0.871935 -0.0421151 -0.487807 -0.232313 -0.0361699 -0.971968 0.0366147 -0.015997 -0.999201 -0.0473926 -0.0336116 -0.998311 -0.771565 0.0285869 -0.635508 -0.25769 0.0488173 -0.964994 0.0753824 -0.0316378 -0.996653 -0.141153 0.0421828 -0.989089 0.0130082 0.0144074 -0.999812 -0.720391 0.069748 -0.690052 0.0473894 -0.0487999 -0.997684 0.021732 -0.00164487 -0.999762 0.0199753 -0.075778 -0.996925 -0.0121464 0.0232131 -0.999657 -0.019091 0.00810383 -0.999785 -0.0294857 0.0134737 -0.999474 -0.0803542 -0.0573052 -0.995118 0.021921 -0.0468901 -0.99866 -0.00852362 -0.0826451 -0.996543 -0.0143942 0.0356522 -0.999261 -0.0117279 0.0456087 -0.998891 -0.0119436 0.0116435 -0.999861 0.00431415 0.0326114 -0.999459 -0.0266702 0.0434897 -0.998698 -0.0270222 0.0495015 -0.998408 -0.047826 0.0168321 -0.998714 -0.0703225 0.0352685 -0.996901 -0.0623596 0.052447 -0.996675 -0.0174235 -0.0300442 -0.999397 -0.0516707 0.0122544 -0.998589 -0.100379 -0.038547 -0.994202 0.03939 -0.0479613 -0.998072 0.0366179 0.0270841 -0.998962 0.00365309 -0.0517122 -0.998655 -0.000336096 -0.0518056 -0.998657 0.0535005 -0.0539689 -0.997108 0.0384935 -0.0230777 -0.998992 0.00504545 -0.0142838 -0.999885 0.00757248 -0.0219069 -0.999731 0.0620349 -0.0336751 -0.997506 0.0615678 -0.102951 -0.992779 0.0192109 -0.0654153 -0.997673 0.0572638 -0.0308505 -0.997882 -0.0356278 -0.00271008 -0.999361 -0.0114892 -0.0527138 -0.998544 0.0331501 -0.00564642 -0.999434 0.0057556 0.0257121 -0.999653 -0.0336277 0.0490096 -0.998232 0.0403836 0.0137365 -0.99909 0.0292201 -0.0602931 -0.997753 -0.138147 -0.070727 -0.987883 -0.624743 0.193074 -0.756584 -0.679853 0.119952 -0.723472 -0.305469 -0.0956462 -0.947386 -0.746921 -0.0772878 -0.660406 -0.947048 0.0381281 -0.318821 -0.370342 0.00895087 -0.928852 -0.478404 -0.196911 -0.855778 0.266165 -0.061711 -0.96195 -0.00034667 0.221839 -0.975083 -0.848583 0.172324 -0.500211 -0.0381797 -0.0173394 -0.99912 -0.0207703 -0.0723781 -0.997161 -0.162354 0.135462 -0.97739 -0.217675 -0.0166453 -0.975879 -0.136231 -0.00422543 -0.990668 -0.0925623 -0.0315409 -0.995207 0.029452 -0.124463 -0.991787 0.0912432 -0.154161 -0.983824 -0.00273026 0.0298872 -0.99955 -0.0331573 -0.0727835 -0.996796 0.000489557 -0.0187371 -0.999824 0.0206588 -0.0468772 -0.998687 -0.0883096 -0.130755 -0.987474 -0.557869 -0.0315588 -0.829329 -0.0455886 -0.00216649 -0.998958 -0.752829 -0.150809 -0.640706 -0.995171 -0.0629969 -0.0752742 -0.831744 -0.00766877 -0.555107 -0.272918 0.0343299 -0.961425 -0.0056126 -0.0348062 -0.999378 -0.0359273 -0.0116571 -0.999286 -0.0194418 -0.0501133 -0.998554 -0.0130248 -0.000295163 -0.999915 -0.894319 -0.0433109 -0.44533 -0.455021 0.0187889 -0.890282 -0.0108043 0.0170119 -0.999797 0.0256126 -0.0208165 -0.999455 0.0354849 -0.0292626 -0.998942 0.0222608 -0.00941301 -0.999708 -0.0193375 -0.012811 -0.999731 0.0165501 -0.0191736 -0.999679 0.0444221 -0.0214399 -0.998783 0.0211405 -0.0207644 -0.999561 0.00974378 0.0220143 -0.99971 0.00599712 0.000846213 -0.999982 0.00443911 0.00801185 -0.999958 -0.0288023 0.0216774 -0.99935 -0.0315745 -0.0469165 -0.9984 0.0170778 -0.0809707 -0.99657 -0.111055 -0.0469686 -0.992704 -0.049436 -0.0037491 -0.99877 -0.111502 0.0560024 -0.992185 -0.0816275 0.0387695 -0.995909 -0.0222862 -0.0583776 -0.998046 -0.013263 -0.000118443 -0.999912 -0.0190311 -0.0313249 -0.999328 -0.0214895 -0.0261016 -0.999428 0.00506596 -0.0409748 -0.999147 -0.00931118 -0.00210523 -0.999954 0.0430632 -0.0242592 -0.998778 0.0264349 -0.0464596 -0.99857 0.0641077 -0.084957 -0.99432 0.0157452 -0.0247272 -0.99957 -0.00911164 0.0601793 -0.998146 -0.0235987 0.00706398 -0.999697 0.00896749 0.0123563 -0.999883 0.0215822 -0.102718 -0.994476 -0.0228017 -0.0958083 -0.995139 0.0116021 -0.0214498 -0.999703 0.0283548 -0.00883943 -0.999559 0.0720781 -0.0185811 -0.997226 0.000439749 0.0101174 -0.999949 -0.0375884 -0.0391081 -0.998528 -0.0433091 -0.0126094 -0.998982 0.0240979 0.00885368 -0.99967 0.0005558 -0.00341774 -0.999994 -0.0214507 -0.00263989 -0.999766 0.0429859 -0.0641812 -0.997012 -0.00457233 -0.0199133 -0.999791 -0.108954 -0.0845262 -0.990447 -0.0674021 -0.0578071 -0.99605 -0.0423411 0.0509154 -0.997805 -0.145199 0.0309077 -0.98892 0.0808562 -0.0186525 -0.996551 -0.997405 0.0714859 -0.00848776 -0.930283 -0.0596269 -0.361965 -0.0434012 -0.087783 -0.995194 -0.0725801 -0.10195 -0.992138 0.0176289 0.0208914 -0.999626 -0.102913 -0.230207 -0.967685 -0.0543715 0.0579692 -0.996837 -0.798001 -0.0677196 -0.59884 0.067611 0.0749046 -0.994896 -0.999665 -0.0155485 0.0206764 -0.996656 -0.0102337 -0.0810686 -0.997786 0.0590892 -0.0305076 -0.991548 0.0871935 0.0960745 -0.998177 0.048949 -0.0352969 -0.998611 0.0012861 0.0526819 -0.991893 0.0665293 -0.108265 -0.990638 0.0502119 -0.126947 -0.996694 -0.04063 -0.0703577 -0.9932 0.0180461 -0.115013 -0.980624 -0.161137 -0.111408 -0.991022 -0.128741 0.0360601 -0.991191 0.0263305 -0.129797 -0.997663 -0.0623667 -0.0279105 -0.998183 0.0368414 0.0476815 -0.996624 0.0624936 0.0532434 -0.993682 0.0924159 -0.0636749 -0.999687 -0.0249884 -0.000836352 -0.999851 0.0172199 0.00104592 -0.992198 -0.0207849 -0.122924 -0.994924 -0.0982865 -0.0215878 -0.994402 -0.0613514 0.0860297 -0.9871 -0.029864 0.157293 -0.973433 -0.00580962 -0.228897 -0.995854 -0.0835486 -0.0359667 -0.987077 0.111337 -0.115248 -0.957262 0.253372 -0.139468 -0.985236 -0.0907221 -0.14519 -0.999086 0.00845088 0.0419006 -0.976303 -0.0534684 -0.209697 -0.980895 0.0827885 -0.176044 -0.962722 0.187784 0.194688 -0.963989 0.034969 -0.263634 -0.953551 -0.0137528 -0.300919 -0.981343 0.0490217 0.18591 -0.990441 -0.053073 -0.127317 -0.989466 0.130016 -0.0636654 -0.991564 0.0973004 -0.0856372 -0.987991 0.0940357 -0.1226 -0.984003 -0.0316208 -0.175325 -0.998378 -0.0457727 -0.0338433 -0.981257 -0.0440353 -0.187607 -0.947611 0.230728 -0.220901 -0.999629 0.0187972 -0.0197214 -0.99617 -0.0536534 0.0690377 -0.996454 0.0338808 -0.0770099 -0.960539 -0.000203667 -0.278144 -0.923598 -0.145227 0.35479 -0.998679 0.0505839 0.00908913 -0.969256 -0.0118223 0.245772 -0.997733 -0.0652272 0.0165653 -0.979616 0.0326831 -0.198204 -0.941594 0.0207359 0.336112 -0.730486 -0.0327157 0.682144 -0.844374 0.0453142 0.533834 -0.516862 -0.0585351 0.854065 -0.406241 0.0088476 0.913723 0.0871003 -0.0364333 0.995533 0.0325292 -0.0229257 0.999208 0.0440259 -0.0473061 0.99791 -0.484815 0.0124656 0.874528 -0.359994 -0.0716166 0.930202 0.0450014 -0.0314518 0.998492 0.0438171 -0.0417285 0.998168 0.0631193 -0.033684 0.997437 -0.470267 -0.0979789 0.877068 0.0598534 -0.00914178 0.998165 0.0451944 -0.016193 0.998847 0.109648 -0.0347206 0.993364 0.0909285 -0.0358443 0.995212 0.0584873 -0.0312327 0.997799 -0.783696 -0.0940903 0.613977 -0.0852849 -0.00530167 0.996343 0.0873984 0.017289 0.996023 0.0470143 -0.0277305 0.998509 -0.177346 0.00837412 0.984113 -0.633421 -0.0712502 0.770521 0.0831588 -0.0291747 0.996109 0.0843418 -0.0283512 0.996033 0.0651182 -0.0262414 0.997532 0.0907599 -0.0075438 0.995844 -0.13338 -0.0641123 0.988989 -0.144163 0.0291245 0.989125 0.0704182 -0.0855719 -0.99384 -0.233869 -0.0598346 -0.970425 -0.23403 -0.191913 -0.9531 -0.545518 -0.668785 -0.505111 0.00248172 0.217882 -0.975972 0.103247 0.240451 -0.965155 0.0919447 0.123606 -0.988063 0.0276956 0.136992 -0.990185 0.1903 -0.0671815 -0.979425 -0.335263 0.0659237 -0.939815 0.07069 0.216352 -0.973753 0.154534 0.0450162 -0.986961 -0.704033 -0.557154 -0.44036 -0.649881 0.0356546 -0.759199 -0.729818 0.0509711 -0.681738 0.447439 -0.0556693 -0.89258 0.345643 -0.0531923 -0.936857 0.053528 -0.101042 -0.993441 0.0441187 -0.0568773 -0.997406 0.103518 -0.067645 -0.992325 0.0975149 -0.0550669 -0.993709 -0.608957 -0.223011 -0.761208 -0.152705 -0.515682 -0.843062 -0.957616 0.0358664 -0.285808 -0.0302246 0.00436563 -0.999534 -0.0613061 -0.401087 -0.913986 0.033459 -0.587548 -0.808497 0.0320465 0.236973 -0.970988 0.146188 -0.137272 -0.979686 -0.361977 -0.0597551 -0.93027 -0.801913 0.0182125 -0.597163 -0.964748 0.139534 -0.223139 -0.981757 -0.078436 -0.17321 0.0337968 -0.275835 -0.960611 0.131126 -0.0563946 -0.98976 0.0624066 -0.1021 -0.992815 0.339075 -0.11133 -0.934149 0.165901 0.0494895 -0.9849 0.0721399 0.0501739 -0.996132 0.0189799 0.145299 -0.989206 0.027871 0.038699 -0.998862 0.0278371 0.0588691 -0.997878 0.00494396 0.0495116 -0.998761 0.0951534 -0.0026563 -0.995459 -0.0284327 0.0785695 -0.996503 -0.151435 0.085191 -0.984789 -0.994584 -0.0109329 -0.103357 0.380387 0.0783708 -0.921501 0.493053 -0.048969 -0.86862 -0.983326 0.118901 0.137596 -0.622591 -0.767557 0.152434 0.192744 -0.646201 -0.738427 0.813384 -0.580595 -0.0362636 -0.892817 -0.301757 -0.334396 -0.996553 0.036882 0.074316 0.222597 0.215109 -0.950883 -0.179171 0.0143944 -0.983713 0.0317159 -0.0135893 -0.999405 0.101059 -0.719261 -0.687351 0.11941 -0.0379419 -0.99212 0.0695863 0.0226561 -0.997319 0.0444413 -0.0260469 -0.998672 0.032206 -0.0380467 -0.998757 0.0571592 -0.0528883 -0.996963 0.0236523 -0.0227647 -0.999461 -0.410804 0.109657 -0.905105 -0.998502 0.026606 -0.0478075 -0.779692 0.407303 -0.475588 -0.213959 0.183241 -0.959502 0.0315798 -0.0278224 -0.999114 -0.0227575 -0.022253 -0.999493 -0.0501182 0.155413 -0.986577 0.0512159 0.0347075 -0.998084 0.0677391 -0.0341749 -0.997118 0.0637975 0.0707275 -0.995453 0.112285 0.0473079 -0.992549 0.0405595 0.0364761 -0.998511 0.0869323 -0.0229951 -0.995949 0.0592747 0.0421602 -0.997351 0.0312862 0.049307 -0.998294 -0.0027352 0.125128 -0.992137 0.0518264 0.0591363 -0.996904 0.280003 0.124538 -0.951887 -0.629993 0.0626305 -0.774071 0.0336559 0.026071 -0.999093 0.104457 -0.568548 -0.815992 0.143979 -0.0580866 -0.987875 -0.991162 0.13265 -0.00137975 0.147783 -0.966096 0.211707 -0.160955 -0.98494 0.0631456 -0.67597 -0.686223 0.268631 -0.475511 -0.671089 0.568796 0.0788364 -0.149915 -0.985551 0.0735953 0.00234653 -0.997285 0.0616411 -0.017353 -0.997948 0.0487086 0.0356131 -0.998178 0.00908884 -0.0405171 -0.999138 0.0567798 -0.175348 -0.982868 0.0122055 -0.197948 -0.980137 0.032652 -0.00721562 -0.999441 0.0402716 0.0714677 -0.99663 0.0371408 0.055253 -0.997781 0.0459711 0.0340663 -0.998362 0.0761578 0.0317669 -0.99659 0.034324 0.015943 -0.999284 0.0252185 0.0589852 -0.99794 0.0255069 -0.0355908 -0.999041 -0.0137185 0.0587104 -0.998181 0.112116 0.110532 -0.987529 0.0586649 0.138383 -0.98864 0.0603798 0.124503 -0.99038 0.0537378 0.0709525 -0.996031 0.00996457 0.148451 -0.98887 0.050678 0.013172 -0.998628 0.12366 0.0856357 -0.988623 0.185137 0.193535 -0.963467 0.0435366 0.186694 -0.981453 -0.0214442 0.152763 -0.98803 0.0283419 -0.00970825 -0.999551 0.0452882 0.0510173 -0.99767 0.0838795 0.0281443 -0.996078 0.0987264 -0.0490451 -0.993905 0.0681278 -0.663956 -0.744662 0.365968 -0.644964 0.670887 -0.903942 0.131979 0.40678 -0.982122 -0.0654477 0.176504 -0.96817 -0.0114146 0.250034 -0.986853 0.0708833 0.14525 0.0409588 0.00655885 -0.999139 0.119337 0.115618 -0.986099 0.0128468 -0.00371817 -0.999911 0.020577 -0.028503 -0.999382 0.00118599 0.0689068 -0.997622 -0.00865475 0.110311 -0.993859 0.0311079 0.0845197 -0.995936 0.0167866 0.045346 -0.99883 0.0496223 0.072315 -0.996147 0.100111 0.106593 -0.98925 0.128643 0.150532 -0.9802 0.123118 -0.0857347 -0.988682 0.0492581 -0.0456954 -0.99774 0.0316904 -0.252176 -0.967162 0.0275055 -0.196887 -0.98004 0.0909684 0.0177918 -0.995695 0.0703854 -0.0401436 -0.996712 0.119554 0.10548 -0.987209 0.0473433 -0.044548 -0.997885 0.0578753 -0.961383 -0.269059 -0.00231621 -0.265725 -0.964046 -0.23256 -0.843147 0.484787 0.0249434 -0.400255 0.916065 -0.180809 -0.979182 0.0922546 -0.98854 0.144831 0.0425643 -0.986508 0.106832 0.124054 -0.018089 0.104267 -0.994385 -0.0835342 0.100358 -0.991439 0.0507201 -0.00784446 -0.998682 0.0467233 0.107781 -0.993076 -0.00351213 0.047835 -0.998849 0.0893856 -0.62942 -0.771907 -0.0755571 -0.754885 -0.651491 0.0388601 -0.0261402 -0.998903 0.0041119 -0.83549 -0.549491 -0.0349986 -0.179298 -0.983172 -0.0686101 -0.109574 -0.991608 0.011184 0.0452828 -0.998912 0.0723763 0.261482 -0.962491 0.0374483 0.0793839 -0.99614 0.0302275 0.0404781 -0.998723 0.0610196 -0.0421294 -0.997247 -0.201187 -0.789333 -0.580066 -0.236532 -0.813124 -0.531867 -0.487848 -0.870704 0.0622877 -0.999542 0.000605806 0.0302418 -0.0869416 -0.798477 -0.595715 0.0120365 -0.925483 0.378599 -0.0413518 -0.998974 -0.018466 -0.98731 -0.150835 0.0496708 -0.0156252 -0.971983 0.234531 -0.0564381 -0.991278 0.119088 -0.0423921 -0.997808 0.0508129 -0.0116888 -0.998338 -0.056426 -0.76148 -0.64017 0.101639 -0.351219 -0.934907 0.0509274 -0.974042 0.210067 0.0843433 -0.987166 0.101234 0.123514 -0.160967 -0.986467 -0.0311899 -0.00898303 -0.996592 0.0819977 -0.112108 -0.991324 -0.0686201 -0.988721 0.108343 -0.103401 -0.98882 0.141592 0.0467583 -0.133743 -0.987486 0.0835752 -0.996488 -0.0836935 -0.00263921 -0.989992 -0.136581 0.0355158 -0.990908 -0.00936062 0.134219 -0.99988 0.0138919 -0.00685429 -0.0679815 -0.996688 -0.0446309 0.142836 -0.989197 0.0329733 -0.975798 0.120199 0.182675 -0.0115709 -0.99833 -0.056592 -0.0162156 -0.999383 -0.0311442 -0.287928 -0.946473 0.145902 0.090259 -0.995795 -0.0156869 -0.989909 0.069826 0.123307 -0.95576 -0.0429013 0.291004 -0.962675 0.00930538 0.270501 -0.135323 -0.891397 0.43255 -0.453485 -0.770382 0.448177 -0.130607 -0.93261 0.336424 -0.794764 -0.443128 0.414714 -0.959293 0.165798 0.228622 -0.0889311 -0.987087 0.133229 -0.124338 -0.876957 0.464205 -0.916819 -0.0243005 0.398563 -0.849745 0.0884363 0.519724 -0.0741851 -0.982405 -0.1714 -0.70916 -0.212641 0.672217 -0.992549 0.021806 0.119878 -0.982243 -0.0125195 0.187198 -0.843114 0.0291436 0.536945 -0.00797856 -0.996003 -0.0889621 -0.0835921 -0.989809 -0.115286 -0.151976 -0.983517 -0.0979717 -0.638689 0.200979 0.742754 -0.710245 -0.0344484 0.703111 -0.728163 -0.00597087 0.685378 -0.835301 0.0163828 0.54955 -0.844122 0.0348421 0.535018 -0.145826 -0.47881 0.865722 -0.0144585 -0.995169 -0.0971087 -0.0883959 -0.995748 -0.0259191 -0.159275 -0.61674 0.770885 -0.502669 -0.0297836 0.863966 -0.691172 0.0120015 0.72259 -0.396557 -0.407264 0.822726 -0.246383 0.20452 0.947347 -0.267673 -0.085718 0.959689 -0.553375 -0.0110143 0.83286 -0.530415 -0.62106 0.577014 -0.186419 0.464688 0.865629 -0.117051 0.558724 0.821053 -0.0799861 -0.0175395 0.996642 -0.0195246 -0.106952 0.994072 -0.203796 -0.656016 0.726712 -0.39422 0.261923 0.880902 -0.260051 -0.398877 0.879358 -0.709303 0.0697157 0.701447 -0.247162 0.0760024 0.965989 0.23468 0.124389 0.964081 0.0582018 0.531502 0.845055 -0.032181 -0.0528836 0.998082 -0.257269 -0.0699355 0.963806 -0.571074 -0.151574 0.806784 -0.142234 -0.435353 0.888953 -0.485638 0.0211477 0.873904 -0.199743 0.640976 0.741116 -0.435216 0.110212 0.893555 0.111918 -0.495958 0.861104 -0.766779 0.0492446 0.640019 -0.409489 -0.0338538 0.911687 -0.48303 0.00564549 0.875585 -0.0963691 -0.214595 0.971937 -0.696069 -0.128464 0.706389 -0.777015 -0.0893301 0.623111 -0.80993 -0.10045 0.577861 -0.0561604 -0.997451 0.0440227 -0.00664973 -0.987715 0.156122 0.410417 0.654254 0.635224 0.690338 0.202999 0.694424 0.559366 -0.0924617 0.823748 0.124387 -0.101784 0.986999 0.00824236 -0.0514062 0.998644 -0.0673655 0.195341 0.978419 -0.495671 0.505226 0.706439 -0.35401 0.455972 0.816558 -0.0155476 0.381735 0.924141 -0.478405 0.562357 0.67445 0.0789083 0.565357 0.821064 -0.784861 -0.160968 0.5984 -0.110657 -0.490174 0.864572 -0.0773874 -0.275505 0.95818 0.256135 -0.331199 0.908131 0.0583075 -0.0435349 0.997349 0.251187 -0.0272836 0.967554 0.10662 -0.0361127 0.993644 0.561864 -0.0178769 0.827036 0.0097536 -0.0544878 0.998467 0.291123 -0.04388 0.955679 -0.147022 0.286939 0.946599 0.0405264 0.241806 0.969478 -0.0632622 -0.0438278 0.997034 -0.702793 -0.066752 0.708256 -0.00730212 -0.0260119 0.999635 -0.252316 -0.0633777 0.965567 -0.0276299 -0.0225132 0.999365 0.0282023 -0.0341122 0.99902 -0.497222 -0.800047 0.3357 -0.133663 0.232295 0.963417 -0.663948 0.511081 0.545866 -0.617691 0.207518 0.758548 -0.762715 -0.113798 0.636645 0.285497 -0.461071 0.840181 -0.340005 -0.236578 0.91018 -0.715286 0.191855 0.67198 -0.224189 0.688246 0.689969 -0.122429 0.823509 0.553935 0.392667 -0.287154 0.873702 -0.378611 -0.48319 0.789418 0.566121 -0.217164 0.795202 0.690514 -0.0649635 0.720396 -0.908704 -0.234096 0.345625 -0.907644 -0.0998887 0.407682 -0.838109 -0.072498 0.540663 0.300275 -0.0508402 0.952497 -0.679836 -0.167381 0.714008 -0.602782 -0.0503529 0.796315 -0.707333 -0.0748363 0.702908 -0.289522 -0.0696431 0.954635 -0.370496 -0.475393 0.797957 0.0130991 0.431254 0.902135 -0.0721246 0.127633 0.989196 0.420004 0.136751 0.89716 -0.0387126 -0.125638 0.991321 -0.653506 -0.250614 0.714229 -0.103425 -0.634655 0.765843 0.372165 -0.508267 0.776632 0.121967 -0.423735 0.897537 -0.0416693 -0.967571 0.249139 -0.0526366 -0.984554 0.166981 0.544444 0.533949 0.6469 -0.184872 0.804175 0.564911 0.698906 -0.052475 0.713286 0.728617 -0.0492147 0.683151 0.354089 -0.0259526 0.934852 0.0576767 -0.0251442 0.998019 -0.960373 -0.191915 0.20212 0.396113 -0.228201 0.889393 0.0957361 -0.236892 0.966808 -0.492618 -0.182616 0.85087 -0.611573 -0.089898 0.786064 -0.637917 -0.0771415 0.766232 -0.532258 0.17547 0.828198 0.42629 -0.153517 0.891465 -0.779259 -0.0198922 0.626386 -0.48449 -0.0510197 0.873308 -0.102454 -0.799542 0.591807 0.725537 0.197649 0.65919 0.104233 0.640466 0.76088 0.583471 -0.106464 0.805126 -0.525774 0.677268 0.514655 -0.0840506 0.854001 0.513438 -0.371555 0.919098 0.131169 -0.841759 0.384868 0.378573 0.218642 -0.331897 0.917627 -0.0967035 -0.658722 0.746146 0.751743 -0.104016 0.651202 -0.468007 -0.352598 0.810336 -0.38279 -0.633731 0.672203 -0.377257 -0.385177 0.842209 -0.492843 0.40093 0.772244 0.284966 0.376487 0.881505 0.295835 0.432505 0.851716 0.218228 -0.31567 0.923433 -0.854895 -0.0634688 0.514905 -0.000660081 -0.886074 0.463543 0.394613 0.56439 0.725082 -0.401711 0.559 0.72536 -0.14834 0.7319 0.66507 0.512658 -0.174305 0.840714 -0.482516 -0.285181 0.828161 -0.88551 -0.143715 0.441835 -0.877088 -0.0847081 0.472801 -0.922815 -0.0933702 0.373757 -0.267386 -0.542587 0.796307 -0.238235 -0.465599 0.852327 -0.178117 0.0729235 0.981303 -0.243825 0.204424 0.94803 -0.512399 -0.157004 0.844273 0.567943 -0.159228 0.807519 -0.51119 -0.268905 0.816318 0.177242 -0.30013 0.937287 -0.0315204 -0.64532 0.763262 0.0997186 0.285489 0.95318 0.158515 -0.0767868 0.984366 -0.144644 -0.363988 0.920104 0.159547 -0.307622 0.938037 -0.416004 0.236911 0.87796 -0.232678 -0.407084 0.883257 -0.181121 -0.231472 0.955833 -0.466274 -0.0372095 0.883857 0.0101496 -0.195005 0.98075 -0.0623823 -0.175209 0.982553 -0.216393 -0.396119 0.892336 -0.387942 -0.25313 0.886243 -0.0637328 -0.531045 0.844944 -0.131097 0.527312 0.839497 -0.464404 0.368681 0.805235 -0.586856 0.670842 0.453401 0.36718 -0.212398 0.905575 0.409212 -0.0950166 0.907479 -0.791496 -0.236671 0.56349 -0.0565943 -0.272864 0.960387 -0.0854951 -0.131192 0.987664 0.00848329 0.0752287 0.99713 -0.0933723 0.332255 0.938556 0.176991 0.278227 0.944068 -0.578694 -0.196591 0.791496 0.403785 -0.207321 0.891053 -0.297816 -0.242361 0.923345 -0.0450821 -0.607041 0.793391 -0.243187 0.229551 0.942426 -0.111871 -0.186453 0.976074 -0.0696308 -0.153865 0.985635 -0.372421 -0.135992 0.918046 0.0856005 -0.303225 0.949066 0.262624 -0.232705 0.936417 -0.548541 -0.106061 0.82937 -0.0209297 -0.0812555 0.996474 -0.0645827 -0.243899 0.967648 -0.049228 -0.255832 0.965467 0.0875048 0.0766216 0.993213 -0.0475408 0.0824954 0.995457 -0.0551786 -0.102703 0.99318 -0.132569 0.0697178 0.988719 0.478726 -0.264276 0.837245 0.14018 -0.267584 0.953283 -0.755508 -0.0468538 0.653462 0.609239 -0.122094 0.783531 0.719471 -0.10749 0.686154 -0.791291 -0.29674 0.534606 -0.147157 -0.207935 0.96701 -0.454898 -0.221847 0.862468 -0.0319153 -0.190874 0.981096 -0.0572847 -0.0947221 0.993854 -0.074794 0.182654 0.980328 -0.197949 0.595915 0.778269 -0.65853 -0.152152 0.737013 0.486647 -0.155649 0.859621 -0.870712 -0.486423 0.0724827 0.0307417 -0.269724 0.962447 -0.31754 -0.213289 0.923946 -0.0435204 0.0263909 0.998704 -0.0633646 0.00878853 0.997952 -0.00105259 0.208825 0.977952 -0.228425 0.0906595 0.969331 -0.152655 -0.32325 0.93392 0.300742 -0.233536 0.92467 -0.548333 -0.116267 0.828138 -0.526406 -0.0695745 0.847382 0.0988667 -0.193139 0.976178 0.354979 -0.16093 0.920919 -0.215192 -0.223772 0.950588 0.00457232 -0.193705 0.981049 -0.270113 -0.258991 0.927342 0.321574 -0.195326 0.926519 0.342142 -0.196821 0.918804 -0.491827 -0.13732 0.859796 0.382719 -0.201138 0.901704 0.302542 -0.189481 0.934112 -0.0585499 -0.205248 0.976957 -0.0866803 -0.209816 0.973891 -0.19738 0.0832686 0.976784 -0.343823 0.188831 0.919852 -0.543775 -0.0844679 0.83497 0.28689 -0.189796 0.938974 -0.476716 -0.826158 0.300342 -0.315474 -0.119868 0.941333 -0.0289341 -0.186365 0.982054 -0.236517 -0.199149 0.950999 -0.124051 -0.211699 0.96943 -0.104181 -0.203631 0.973489 0.369219 -0.15325 0.91662 -0.254391 -0.0363261 0.966419 -0.311723 -0.0764855 0.94709 -0.200126 -0.15489 0.96745 -0.355005 -0.399327 0.845286 -0.336244 -0.00259103 0.941771 -0.11349 -0.098658 0.988629 -0.101008 -0.740713 0.664185 -0.461782 -0.80982 0.361869 -0.832562 -0.493143 0.25229 0.415391 -0.481981 0.771456 -0.379647 -0.483217 0.788904 0.106326 -0.700103 0.706081 0.62411 -0.257671 0.737626 -0.0300393 -0.65938 0.75121 0.721523 -0.16652 0.672068 0.310579 -0.284579 0.906948 -0.0680102 -0.471686 0.87914 0.631808 -0.665276 0.397778 0.187898 -0.935603 0.298899 0.799695 -0.49162 0.34467 0.904036 -0.250064 0.346679 0.416341 -0.881029 0.224607 0.483222 -0.593697 0.643444 -0.169138 0.0822664 -0.982153 -0.98705 -0.0053235 -0.160324 0.349931 -0.0346082 -0.936136 0.252661 0.0767798 -0.964504 -0.689309 0.140283 -0.710756 0.150102 0.0746128 -0.985851 -0.657156 -0.00909886 -0.753699 0.265358 0.100358 -0.958913 -0.738725 0.130052 -0.661341 -0.369264 -0.0346592 -0.928678 -0.110391 -0.0181069 -0.993723 -0.117028 0.0594595 -0.991347 0.116248 -0.0388369 -0.992461 -0.134793 -0.061751 -0.988948 -0.790587 -0.0402847 -0.611023 0.152289 -0.0841899 -0.984744 -0.772375 0.0381692 -0.634019 0.150307 0.0135165 -0.988547 -0.367187 0.0664588 -0.92777 -0.997749 0.0535282 0.0403997 0.179381 0.0431999 -0.982831 -0.619059 0.11853 -0.776348 -0.0485356 0.0714771 -0.996261 0.101938 0.00570681 -0.994774 0.205801 0.123738 -0.970739 0.0974896 -0.0521574 -0.993869 -0.816683 -0.0729347 -0.572459 -0.894684 0.0276938 -0.44584 0.113781 0.159556 -0.98061 0.0593682 -0.0643653 -0.996159 -0.839009 0.0275338 -0.54342 0.0636779 0.00489286 -0.997959 0.0319762 0.0306982 -0.999017 -0.01122 -0.0141978 -0.999836 -0.107367 0.0568501 -0.992593 -0.0276928 -0.0104239 -0.999562 -0.000684982 0.0487208 -0.998812 -0.0159598 -0.0226471 -0.999616 -0.0800939 -0.00103776 -0.996787 -0.00939369 0.0626091 -0.997994 -0.0248035 -0.0362939 -0.999033 -0.0442015 -0.0677476 -0.996723 -0.00949546 -0.00974307 -0.999907 -0.0415565 -0.0231119 -0.998869 0.0358352 0.0829853 -0.995906 -0.065805 -0.0140873 -0.997733 -0.0285322 -0.0626924 -0.997625 -0.0013142 -0.0196394 -0.999806 -0.00121325 0.019028 -0.999818 -0.0308797 0.0622322 -0.997584 -0.0154364 0.0644387 -0.997802 -0.0322793 0.0146641 -0.999371 -0.990917 0.0683147 -0.115829 0.202448 -0.106084 -0.97353 0.0321732 0.0115057 -0.999416 -0.0551116 -0.0122475 -0.998405 0.0789471 -0.0405112 -0.996055 -0.999729 0.00601162 -0.022473 0.144522 0.0311404 -0.989011 0.131873 0.0767571 -0.98829 0.150919 0.0114557 -0.98848 0.0605484 0.0228068 -0.997905 0.0515197 0.0655573 -0.996518 0.0716035 -0.00955919 -0.997387 0.0451746 0.124561 -0.991183 -0.838493 0.0939177 -0.536757 -0.107491 0.0712481 -0.99165 -0.0172204 -0.0174346 -0.9997 0.0219859 -0.0195041 -0.999568 0.0502895 -0.0416891 -0.997864 0.127282 -0.0530671 -0.990446 0.0507049 -0.0193105 -0.998527 -0.00195243 -0.0248474 -0.999689 0.0493363 -0.00747745 -0.998754 0.0197798 0.0396052 -0.99902 0.0136864 -0.0451171 -0.998888 0.0491253 0.0761765 -0.995883 0.0121005 0.110636 -0.993787 0.0147834 0.0633362 -0.997883 0.0179132 0.067539 -0.997556 0.0456827 0.000737457 -0.998956 0.0487018 -0.0741954 -0.996054 -0.0335606 -0.0334602 -0.998876 0.0643864 -0.0806955 -0.994657 -0.0597176 0.149875 -0.9869 -0.102577 -0.00316699 -0.99472 -0.0840875 -0.0236176 -0.996178 -0.999475 0.0322744 0.00284166 -0.973422 -0.0308656 0.226931 0.11082 0.0849691 -0.990202 0.05294 0.0980207 -0.993775 0.0500312 0.107574 -0.992937 -0.0126275 0.125827 -0.991972 -0.0140691 0.0350787 -0.999286 0.0824746 -0.0186022 -0.99642 0.0512856 -0.0050282 -0.998671 0.0544225 -0.0213571 -0.99829 0.0509007 0.0552014 -0.997177 0.00972526 0.0646865 -0.997858 0.0177904 0.0165698 -0.999704 -0.0142514 0.020641 -0.999685 0.232918 0.0204328 -0.972282 0.0832373 0.0824478 -0.993113 -0.0137652 0.00965723 -0.999859 -0.0243332 -0.0366018 -0.999034 -0.0169072 0.0550956 -0.998338 0.0216053 0.0893704 -0.995764 0.114768 -0.028661 -0.992979 0.111458 -0.0370007 -0.99308 -0.0741502 0.0796322 -0.994063 -0.860281 0.0296804 -0.508956 -0.742149 0.00549298 -0.670212 0.109052 0.0179208 -0.993875 -0.30863 0.0212791 -0.950944 0.0616243 -0.120809 -0.990761 -0.935172 0.152284 -0.319786 0.121478 -0.112343 -0.986216 0.203337 -0.111418 -0.972749 0.0458844 -0.00658506 -0.998925 -0.00804653 0.0223373 -0.999718 -0.0526051 0.062879 -0.996634 0.0184988 0.0804178 -0.99659 0.0738197 0.0171221 -0.997125 0.178564 -0.108361 -0.977943 -0.861419 0.142639 -0.487453 -0.284312 0.13485 -0.949201 0.0669693 0.0212618 -0.997528 -0.295442 -0.0814551 -0.951882 0.232422 0.138548 -0.962696 0.0695252 -0.088186 -0.993675 -0.78715 -0.0444754 -0.615155 -0.0287631 0.0750115 -0.996768 0.0353997 -0.0170983 -0.999227 0.0594436 -0.0425575 -0.997324 0.0176485 0.0950498 -0.995316 0.0778267 -0.103279 -0.991603 0.0285895 0.0109032 -0.999532 0.0488935 0.0882147 -0.994901 0.0417034 0.00455478 -0.99912 0.0420382 0.0853033 -0.995468 -0.025782 -0.011658 -0.9996 0.0538768 0.0476158 -0.997412 0.020434 -0.0295189 -0.999355 0.0308639 0.000313605 -0.999524 0.0655016 0.00785337 -0.997822 0.0692953 -0.00202212 -0.997594 0.0778845 0.0662113 -0.994761 0.0785438 0.0198335 -0.996713 0.178679 0.114489 -0.977224 0.0341627 0.0514795 -0.99809 -0.153918 -0.0515224 -0.98674 -0.000256231 -0.108638 -0.994081 -0.807481 -0.112345 -0.579097 -0.720358 -0.188339 -0.667542 0.00170061 -0.0976894 -0.995216 -0.0268113 0.0729927 -0.996972 0.0731116 0.0362731 -0.996664 0.100105 0.0769354 -0.991998 -0.0435567 0.0764126 -0.996124 0.0155156 0.112221 -0.993562 0.0408002 -0.0521456 -0.997806 -0.997095 0.0231143 0.0725751 -0.993338 0.0741898 -0.0881801 0.0328535 0.0197622 -0.999265 -0.998185 0.0599891 -0.00536302 -0.0778666 0.144614 -0.98642 -0.0438137 -0.00174285 -0.999038 -0.0101976 0.000618217 -0.999948 0.020872 0.136323 -0.990445 0.0568774 0.0739448 -0.995639 0.0294421 0.0876602 -0.995715 -0.00158807 -0.0137331 -0.999904 0.0401245 0.00678219 -0.999172 0.0860088 0.0830532 -0.992827 0.0454456 0.0860605 -0.995253 -0.00501378 0.0260721 -0.999647 -0.0166471 0.0737772 -0.997136 -0.917377 -0.157138 -0.365687 0.198456 0.0959664 -0.9754 -0.651575 0.292634 -0.699868 0.088259 0.0798255 -0.992894 0.109345 0.0294082 -0.993569 0.0724435 0.0151193 -0.997258 0.102771 0.0158776 -0.994578 0.051733 0.016094 -0.998531 0.0713521 0.0266203 -0.997096 0.125802 0.157617 -0.979454 0.0761405 -0.0386856 -0.996346 0.0184358 -0.0342599 -0.999243 0.0123686 -0.0228796 -0.999662 0.0457819 0.0034429 -0.998946 -0.0217483 0.0424337 -0.998863 0.0214746 0.0702123 -0.997301 -0.0189101 0.113298 -0.993381 0.0678761 0.0587718 -0.995961 -0.00656929 0.0807185 -0.996715 -0.896253 0.107557 -0.430305 -0.527497 0.172901 -0.831776 -0.0521186 -0.0401107 -0.997835 -0.0113247 -0.0761588 -0.997031 0.029062 0.068762 -0.99721 -0.108149 -0.0502096 -0.992866 -0.914695 0.0357575 -0.402561 0.0537684 0.0336273 -0.997987 -0.997037 0.0182288 0.0747267 -0.998929 0.0354695 0.0296968 -0.999204 0.0176172 0.0357858 -0.99847 0.051545 0.0200153 -0.995967 0.0696114 0.0565983 0.10211 0.0263444 -0.994424 0.00296122 0.139101 -0.990274 0.0532535 -0.0279681 -0.998189 0.00738536 0.0768856 -0.997013 0.0826728 0.0947112 -0.992066 0.0883643 -0.0173231 -0.995938 0.0856488 -0.0227005 -0.996067 0.162015 0.156737 -0.974261 -0.0413308 0.0760054 -0.99625 -0.00299869 0.0513089 -0.998678 0.010322 0.0228549 -0.999686 0.0339976 0.0394092 -0.998645 -0.00500799 0.0972092 -0.995251 0.0305166 0.0827612 -0.996102 -0.0301726 -0.0156453 -0.999422 0.0552131 -0.0396877 -0.997686 -0.0335795 -0.0175378 -0.999282 -0.0295143 0.033828 -0.998992 0.0439466 -0.0752906 -0.996193 0.0132784 -0.0690759 -0.997523 0.172043 0.0452138 -0.984051 0.0450215 0.0520463 -0.997629 0.0732562 -0.039079 -0.996547 -0.266562 0.027444 -0.963427 -0.813659 -0.0564155 -0.578598 7.34134e-5 0.0769335 -0.997036 -0.126486 -0.0201166 -0.991764 -0.0999034 0.0092729 -0.994954 -0.172962 0.0126566 -0.984847 0.0359424 -0.0817585 -0.996004 0.0274481 0.0326603 -0.99909 0.0126987 -0.101596 -0.994745 -0.997437 0.0371341 0.0611543 -0.999795 0.0126392 -0.0157975 -0.998355 -0.0398995 0.0411812 -0.996742 0.0379563 0.0711649 -0.96044 0.148001 -0.235902 -0.996311 0.017379 -0.084041 -0.997143 0.0704396 0.0272756 -0.995451 0.0832553 0.0463216 -0.984021 0.0140863 0.177493 -0.998751 0.0466134 0.0179663 -0.986712 -0.0488536 0.15496 -0.995175 0.0717938 0.0668812 -0.999199 -0.0168725 -0.0362846 -0.998432 0.0365076 -0.0424254 -0.991957 -0.0191657 -0.125119 -0.992005 0.0891934 -0.0892842 -0.999591 0.0285637 0.00105954 -0.999304 0.00661216 -0.0367074 -0.998552 0.051036 0.0169815 -0.982792 -0.0083358 0.184528 -0.97978 -0.0604384 0.19073 -0.99828 0.04763 -0.0341816 -0.996337 -0.0437031 -0.0735026 -0.997065 0.0409245 -0.0646989 -0.994311 0.0838307 -0.065716 -0.971202 0.0247227 0.236973 -0.980236 0.00456238 0.197778 -0.996348 0.0534048 -0.0666179 -0.949818 0.0714384 0.304537 -0.791344 0.0775322 0.606435 -0.999214 -0.0340108 0.0203409 -0.983587 0.0662922 0.167814 -0.994099 0.0363257 -0.10221 -0.996071 0.0201663 -0.08623 -0.998267 0.049756 -0.0314145 -0.999636 0.00415781 -0.026671 -0.99371 -0.0411199 -0.10416 -0.997624 0.0525005 -0.0446091 -0.997251 0.0254294 -0.0695966 -0.99974 -0.0145973 0.0175232 -0.934335 -0.0576698 0.351699 -0.990715 0.0480595 -0.12718 -0.997531 0.0362155 0.0601652 -0.994771 0.0369007 -0.0952285 -0.833634 0.019281 0.551981 -0.988039 -0.00167688 0.154192 -0.82229 -0.0219237 0.568647 -0.904109 -0.0719557 0.4212 -0.937241 -0.040963 0.346268 -0.996409 0.0376022 -0.0758646 -0.715726 0.0575899 0.696003 -0.994516 0.0358303 -0.0982542 -0.846335 -0.0140031 0.532467 -0.672313 0.0134911 0.740144 -0.989218 -0.00318338 -0.146419 -0.993345 0.000970043 0.115171 -0.87858 -0.0268391 0.476841 -0.754859 0.0141574 0.655734 -0.999115 0.0342548 0.0243949 -0.839015 -0.060643 0.540718 -0.0545438 -0.0480098 0.997357 0.0822581 0.142146 0.986422 0.169802 0.018986 0.985295 0.0008917 0.20671 0.978402 0.0139793 0.395063 0.918548 0.0247134 0.0812892 0.996384 0.0627934 0.495846 0.866137 0.027571 0.0862694 0.99589 0.0242443 0.211576 0.977061 -0.0248013 0.0126743 0.999612 -0.292331 -0.0394646 0.955503 -0.0640958 0.00615539 0.997925 -0.522501 -0.0217514 0.852361 0.0174746 -0.00536729 0.999833 -0.0035383 -0.014719 0.999885 0.0047518 -0.0146694 0.999881 0.00586493 0.0169663 0.999839 -0.771403 0.0509617 0.634303 -0.845352 -0.0531164 0.531562 -0.999995 0.00305012 0.00086713 -0.989358 -0.107173 0.0984147 0.0282348 -0.0296979 0.99916 -0.629794 -0.319013 0.70823 -0.230724 -0.0509836 0.971683 0.0319728 -0.0164752 0.999353 0.564873 -0.0725451 0.821983 -0.717911 -0.0555497 0.693915 -0.101029 0.188182 0.976924 0.0675975 -0.0278209 0.997325 4.78431e-5 0.00314649 0.999995 -0.00376919 0.127272 0.991861 -0.00027694 -0.0235949 0.999722 -0.0193419 0.000696798 0.999813 -0.00718419 0.00709538 0.999949 -0.0199673 -0.0059448 0.999783 0.0205803 -0.0296717 0.999348 0.0214446 0.00920354 0.999728 0.00363673 -0.0256635 0.999664 0.732138 -0.030676 0.680465 -0.499716 0.0174085 0.866014 -0.512358 -0.0923893 0.853788 0.687889 0.242749 0.684019 -0.330007 -0.395258 0.857243 -0.622764 -0.0847632 0.777804 -0.533061 -0.376475 0.757702 -0.450941 0.0842071 0.888573 -0.819152 0.256956 0.512799 -0.0421962 0.00145072 0.999108 -0.514927 0.123746 0.848256 -0.196474 0.00276746 0.980505 -0.675356 -0.0435192 0.736207 -0.0242366 -0.00610357 0.999688 -0.524933 -0.0935366 0.845988 -0.471467 -0.0847275 0.877804 -0.143794 -0.0449216 0.988588 -0.83681 -0.163724 0.52244 -0.56349 -0.174873 0.807402 0.00565545 -0.0449786 0.998972 -0.896668 -0.361281 0.255854 -0.8134 -0.46592 0.348281 -0.911226 -0.0168816 0.41156 -0.5851 -0.0665162 0.808228 -0.655327 -0.0217203 0.755033 0.201636 -0.027113 0.979085 0.7003 -0.0513672 0.711998 0.505356 -0.0279734 0.862457 0.339989 0.0196313 0.940225 0.0853723 -0.0138629 0.996253 -0.80571 -0.200962 0.557176 -0.859688 0.343756 0.377847 -0.367045 0.81381 0.450545 0.149101 0.409825 0.899896 -0.0811792 0.409133 0.908856 0.026742 0.782837 0.621652 -0.977511 0.0619865 0.201571 0.184694 0.0478943 0.981628 0.0425928 -0.0033677 0.999087 0.0370105 -0.0157978 0.99919 0.122946 0.639925 0.758538 -0.111245 0.961107 0.252779 -0.278382 -0.0910144 0.956148 0.0398211 0.00502094 0.999194 0.383945 0.120719 0.915431 0.146743 -0.0190513 0.988991 0.0536374 -0.0301467 0.998105 0.0217031 -0.0107749 0.999706 0.0325648 -0.030475 0.999005 5.6118e-5 -0.0109001 0.999941 -0.0106672 -0.0100237 0.999893 -0.00386745 -0.0216504 0.999758 0.0212985 -0.0537566 0.998327 0.0267807 -0.0554223 0.998104 0.0269637 -0.02865 0.999226 0.0294741 -0.0325649 0.999035 0.0176467 -0.0360318 0.999195 0.0309825 -0.036858 0.99884 0.00092408 -0.0189226 0.999821 -0.0136577 0.00318572 0.999902 -0.00414949 -0.0194285 0.999803 0.11926 -0.272149 0.954836 0.0272736 -0.0480657 0.998472 -0.939536 -0.0278719 0.341315 -0.849205 -0.276028 0.450177 -0.831128 -0.162354 0.531853 -0.0772298 -0.0445985 0.996015 -0.510947 -0.116866 0.851631 0.335587 -0.32189 0.885307 0.34915 -0.305479 0.885876 -0.17394 -0.240115 0.955034 -0.946973 -0.290938 0.136372 -0.790534 -0.0346401 0.611438 -0.886161 0.119151 0.447796 -0.843505 0.0380803 0.535769 -0.786507 0.0899076 0.611002 0.813582 -0.035835 0.580345 0.705198 0.0657052 0.705959 0.860096 0.482992 0.164175 0.0992777 0.897768 0.429134 0.463888 0.885235 -0.0341654 0.645228 0.150779 0.748964 0.650431 0.200174 0.732714 -0.860046 0.0742181 0.50479 -0.902901 0.230652 0.362724 -0.915099 0.164203 0.368282 -0.918565 0.0186572 0.39483 -0.963055 -0.158094 0.218019 -0.956521 -0.221119 0.190195 0.151215 -0.301581 0.941373 0.109862 -0.381676 0.917744 0.301839 0.875012 -0.37848 0.387321 -0.0406158 0.92105 0.962886 -0.0148373 0.269502 0.913419 -0.144996 0.380318 0.933757 0.344992 0.0952827 0.423361 0.0824882 0.902198 -0.985762 -0.141327 0.0911096 -0.944355 -0.0505431 0.325022 -0.797322 0.0174638 0.603302 -0.891263 -0.435429 -0.126693 -0.343115 0.173503 0.92313 -0.373048 0.0987968 0.922537 -0.0159794 -0.00918418 0.99983 -0.197057 0.0371919 0.979686 -0.947175 -0.00826134 0.320611 -0.791309 0.142573 0.594562 -0.0167158 -0.0210181 0.999639 -0.315991 0.104557 0.942983 -0.293071 0.109642 0.949783 0.0642126 0.000775931 0.997936 0.111389 0.361925 0.925528 0.0628624 -0.264327 0.962382 -0.914927 -0.183153 0.359671 -0.840833 -0.0228216 0.540814 -0.00378269 -0.0353307 0.999369 -0.204357 -0.131312 0.970049 -0.000518165 -0.0129738 0.999916 -0.270074 0.00561269 0.962823 -0.95268 -0.0360425 0.30183 -0.310257 0.949257 0.0514971 -0.0352262 0.994758 0.0959959 0.729486 0.356944 0.583474 0.959275 -0.0319042 0.280666 0.58937 -0.124083 0.798277 0.0957859 0.959767 0.263954 -0.963415 -0.220321 0.152609 0.501303 0.349129 0.79171 0.0646821 -0.00130444 0.997905 0.333823 0.369512 0.867192 0.0422667 -0.0242571 0.998812 0.0318043 -0.294387 0.955157 -0.00154717 -0.267434 0.963575 0.0709147 -0.325601 0.942844 0.140144 -0.47521 0.86864 -0.00368655 0.0143904 0.99989 -0.137927 -0.0306426 0.989968 -0.998696 -0.0372528 0.0349089 -0.975296 -0.208208 -0.0738067 0.171943 -0.507537 0.8443 0.10828 -0.296447 0.948891 0.0336328 -0.01567 0.999311 0.0165811 -0.0200381 0.999662 0.0439667 -0.0146365 0.998926 0.0534714 -0.0201656 0.998366 0.0517174 -0.00803851 0.998629 0.0173689 -0.010401 0.999795 0.0229416 -0.0221606 0.999491 0.0172128 -0.0202149 0.999647 -0.324766 0.156004 0.93284 0.0113301 -0.0164639 0.9998 0.0450347 0.00158358 0.998984 0.00467681 -0.00703236 0.999964 0.00850859 -0.0036555 0.999957 0.0103189 -0.0255759 0.99962 -0.0064501 -0.00368822 0.999972 -0.309268 0.0844971 0.947214 -0.199144 -0.000984244 0.97997 0.0279986 -0.0113086 0.999544 0.0322418 -0.020247 0.999275 0.0207361 -0.0285386 0.999378 0.0459455 -0.053467 0.997512 0.0433092 -0.00149673 0.999061 0.0185863 -0.0133857 0.999738 -0.00486315 -0.0090697 0.999947 0.0574231 -0.019563 0.998158 0.181044 -0.206342 0.961585 -0.142439 0.964112 -0.224052 0.852767 0.10712 -0.511188 -0.349942 0.148481 0.924929 -0.283375 0.0562449 0.957358 -0.334478 0.134855 0.932705 -0.277081 0.0323929 0.9603 -0.622676 -0.229891 0.747947 0.360815 -0.3006 0.882866 0.405957 -0.235746 0.882962 0.00846544 -0.0159038 0.999838 -0.292721 -0.141033 0.94574 -0.270678 -0.0723165 0.95995 -0.361367 0.1276 0.923652 -0.376334 -0.0698434 0.923848 -0.498838 -0.0147786 0.866569 -0.0348081 0.505675 0.862022 0.872247 0.107234 0.477165 -0.972057 -0.161949 0.169934 0.308969 0.812179 -0.494878 0.868988 0.243105 0.430999 0.706895 0.408738 0.577263 0.0518102 0.944211 -0.32524 0.844241 -0.110892 0.524367 -0.71945 -0.368575 0.588681 -0.773652 -0.298233 0.559034 -0.926528 0.239527 0.290125 0.427571 0.879131 0.210503 0.074836 -0.0267597 0.996837 0.0864024 -0.016855 0.996118 -0.283452 -0.422146 0.861073 -0.280454 0.0731176 0.957079 0.050975 -0.026047 0.99836 0.0462162 -0.274428 0.960496 0.131107 -0.256101 0.957718 0.291605 -0.359615 0.886365 -0.97027 -0.228911 -0.0785881 -0.0932269 0.873379 -0.478035 0.733711 0.65488 -0.181107 0.0377506 -0.0135848 0.999195 -0.344127 0.122435 0.930906 -0.244754 0.084421 0.965903 0.216447 -0.148446 0.964943 -0.495855 -0.126719 0.85911 -0.926281 -0.101096 0.36302 0.8503 -0.0741981 0.521041 -0.935073 -0.349425 -0.0595098 0.79608 -0.165106 0.582233 -0.328842 0.0431088 0.943401 -0.451358 -0.0386296 0.891506 -0.685294 -0.334054 0.647132 -0.117545 -0.0246587 0.992761 -0.759238 0.0131908 0.650679 -0.424559 0.159346 0.891268 -0.159605 0.279555 0.946771 -0.336366 0.68228 0.649116 0.0540016 0.0249355 0.998229 -0.151417 0.60895 0.778622 0.0733965 0.928722 0.36344 -0.513952 0.0116257 0.85774 -0.856895 0.00446492 0.515472 0.717773 0.635481 -0.284545 -0.0952496 0.985799 -0.138302 0.125992 -0.0952161 0.987451 0.068972 0.00135606 0.997618 0.038423 -0.0155337 0.999141 0.0381455 -0.0352595 0.99865 0.0545294 -0.0247356 0.998206 0.0829387 0.013956 0.996457 0.096473 -0.0191216 0.995152 0.0891226 -0.0281356 0.995623 0.0516924 -0.022717 0.998405 0.0395187 -0.019329 0.999032 0.0746471 -0.0493937 0.995986 0.0815882 -0.0351582 0.996046 0.101421 -0.022541 0.994588 0.105482 -0.0223422 0.99417 0.092496 -0.000712443 0.995713 0.0635493 0.0234948 0.997702 0.0220141 -0.0394814 0.998978 0.000143189 -0.0263771 0.999652 0.0103262 -0.0395047 0.999166 -0.0640087 0.00701844 0.997925 -0.991104 0.0508058 0.123007 -0.77549 -0.0752356 0.626861 -0.0481109 -0.0335713 0.998278 -0.488058 0.0799738 0.869139 -0.0155809 0.0248869 0.999569 -0.0110661 -0.0286817 0.999527 -0.29846 0.138338 0.944343 -0.0779209 -0.259989 0.962463 -0.959849 0.0481267 0.276357 -0.767685 0.387285 0.510558 -0.750043 0.189199 0.63375 -0.941429 0.310552 0.131414 -0.629672 0.748029 0.209679 -0.0770532 0.984852 0.155339 -0.0792222 -0.0429967 0.995929 -0.308652 -0.05664 0.949487 0.0613585 -0.0482729 0.996948 0.792941 -0.0579419 0.606537 0.813021 -0.026532 0.581629 -0.136462 0.972155 0.190505 -0.976786 -0.138124 0.163742 -0.827001 0.0926132 0.554519 -0.98541 -0.147041 0.08571 -0.977743 -0.15246 0.144133 0.875768 -0.407717 -0.258453 0.949499 -0.155173 -0.272713 -0.473881 0.0527254 0.879009 -0.122726 0.0732858 0.989731 -0.943519 0.187796 0.272957 -0.899607 0.216203 0.379425 -0.923764 -0.373881 0.0829058 -0.913839 -0.298497 0.275314 0.797555 -0.0299838 0.602501 -0.847752 0.369039 0.380956 0.764109 0.35056 0.541522 0.82582 -0.41017 -0.387017 0.116776 0.959454 -0.256536 0.189983 0.964771 0.182 0.770626 0.563753 0.297184 -0.32045 -0.0348781 0.946623 0.0813478 -0.0361215 0.996031 0.0385568 -0.0109142 0.999197 -0.541026 0.0466019 0.839714 -0.97876 -0.204587 0.0131712 -0.974331 -0.218296 0.0550001 -0.0383848 -0.0092955 0.99922 -0.00580464 -0.0460646 0.998922 -0.0302042 0.0169146 0.999401 0.0129515 -0.0456489 0.998874 0.0158579 -0.0152848 0.999757 0.0896507 0.0238026 0.995689 -0.0218265 0.000687532 0.999762 -0.912626 0.155206 0.378187 -0.9654 0.00250677 0.26076 -0.967009 -0.238901 0.0884273 -0.979457 -0.0179153 0.200855 -0.938898 0.185841 0.289715 -0.886933 0.269878 0.374853 -0.893118 -0.244097 0.377832 -0.316227 0.948412 -0.0227091 0.0433415 0.986357 0.158813 -0.113303 0.97087 -0.211124 -0.0566079 0.953993 -0.294435 0.970087 0.0026779 -0.242744 0.776004 0.437039 -0.454768 0.665328 0.663255 -0.342683 0.419408 0.891821 -0.169565 -0.545535 -0.151634 0.824257 -0.966738 -0.144854 0.210797 -0.915405 0.187829 0.356026 -0.743599 -0.460497 0.484771 0.89 -0.0667791 0.451044 -0.749187 -0.100406 0.654705 -0.851583 0.166148 0.497193 -0.988451 0.0830365 -0.126763 -0.789897 0.525096 -0.31676 0.152352 0.988143 0.0190232 0.736666 0.0436428 0.674847 -0.0185439 0.999816 0.00496853 0.0529491 0.995344 -0.0805434 -0.705646 -0.0726809 0.704827 0.689195 0.288722 0.664568 0.890278 -0.421686 0.172009 0.717059 -0.142372 0.682317 -0.565552 -0.160188 0.809006 -0.591277 0.41314 0.692609 -0.524778 0.808214 -0.267205 0.581897 -0.105131 0.806439 -0.345402 -0.189645 0.919093 -0.817616 -0.0795578 0.570241 -0.719438 -0.0365933 0.693592 0.600984 0.782986 -0.160472 -0.909689 -0.250401 0.331307 -0.948537 0.18109 0.259778 -0.929369 -0.363902 0.0620416 -0.773502 0.0116253 0.633688 -0.950699 -0.30743 -0.0407183 -0.0625805 0.987506 0.144622 -0.857393 -0.124947 0.499266 0.571112 -0.0343473 0.820154 0.402286 0.211483 0.890753 0.723279 -0.144069 0.67536 0.85427 -0.145093 0.49917 0.575536 0.337794 0.744751 -0.724971 0.0562554 0.686478 -0.836898 -0.198572 0.510069 -0.783718 -0.0342588 0.620172 -0.864788 0.0614011 0.498369 -0.95067 0.310133 0.00660071 -0.30411 0.949078 -0.0822729 -0.448752 -0.157028 0.879752 0.427701 0.180879 0.885638 0.133603 -0.237937 0.962048 0.00946808 -0.109134 0.993982 0.933998 0.35219 0.0600786 -0.924387 -0.22776 0.305998 0.260748 -0.183835 0.947742 0.169281 -0.190488 0.966984 -0.887727 0.0561268 0.456936 -0.643414 0.228353 0.730667 -0.175684 -0.201159 0.963675 0.394466 -0.0518926 0.917444 -0.754029 0.0904899 0.650578 0.360576 -0.422196 0.831706 0.575083 -0.411447 0.7071 -0.0596476 -0.181069 0.98166 0.780897 0.10719 0.615394 0.656759 0.435905 0.615349 0.490685 -0.0352435 0.870624 0.642527 -0.0829932 0.761756 0.605866 -0.0520632 0.793861 -0.909169 -0.174757 0.377985 -0.0179079 -0.289039 0.95715 -0.737148 -0.362778 0.570092 -0.76956 -0.00808481 0.638523 -0.0913023 0.981288 0.169523 -0.918562 0.0992411 0.382616 -0.582559 0.421149 0.695168 0.358065 0.0470335 0.932511 -0.0581618 -0.178709 0.982181 0.72241 0.0707468 0.687836 0.648625 0.63867 0.413987 0.206661 -0.218063 0.953803 0.0523253 -0.24677 0.96766 0.440269 0.0023579 0.897863 0.569808 0.0110252 0.821704 0.25303 0.926823 0.277442 0.0926429 -0.245532 0.964951 0.904325 0.0866946 0.417947 -0.463601 -0.124055 0.877316 -0.593028 0.0938599 0.799693 -0.760317 -0.044286 0.648041 -0.724425 0.67742 0.127711 -0.631649 -0.102954 0.768388 0.267289 -0.111583 0.957134 0.293332 -0.0477025 0.95482 0.355135 -0.00981461 0.934764 0.273496 -0.196748 0.941536 0.701069 0.653477 0.285428 -0.878642 -0.232082 0.417284 -0.420536 -0.0185579 0.907086 -0.241903 -0.154872 0.957861 -0.279167 0.177603 0.943675 -0.32068 -0.413397 0.852213 -0.642115 0.114655 0.757986 0.0857759 0.910901 0.403611 -0.0413247 0.969041 0.243416 -0.742992 0.191411 0.641347 0.161053 -0.0889423 0.98293 0.0723472 -0.542919 0.836663 -0.568039 0.0501412 0.821473 -0.714302 -0.16797 0.679381 -0.214621 -0.0727311 0.973986 -0.32535 0.128926 0.936763 -0.575482 -0.62442 0.52813 -0.258923 0.0815391 0.96245 -0.19886 -0.131 0.971233 -0.531891 0.578985 0.617955 0.194158 -0.47136 0.860304 0.223844 0.180301 0.957802 0.84299 0.210534 0.495018 -0.388751 -0.108027 0.914988 -0.547426 -0.0272627 0.83641 -0.557715 -0.040316 0.829053 -0.510472 -0.209932 0.833874 0.267073 0.0539544 0.962165 -0.743794 -0.274181 0.609586 -0.823569 -0.234362 0.516535 -0.83659 -0.0285259 0.547087 0.169127 -0.0985941 0.98065 -0.784895 0.149372 0.601355 0.223242 -0.0307934 0.974277 -0.0247797 0.161758 0.986519 0.0898899 0.193661 0.976942 0.0989581 -0.280145 0.954844 -0.158765 -0.478664 0.863525 0.143725 -0.516502 0.844138 -0.492339 0.774029 0.398097 -0.198032 -0.0381039 0.979455 0.341843 -0.0258094 0.939403 0.324638 -0.384633 0.864099 0.510465 0.252791 0.821902 -0.573419 -0.237109 0.7842 -0.783023 -0.131062 0.608028 -0.359863 0.697524 0.619644 -0.187488 0.600688 0.777189 -0.754969 0.502767 0.421008 0.269732 -0.0563997 0.961282 -0.583612 0.154918 0.797118 0.685834 0.35609 0.63469 0.302441 -0.0816967 0.949661 -0.231745 0.0340781 0.972179 -0.180727 -0.0884747 0.979546 0.17445 0.1085 0.97867 -0.106577 -0.0903747 0.990189 0.0149784 -0.140705 0.989938 -0.681413 -0.221258 0.697654 0.0671179 -0.135708 0.988473 -0.0199842 -0.0276882 0.999417 -0.754028 -0.0964623 0.649721 -0.167613 0.0186091 0.985677 0.165597 -0.0190227 0.98601 -0.137381 0.143644 0.980047 0.0107049 0.0988227 0.995048 -0.244326 -0.0257137 0.969352 -0.368105 0.0159288 0.929648 -0.366096 -0.181184 0.912768 -0.62318 -0.281682 0.729591 -0.956678 -0.0336801 0.289192 0.877619 -0.0821449 0.472268 0.155829 -0.405613 0.900664 -0.356919 -0.187291 0.915167 -0.0281193 0.797787 0.602284 -0.251777 0.820516 0.513188 0.345183 0.755357 0.557032 0.0396353 0.795296 0.604924 0.337851 -0.0591534 0.939339 0.120532 -0.215903 0.968947 -0.25937 -0.252357 0.932225 -0.417068 -0.189398 0.888922 -0.743947 -0.168265 0.646707 0.108752 -0.300624 0.947522 -0.529894 -0.0329051 0.847426 0.541146 -0.113659 0.833213 0.209072 0.41661 0.884718 -0.492805 0.585779 0.643433 0.284701 -0.0010944 0.958616 -0.678434 -0.209951 0.704022 0.431602 -0.0938011 0.897174 -0.860291 0.128258 0.493405 -0.906349 -0.406015 0.116973 -0.685702 -0.726533 0.0442988 -0.306833 -0.880714 0.360828 -0.451744 -0.204332 0.868433 -0.324399 -0.234051 0.916507 -0.53043 0.0769671 0.844227 -0.113037 0.315452 0.942185 0.031566 -0.393767 0.918668 0.199203 -0.203802 0.958532 -0.654587 0.0464923 0.754556 0.251825 0.558388 0.790435 0.12276 0.148603 0.981248 -0.159569 0.619265 0.768797 -0.440463 -0.104413 0.891678 -0.539296 0.0064198 0.842092 0.864717 0.195591 0.46261 0.939344 -0.0899998 0.330956 -0.378671 0.0753179 0.922462 0.359154 -0.0177286 0.93311 -0.0765722 0.0744621 0.99428 -0.00490497 0.323244 0.946303 -0.269919 -0.157122 0.949977 -0.927615 -0.220683 0.301378 -0.165302 -0.168083 0.971814 -0.443154 -0.168821 0.880405 -0.654297 0.480355 0.584085 -0.421978 -0.860808 0.284508 -0.1523 0.843073 0.515783 0.592631 0.480397 0.646535 -0.319927 0.039066 0.946637 -0.399266 0.116892 0.909353 -0.448188 0.626557 0.637616 0.0317468 -0.989986 0.137551 -0.864398 -0.483059 0.139533 -0.132777 -0.0848943 0.987504 -0.911976 0.0914332 0.399926 0.92101 0.111593 0.373213 0.67375 0.411978 0.613461 0.22302 0.697822 0.680666 -0.658974 0.41362 0.62823 -0.368601 0.688696 0.624364 0.210628 0.776639 0.59369 -0.931193 0.0283591 0.363421 -0.643423 -0.511385 0.569643 -0.00508914 -0.728714 0.684799 0.745207 -0.0545245 0.664601 0.7558 0.468395 0.457573 -0.670427 0.513627 0.535457 -0.366558 0.695075 0.61847 -0.619227 0.0672973 0.782323 0.111884 0.546336 0.83006 0.268357 -0.140018 0.953089 -0.215816 -0.171674 0.961224 -0.0687702 0.063182 -0.99563 -0.0588204 -0.0181372 -0.998104 -0.0477361 -0.000295221 -0.99886 0.0114452 0.0263365 -0.999588 0.00234134 -0.0305193 -0.999531 -0.0300493 -0.00968346 -0.999502 -0.0313838 -0.0323508 -0.998984 0.00743039 0.101132 -0.994845 -0.02546 -0.0449919 -0.998663 -0.0341744 -0.00797382 -0.999384 -0.0272879 -0.0363575 -0.998966 -0.0137202 -0.0734178 -0.997207 -0.00590928 -0.00795678 -0.999951 -0.106135 0.0429663 -0.993423 -0.0390196 0.0249562 -0.998927 -0.00493825 0.0184791 -0.999817 -0.043499 -0.0395818 -0.998269 -0.0368215 -0.00691187 -0.999298 -0.0465718 -0.0503435 -0.997646 -0.0157465 -0.0483144 -0.998708 0.0100774 0.0250961 -0.999634 0.000983111 -0.0317045 -0.999497 -0.0224139 0.0499483 -0.9985 0.0135533 0.0424616 -0.999006 -0.0207936 0.00341195 -0.999778 -0.0100694 0.0041225 -0.999941 -0.023702 -0.0452519 -0.998694 -0.0412449 0.0244905 -0.998849 -0.0140558 -0.00922047 -0.999859 -0.0609126 0.0354431 -0.997514 -0.00391497 -0.0264024 -0.999644 -0.00745298 -0.063425 -0.997959 0.00411459 0.0679868 -0.997678 -0.0212718 -0.067396 -0.9975 0.0954478 -0.0216076 -0.9952 -0.020638 -0.00210722 -0.999785 0.0725439 0.0276391 -0.996982 -0.00480762 -0.0518456 -0.998644 0.00372584 -0.0706527 -0.997494 0.0565758 0.0525352 -0.997015 0.0750875 -0.00630121 -0.997157 0.204298 -0.071532 -0.976292 -0.000713614 -0.0103566 -0.999946 -0.0292201 -0.0190632 -0.999391 -0.0173434 -0.0108561 -0.999791 0.0278521 0.0320333 -0.999099 0.0769935 0.0470732 -0.99592 0.0805742 -0.00736913 -0.996721 0.0639277 -0.038966 -0.997194 0.0496076 -0.00848647 -0.998733 0.0888707 -0.0239571 -0.995755 -0.0297837 -0.05757 -0.997897 -0.137009 0.115308 -0.983836 0.0964347 0.0517139 -0.993995 0.0319931 0.103046 -0.994162 -0.0316577 -0.00165647 -0.999497 0.0131011 -0.0643398 -0.997842 -0.0284886 -0.0174087 -0.999443 -0.0733056 -0.0616462 -0.995402 -0.00627608 -0.0584693 -0.998269 -0.0445217 -0.0434353 -0.998064 0.0214006 -0.0511731 -0.99846 0.0393566 -0.0707897 -0.996715 -0.0253786 -0.0112571 -0.999615 0.029589 -0.00903594 -0.999521 0.00252546 -0.0279275 -0.999607 -0.0194613 -0.019595 -0.999619 0.0194162 -0.0118782 -0.999741 0.0151086 -0.000790453 -0.999886 -0.0422178 -0.00137878 -0.999107 0.0725315 -0.100504 -0.992289 0.0796835 -0.109485 -0.990789 0.200934 -0.0884079 -0.975607 -0.0452966 -0.0296565 -0.998533 -0.0321244 0.0113443 -0.99942 0.0331043 -4.24133e-5 -0.999452 0.0539757 0.0296502 -0.998102 -0.00436428 -0.0368183 -0.999312 -0.0642035 -0.0190437 -0.997755 -0.0162032 -0.00201202 -0.999867 0.0317643 -0.0567197 -0.997885 -0.0178547 0.0485478 -0.998661 0.000197939 -0.0874231 -0.996171 -0.025179 0.0332866 -0.999129 -0.0198279 0.0207538 -0.999588 -0.0228917 -0.00836203 -0.999703 0.00172834 -0.0533793 -0.998573 0.028526 -0.033359 -0.999036 -0.0356676 0.0158193 -0.999238 -0.00463616 0.090779 -0.99586 0.00233261 -0.034631 -0.999397 -0.0298886 -0.019744 -0.999358 -0.00895214 -0.0488917 -0.998764 0.0528197 0.0493049 -0.997386 0.0447952 0.0383045 -0.998262 0.034752 0.00553111 -0.999381 0.0350544 -0.0416279 -0.998518 0.0273215 0.00533811 -0.999612 -0.0312975 -0.0226667 -0.999253 0.0305991 -0.026569 -0.999179 0.00341227 0.0575196 -0.998339 0.0320875 0.0391889 -0.998717 0.00017812 -0.0658416 -0.99783 -0.0193155 0.0080747 -0.999781 6.02484e-5 -0.0671009 -0.997746 0.0382805 0.100282 -0.994222 0.017573 -0.0438384 -0.998884 -0.0425585 -0.0120537 -0.999021 0.0250352 0.000756664 -0.999686 -0.0301978 0.0284832 -0.999138 -0.0332581 -0.0136139 -0.999354 -0.0493542 0.0103052 -0.998728 -0.011104 0.00999445 -0.999888 -0.00220316 -0.0140502 -0.999899 0.00148791 -0.0224105 -0.999748 -0.0169775 -0.0564441 -0.998261 0.0312572 -0.0281716 -0.999114 0.00550506 -0.0270256 -0.99962 0.00557681 0.0621138 -0.998053 -0.0283433 0.0549081 -0.998089 0.000414838 -0.00737553 -0.999973 -0.0227201 0.0322011 -0.999223 -0.0315567 0.00177969 -0.9995 0.0343283 -0.0370711 -0.998723 0.0530837 -0.0563007 -0.997002 0.0110438 -0.017602 -0.999784 -0.0292969 -0.00776965 -0.999541 0.0505763 -0.0213733 -0.998491 -0.0101504 -0.0259564 -0.999612 0.00116075 0.0440599 -0.999028 0.0202039 -0.00680679 -0.999773 -0.0314735 -0.0492954 -0.998288 0.00395182 0.0678132 -0.99769 -0.0465713 -0.00605592 -0.998897 0.0964282 -0.0262583 -0.994994 0.0323389 -0.00551728 -0.999462 -0.0123633 -0.00409595 -0.999915 0.00863305 0.0304272 -0.9995 -0.0505905 0.0767935 -0.995763 -0.0307131 0.0327481 -0.998992 -0.0772896 0.0372248 -0.996314 0.00894087 -0.0413827 -0.999103 -0.0178916 0.0149705 -0.999728 0.0315351 -0.0290304 -0.999081 0.0117459 -0.0844156 -0.996361 0.0322276 -0.00833914 -0.999446 -0.00957043 -0.0159937 -0.999826 -0.0104255 0.0349755 -0.999334 -0.0144598 -0.0130875 -0.99981 -6.03278e-5 -0.00266563 -0.999996 -0.014368 -0.0147815 -0.999788 -0.0214457 -0.00230238 -0.999767 -0.0317246 0.0362377 -0.99884 -0.0756383 0.0256433 -0.996806 0.00231627 -0.048886 -0.998802 -0.0526627 -0.0156659 -0.998489 -0.0184372 0.00421684 -0.999821 0.0115762 0.0165325 -0.999796 -0.00567061 -0.0232568 -0.999713 -0.0243265 -0.053853 -0.998253 -0.0854886 -0.003918 -0.996331 -0.0611651 0.0266027 -0.997773 -0.0543228 0.0356523 -0.997887 -0.0360796 0.0479115 -0.9982 -0.0333677 0.0556611 -0.997892 -0.024178 0.0170683 -0.999562 -0.0243948 -0.0188435 -0.999525 -0.00316093 -0.0365465 -0.999327 -0.0192463 -0.0607544 -0.997967 -0.011875 -0.00642409 -0.999909 0.00432876 0.0118016 -0.999921 -0.00444767 -0.0480043 -0.998837 -0.0122394 -0.0283952 -0.999522 -0.00359518 -0.0588441 -0.998261 -0.00298211 -0.035845 -0.999353 0.032936 -0.0118169 -0.999388 0.021676 0.0510185 -0.998462 -0.0343604 -0.0384734 -0.998669 0.022218 -0.0542032 -0.998283 0.029679 0.0239641 -0.999272 0.108228 0.0336512 -0.993556 0.0719979 0.0795946 -0.994224 0.0433803 0.112913 -0.992657 0.0126064 0.096323 -0.99527 -0.00337158 0.108702 -0.994069 0.0400644 0.037928 -0.998477 -0.0382467 0.0577095 -0.997601 -0.074468 0.0325075 -0.996693 0.0353648 -0.0285355 -0.998967 -0.113915 0.0515867 -0.99215 -0.0599393 0.0950842 -0.993663 0.0328358 0.01774 -0.999303 0.00403304 -0.0542268 -0.998521 0.02925 -0.0694804 -0.997154 0.0156815 -0.0127252 -0.999796 -0.023839 0.0307172 -0.999244 0.000518815 0.0781004 -0.996945 -0.0218256 0.0345412 -0.999165 0.0277575 -0.0909978 -0.995464 0.0591223 -0.0341203 -0.997667 -0.075286 -0.137848 -0.987588 0.0385107 -0.0546676 -0.997762 0.0425279 -0.0338544 -0.998522 0.0258646 -0.0156377 -0.999543 -0.000332898 -0.0350158 -0.999387 -0.0371204 0.0145336 -0.999205 -0.0348879 -0.0443329 -0.998407 0.0241424 0.0189144 -0.99953 -0.0734096 0.0355559 -0.996668 -0.0198017 -0.0318638 -0.999296 -0.112091 -0.0110383 -0.993637 -0.125359 0.0498518 -0.990858 -0.147907 -0.00761751 -0.988972 -0.086414 0.0274417 -0.995881 -0.0387597 -0.032348 -0.998725 -0.0616359 -0.0309057 -0.99762 -0.0238415 -0.100242 -0.994677 0.00151706 -0.0809299 -0.996719 -0.055705 -0.0670691 -0.996192 -0.0289142 -0.0139248 -0.999485 0.0320452 -0.0291298 -0.999062 -0.0399417 -0.00597029 -0.999184 -0.00909271 -0.0341576 -0.999375 -0.0400439 -0.0480709 -0.998041 0.00149303 -0.0349787 -0.999387 -0.0121957 -0.0258634 -0.999591 0.0177422 -0.0804265 -0.996603 0.00538512 -0.0336891 -0.999418 -0.0339804 -0.0559184 -0.997857 0.0298017 0.0227177 -0.999298 0.0150966 0.0439747 -0.998919 0.0267303 0.0164209 -0.999508 -0.0589368 0.0521136 -0.996901 -0.117255 0.00427254 -0.993093 0.00764923 0.0127421 -0.99989 0.0362686 -0.121281 -0.991955 0.00395649 0.00741329 -0.999965 0.0479678 -0.0782876 -0.995776 -0.00386956 -0.0485784 -0.998812 -0.00911417 -0.0635521 -0.997937 -0.00341308 0.0545744 -0.998504 -0.0499614 -0.0190719 -0.998569 0.0212152 -0.0435227 -0.998827 -0.0166547 -0.0767803 -0.996909 -0.0300807 0.0032653 -0.999542 -0.0371713 -0.076908 -0.996345 -0.0105788 0.0412876 -0.999091 0.028432 0.0201391 -0.999393 -0.0396227 -0.00834115 -0.99918 0.0348757 -0.0590553 -0.997645 0.0071165 -0.0485831 -0.998794 0.0414265 -0.043463 -0.998196 -0.0249057 -0.0227138 -0.999432 0.05127 -0.0449056 -0.997675 0.0096496 -0.022682 -0.999696 -0.0324753 -0.0123698 -0.999396 -0.043827 -0.0375279 -0.998334 0.191285 -0.0375779 -0.980815 0.159565 -0.0607069 -0.985319 -0.0754574 0.0258016 -0.996815 -0.0387222 -0.00600589 -0.999232 0.0243852 0.0187638 -0.999527 -0.0607444 0.0448187 -0.997147 0.07352 0.0350253 -0.996679 0.03478 0.0108977 -0.999336 0.0173763 0.00867987 -0.999811 0.136134 0.0449584 -0.98967 0.236356 -0.0108224 -0.971606 0.134723 -0.00371447 -0.990876 0.0282702 -0.0168293 -0.999459 0.0679822 0.0206431 -0.997473 0.0122591 0.0212923 -0.999698 0.0996317 -0.107375 -0.989214 -0.0230136 -0.0143158 -0.999633 0.0652915 -0.0922657 -0.993591 -0.0513807 0.0187203 -0.998504 -0.0455595 0.0132444 -0.998874 -0.0507594 -0.0245507 -0.998409 0.0279883 0.00352949 -0.999602 -0.107314 -0.00403637 -0.994217 -0.0410391 0.0533912 -0.99773 0.11139 -0.0288131 -0.993359 0.0725941 0.0508156 -0.996066 0.0465862 0.0391806 -0.998146 0.0501979 0.0375317 -0.998034 0.253586 -0.0740376 -0.964475 0.121254 0.0416892 -0.991746 0.118178 0.0927083 -0.988655 0.10679 -0.0263706 -0.993932 0.0538776 -0.0683906 -0.996203 0.0574138 -0.112883 -0.991948 0.0982144 -0.0347628 -0.994558 0.14419 -0.0569426 -0.98791 0.0580152 0.0326059 -0.997783 0.0775692 0.0271323 -0.996618 0.0788287 -0.0382198 -0.996155 0.205495 0.215771 -0.954576 0.308701 -0.3133 -0.89808 0.154738 -0.381388 -0.911372 -0.119118 -0.243243 -0.962623 0.0885057 -0.0154305 -0.995956 0.214689 0.0367203 -0.975992 0.252129 -0.0127121 -0.96761 0.112773 -0.0329426 -0.993075 0.12769 -0.00467898 -0.991803 0.145903 0.00119689 -0.989298 0.0515439 -0.0094248 -0.998626 0.0689649 0.0633626 -0.995605 0.101181 0.00685894 -0.994844 0.0976812 -0.0262856 -0.994871 0.0916659 0.0172071 -0.995641 0.0896971 -0.0155081 -0.995848 0.048233 0.0289939 -0.998415 0.450861 -0.0702326 -0.889827 -0.013465 0.0585861 -0.998192 -0.0242871 0.171225 -0.984933 -0.0235836 -0.0186274 -0.999548 0.000571241 -0.0954533 -0.995434 0.0134918 -0.0571815 -0.998273 0.0239909 0.0020065 -0.99971 0.0200436 -0.0692142 -0.9974 0.0864613 -0.0211703 -0.99603 0.0321197 -0.0152754 -0.999367 0.0693787 0.0242541 -0.997295 0.168689 0.0615734 -0.983744 0.192229 0.0459844 -0.980272 0.125082 -0.014319 -0.992043 0.179671 -0.0636056 -0.981668 0.0168851 0.00595897 -0.99984 0.116705 -0.0732798 -0.99046 0.0523913 -0.006684 -0.998604 0.0281776 -0.105186 -0.994053 0.0197182 -0.0147324 -0.999697 0.0619657 0.0273996 -0.997702 0.0153495 -0.0163676 -0.999748 -0.02113 -0.0407184 -0.998947 -0.115644 -0.0520624 -0.991925 -0.02915 -0.009778 -0.999527 -0.0117748 0.0142656 -0.999829 0.0209475 0.0243005 -0.999485 0.047032 -0.0396555 -0.998106 0.0683834 -0.0749277 -0.994842 0.0591175 -0.0453344 -0.997221 0.0572578 0.012136 -0.998286 0.0324241 0.0583243 -0.997771 -0.219981 -0.00712085 -0.975478 -0.0416198 0.00114243 -0.999133 -0.0386248 -0.205125 -0.977973 0.0142662 0.00999466 -0.999848 0.0977259 0.0482472 -0.994043 0.0633987 0.0714083 -0.99543 0.132309 0.0667763 -0.988957 0.0360498 0.0290377 -0.998928 0.121437 0.0755258 -0.989722 0.138984 0.112986 -0.983828 0.145896 0.0267235 -0.988939 0.107555 -0.0697289 -0.991751 0.110162 -0.0672359 -0.991637 0.024801 -0.0693195 -0.997286 0.0692811 -0.0917666 -0.993368 0.0942274 -0.0744492 -0.992763 0.0536157 -0.0548928 -0.997052 0.099564 -0.0079049 -0.995 0.090188 -0.0891162 -0.99193 0.0566753 0.020217 -0.998188 0.0456762 -0.0200269 -0.998756 0.110298 -0.0252895 -0.993577 0.0610911 -0.0356026 -0.997497 0.0811598 0.0225953 -0.996445 0.0472478 0.0532352 -0.997464 0.0786777 -0.0534987 -0.995464 0.00816364 -0.0439329 -0.999001 0.0318134 0.0128596 -0.999411 0.0609766 -0.0834592 -0.994644 0.0832879 -0.00179117 -0.996524 0.0988793 -0.0809027 -0.991805 0.0365394 -0.0909583 -0.995184 0.0601399 -0.0492201 -0.996976 0.0234922 0.0144512 -0.99962 0.0559685 -0.0085439 -0.998396 0.0665902 0.00893105 -0.99774 0.0829674 0.00495359 -0.99654 0.0369747 -0.000113672 -0.999316 0.0230237 -0.0129771 -0.999651 0.07893 -0.000540808 -0.99688 0.0648627 0.0338014 -0.997322 0.0420079 -0.00386364 -0.99911 0.0362757 0.0175263 -0.999188 0.03164 -0.00300538 -0.999495 0.0354243 0.0341541 -0.998789 0.0377377 -0.0256641 -0.998958 0.0198158 0.0154852 -0.999684 0.0124539 0.0223996 -0.999672 0.0278327 0.0157275 -0.999489 0.0718997 -0.0286641 -0.997 0.0498424 -0.0127939 -0.998675 0.0660289 -0.024138 -0.997526 0.0938216 0.0304713 -0.995123 0.0966858 0.0651353 -0.993181 0.153518 0.120133 -0.980816 0.145875 0.0542203 -0.987816 0.141984 0.114291 -0.983249 0.0599525 0.0154703 -0.998081 0.08526 0.02646 -0.996007 0.0754384 -0.052105 -0.995788 0.139502 -0.05391 -0.988753 0.11366 -0.087698 -0.989642 0.0533473 -0.119392 -0.991413 0.0269928 0.0486131 -0.998453 0.0797998 -0.102537 -0.991523 0.109697 -0.122017 -0.986447 0.0189669 -0.0572984 -0.998177 0.00712541 -0.0472425 -0.998858 0.0706507 -0.052156 -0.996137 0.0648929 -0.031887 -0.997383 0.0621151 0.0308712 -0.997591 0.0876394 -0.000320973 -0.996152 0.0241969 -0.0417825 -0.998834 -0.0229232 -0.0376595 -0.999028 -0.0097767 -0.00690548 -0.999928 0.0889526 -0.0273477 -0.99566 -0.0224911 -0.0241095 -0.999456 0.0700932 0.0216947 -0.997304 -0.00569419 0.105857 -0.994365 -0.0269508 -0.0276642 -0.999254 0.000422444 -0.0240064 -0.999712 0.023684 -0.0427427 -0.998805 0.309899 0.0999284 -0.945504 0.205911 0.0535383 -0.977105 -0.0291998 0.194358 -0.980496 0.0494812 0.0770032 -0.995802 0.0924199 0.0166941 -0.99558 0.0328602 -0.0502816 -0.998194 0.0359738 -0.0814629 -0.996027 0.0552473 -0.0475888 -0.997338 0.0570837 0.058848 -0.996634 0.114795 -0.0888017 -0.989412 0.196375 0.0425337 -0.979606 0.1226 0.0440425 -0.991478 0.00813375 0.0661069 -0.997779 0.0530239 0.0607814 -0.996742 0.0598225 0.114891 -0.991575 0.010504 -0.00834439 -0.99991 -0.019168 -0.0519374 -0.998466 0.116973 -0.10397 -0.987678 0.11228 -0.073845 -0.990929 0.102556 -0.0932736 -0.990345 0.118283 -0.112577 -0.986578 0.106776 -0.072912 -0.991606 0.0729312 -0.101445 -0.992164 0.119266 -0.0704586 -0.990359 0.00761012 -0.0888019 -0.99602 -0.0549298 0.0389025 -0.997732 0.083765 0.00843616 -0.99645 0.0401684 -0.0352979 -0.998569 -0.0240842 -0.0438839 -0.998746 -0.0289459 -0.0125054 -0.999503 -0.135944 -0.0506305 -0.989422 0.295455 -0.162706 -0.9414 -0.000888385 -0.00758359 -0.999971 0.0510187 0.0201772 -0.998494 0.053381 0.0105419 -0.998519 0.567506 -0.206724 -0.796996 0.221995 -0.119921 -0.967645 0.753107 -0.117992 -0.647231 0.189351 -0.0695401 -0.979444 -0.032591 0.00765234 -0.999439 0.908598 -0.10031 -0.405446 0.0248349 -0.0517718 -0.99835 0.636414 -0.0641011 -0.76868 -0.0702839 -0.0412508 -0.996674 -0.0210258 -0.0466253 -0.998691 0.0933911 0.130327 -0.987063 0.0954326 0.123048 -0.987802 -0.134039 0.0433462 -0.990028 0.565024 -0.1088 -0.817869 0.818995 0.190368 -0.541301 0.74164 0.25236 -0.621518 0.421738 0.300664 -0.855417 0.130222 0.0509943 -0.990173 0.137902 -0.0385009 -0.989697 0.0562661 -0.144919 -0.987842 0.0433455 -0.135574 -0.989819 0.0563571 -0.0754597 -0.995555 0.0549209 -0.0176682 -0.998334 0.0147636 -0.0747487 -0.997093 0.000164844 -0.0833867 -0.996517 0.726578 -0.228011 -0.648147 0.641995 0.00853981 -0.766661 0.256341 0.0240802 -0.966286 0.993931 0.0040374 -0.109935 0.116115 0.0797151 -0.990032 0.299974 0.0181937 -0.953774 0.0907109 0.121592 -0.988427 0.182644 0.0212057 -0.982951 0.0882998 -0.110101 -0.98999 0.0416262 -0.122465 -0.9916 0.0194785 0.00399632 -0.999802 -0.00429571 0.0233091 -0.999719 0.143455 0.0953196 -0.985056 0.166034 0.179193 -0.969702 0.612892 0.21022 -0.76169 0.0405454 0.179089 -0.982997 0.459273 0.0489366 -0.886946 0.828229 -0.0804438 -0.554587 0.800294 0.013022 -0.599466 0.901167 0.393819 -0.181119 0.054776 -0.106832 -0.992767 0.00844701 -0.0751053 -0.99714 0.258428 -0.0532703 -0.964561 0.304627 -0.0377137 -0.951725 0.924241 -0.0930526 -0.370296 0.830119 0.0627475 -0.554044 0.987598 -0.146219 -0.0571853 0.922755 0.128244 -0.363423 0.920974 0.211387 -0.327296 0.809509 0.511942 -0.287418 0.188249 0.0118663 -0.98205 0.0869353 -0.0764292 -0.993278 0.793597 0.543467 0.273583 0.161138 0.216548 -0.962882 0.123469 0.0219517 -0.992106 0.191295 -0.0440729 -0.980543 0.973073 -0.042385 -0.226568 0.692903 0.521302 0.498126 0.952332 0.0556713 -0.299942 0.998131 -0.00668063 0.0607406 0.998252 -0.0506827 0.0303944 0.0093164 0.022701 -0.999699 0.108905 0.0805569 -0.990783 0.144459 -0.00906837 -0.989469 0.151243 0.0267618 -0.988134 0.0947795 -0.0254866 -0.995172 8.06043e-5 -0.0668422 -0.997764 0.0457783 -0.00832725 -0.998917 0.964355 -0.17427 -0.199122 0.927982 0.345953 -0.13844 0.66097 -0.745539 -0.0853834 0.519202 -0.75303 -0.404198 0.154981 -0.0588161 -0.986165 0.894553 0.143425 -0.423326 0.930944 -0.175058 -0.320465 0.93333 -0.0196062 -0.358483 0.12225 -0.124013 -0.984721 0.572749 -0.0912222 0.814639 0.994533 0.0894644 -0.0538488 0.089721 -0.051807 -0.994619 0.943453 -0.0344225 -0.329716 0.407338 0.374889 0.832787 0.376419 -0.645544 -0.664516 0.0374234 -0.00777506 -0.999269 0.0322806 0.041929 -0.998599 0.758024 0.605553 0.242293 0.0499776 -0.0223164 -0.998501 -0.0337834 -0.0495648 -0.998199 0.053671 -0.0233825 -0.998285 0.0423329 -0.0720289 -0.996504 0.0329377 0.0318963 -0.998948 0.0577131 -0.00510795 -0.99832 -0.00046486 0.00283257 -0.999996 0.129593 -0.00898167 -0.991527 0.712169 -0.412318 -0.568163 0.414351 -0.0165842 -0.909966 0.950029 0.181537 -0.253945 0.807918 -0.180914 -0.560838 0.848285 0.136311 0.511694 0.79436 0.546787 0.264607 0.810754 0.00756004 -0.585338 0.980048 0.110799 0.165011 0.707714 -0.396998 -0.584409 0.852036 0.0478739 -0.52129 0.747037 -0.0995945 -0.65728 0.930914 -0.261897 -0.254574 0.900131 0.395232 0.183184 0.945613 -0.291584 0.144206 0.53469 -0.833927 0.136649 0.984801 -0.143342 0.0980781 0.888791 -0.0331522 0.457112 0.380583 -0.871565 0.30908 0.747307 -0.108366 -0.655584 0.950429 0.177382 0.255382 0.986952 0.155169 -0.0429925 0.975203 -0.0528073 -0.214919 0.647988 0.0533492 0.75978 0.983666 -0.105197 0.146067 0.629486 0.550292 0.548567 0.875974 0.468026 0.116713 0.955868 -0.143262 0.256499 0.959654 0.239691 -0.147009 0.398513 -0.458123 0.794551 0.681346 0.117576 0.722456 0.172123 0.514131 0.840264 -0.41747 0.214145 0.883097 -0.167348 -0.270818 0.947973 0.5448 0.646831 0.533668 0.314074 -0.626587 0.713264 0.244268 0.68666 -0.684713 0.909912 -0.266669 -0.317722 0.985438 0.0830636 0.148364 0.99452 0.0733975 0.0744547 0.991949 0.0288044 0.123322 0.919739 0.0480392 0.389581 -0.249061 0.596017 0.763369 0.157963 -0.795143 0.585487 0.346311 -0.813143 0.467832 0.974552 -0.149829 0.166733 0.74533 0.016387 0.666495 0.995934 -0.0265825 0.0860729 0.998382 -0.0379924 0.0423067 0.903565 0.395288 0.165281 -0.376637 0.24971 0.89207 0.371953 -0.48481 0.791587 -0.541792 -0.504579 0.672207 -0.072991 -0.813141 0.577472 0.484167 -0.787485 0.381379 0.978356 0.0955048 0.183571 0.310113 0.293224 0.904351 0.137281 -0.563105 0.814903 0.592644 -0.708697 0.382781 0.981627 -0.0467344 0.185 0.992482 -0.120244 -0.0228449 0.691711 0.652306 0.309893 0.848588 0.525744 0.0590882 0.351198 0.544619 0.761611 -0.0158123 0.799644 0.600266 0.550508 0.00367897 0.834822 0.994218 -0.0914851 0.056227 0.129494 -0.692779 0.709429 0.812434 -0.341559 0.472535 0.97462 -0.210332 0.076657 0.992707 -0.0112806 0.120022 0.930387 4.4709e-5 0.366578 0.977272 -0.1275 -0.169363 0.960643 0.274437 -0.0430087 0.481031 0.0675446 0.874098 -0.334388 -0.00512611 0.942421 -0.473446 -0.355498 0.805897 0.53508 0.712533 0.453857 0.993732 0.0800726 0.0780106 0.613291 0.583313 0.532561 0.0638458 -0.167949 0.983726 0.0896382 0.222066 0.970902 0.196426 -0.512775 0.83575 0.683637 -0.0773917 0.725707 0.974716 0.0519767 -0.217317 0.99246 0.0754636 0.0965846 -0.00651523 0.342268 0.93958 -0.122711 -0.736884 0.664788 0.217473 -0.323277 0.920976 0.0683084 -0.399425 0.914217 0.813903 -0.305568 0.494156 0.638416 0.597624 0.485048 0.710292 -0.0549298 0.701761 0.836981 0.0238267 0.546713 -0.196786 -0.35631 0.91341 0.040205 0.358417 0.932696 -0.163336 0.00637092 0.98655 0.0851607 -0.48929 0.867953 0.801542 -0.131026 0.583407 0.500091 0.674736 0.542807 0.148872 -0.433744 0.888652 0.829794 -0.437556 0.346391 0.975654 0.0849588 -0.202191 0.998981 0.00954795 -0.0441235 0.155033 -0.0829987 0.984417 0.998464 0.0425921 0.0354393 0.0725744 0.340287 0.937517 -0.20203 -0.488816 0.848671 -0.172847 -0.470811 0.865137 0.282171 0.113201 0.952662 -0.0389533 -0.391283 0.919446 -0.19899 -0.361477 0.910899 -0.471919 -0.602247 0.643888 -0.197226 -0.680775 0.705441 0.799196 -0.287246 0.527992 0.472976 -0.0923717 0.87622 0.551984 0.399924 0.731693 0.277103 0.379268 0.882819 0.171793 0.359188 0.917317 -0.0198137 -0.335586 0.941801 -0.0155631 -0.288077 0.957481 0.499553 -0.283587 0.818551 0.521416 0.213619 0.826131 0.841876 -0.235067 0.485787 0.404195 0.131723 0.905138 0.57967 -0.0721203 0.811653 0.246861 -0.123361 0.961167 -0.286929 0.200927 0.936643 -0.606253 0.0316072 0.794644 0.0592777 0.39738 0.915738 -0.111913 0.344739 0.932004 0.0236107 -0.00928809 0.999678 0.0199935 0.300621 0.953534 -0.00119774 0.296298 0.955095 -0.0179578 0.00672485 0.999816 0.0137397 0.391057 0.920264 0.00675826 -0.00388612 0.99997 0.107128 -0.00801681 0.994213 -0.0265861 0.170469 0.985004 -0.398615 -0.430333 0.809889 -0.0104417 0.0939252 0.995525 -0.0279053 -0.00196837 0.999609 0.144276 0.271699 0.951506 0.111075 -0.325367 0.939041 0.0935182 -0.248706 0.964054 0.443971 0.265914 0.855675 0.872765 -0.215854 0.437822 0.803057 -0.192307 0.564019 0.742723 -0.286577 0.605174 0.234449 0.170164 0.95712 0.542735 -0.176248 0.821204 0.912195 -0.324603 0.250065 0.459813 -0.114494 0.880604 0.492234 -0.247854 0.834431 0.6317 -0.428123 0.646271 0.756983 -0.249436 0.603953 -0.00401166 -0.284015 0.958811 0.235598 0.096299 0.967068 0.186264 0.152699 0.970561 -0.0580059 0.89877 0.434566 0.0323984 0.0709394 0.996954 0.0250339 0.611324 0.790985 0.737155 -0.215897 0.640305 0.589601 0.0959509 0.801975 0.720049 0.167271 0.673461 0.61454 0.150299 0.774436 0.608969 0.00797495 0.793154 0.609543 0.0833814 0.788355 0.0317053 -0.00543586 0.999483 0.667065 0.0624431 0.742378 0.0248689 -0.0154046 0.999572 0.196269 -0.00858908 0.980513 0.00549965 -0.00775562 0.999955 0.39088 -0.0794815 0.917004 0.000777128 -0.00356982 0.999993 0.711202 -0.199206 0.674173 0.476834 -0.0930754 0.874052 0.880729 0.00271026 0.473612 0.859148 -0.206057 0.468407 0.0087567 -0.00265883 0.999958 0.354667 -0.125995 0.926465 -0.0231291 0.0222807 0.999484 -0.00689694 -0.00670768 0.999954 -0.211568 -0.198122 0.957072 -0.184603 -0.278577 0.942505 0.821926 -0.229632 0.521256 0.181042 -0.0484879 0.982279 -0.0208542 -0.00581187 0.999766 -0.144396 -0.17892 0.97321 -0.26433 -0.171716 0.949022 0.543473 0.0171673 0.839251 -0.0404781 -0.0123618 0.999104 0.00350672 -0.0155194 0.999873 0.00430936 -0.00226514 0.999988 0.0269197 -0.0207905 0.999421 0.00566668 -0.051602 0.998652 0.00582878 -0.0347053 0.999381 -0.0110902 -0.024813 0.999631 -0.0239367 -0.0345422 0.999117 -0.00786117 -0.0292136 0.999542 -0.0347247 -0.00587413 0.99938 -0.0268758 -0.0126616 0.999559 -0.00358833 -0.0163569 0.99986 -0.0367618 -0.0352055 0.998704 -0.0508056 -0.0176746 0.998552 -0.0347025 -0.0294332 0.998964 -0.0284782 -0.00781948 0.999564 -0.0312158 -0.0181161 0.999349 -0.160164 0.0590968 0.98532 -0.03615 -0.000631622 0.999346 -0.0319068 -0.00145983 0.99949 -0.000479281 0.00163203 0.999999 -0.0185095 -0.0067606 0.999806 -0.000143643 0.00538144 0.999986 -0.0180481 0.0221503 0.999592 0.00883096 -0.00248896 0.999958 -0.0140645 0.0166866 0.999762 -0.0127541 -0.0291818 0.999493 0.0193069 -0.0256989 0.999483 -0.00496012 -0.17327 0.984862 -0.0370027 0.00861606 0.999278 -0.0156304 -0.0141255 0.999778 0.0665229 -0.066863 0.995542 0.0775113 0.00649225 0.99697 0.314342 0.115424 0.942267 0.024693 0.0175845 0.99954 -0.012121 0.0157856 0.999802 0.125444 0.615372 0.778191 0.943716 0.0542899 0.326271 0.103303 0.0197598 0.994454 -0.0343475 -0.223222 0.974162 0.984286 0.0581143 0.166746 0.973815 -0.0556522 0.220427 0.218557 -0.275207 0.936212 0.934014 -0.346225 0.0880182 0.89486 -0.0433929 0.444234 0.96043 0.179369 -0.213074 0.0549858 0.00276906 0.998483 0.288659 0.0911616 0.953082 0.279606 0.0826525 0.956551 0.324109 0.103601 0.94033 0.0769651 0.0326036 0.996501 0.162607 0.0440531 0.985707 -0.00780633 0.012872 0.999887 0.390104 -0.0943545 0.915924 -0.0867041 -0.347943 0.933498 0.476018 0.0167578 0.879276 0.255979 0.0445377 0.965656 0.0423208 -0.241622 0.969447 0.214147 0.0222767 0.976547 0.27899 0.10263 0.954794 0.0177987 0.0813039 0.99653 -0.00875038 0.0602181 0.998147 -0.0100345 0.0430727 0.999022 -0.0130362 0.0910727 0.995759 0.176815 -0.0938713 0.979758 0.484737 -0.389407 0.783194 -0.097987 -0.0779827 0.992128 -0.0148492 -0.0835868 0.99639 -0.0301064 0.0151235 0.999432 0.385099 -0.293461 0.874974 -0.0747386 -0.0176961 0.997046 -0.0193663 -0.023453 0.999537 -0.971477 0.210014 0.110117 0.00626037 0.0152941 0.999863 -0.0018768 -0.034811 0.999392 -0.040259 0.00183848 0.999188 -0.0225755 0.00678705 0.999722 0.247515 0.315881 0.915945 0.0351461 0.0406164 0.998556 0.123571 0.986409 0.108295 0.0732421 -0.240081 0.967986 0.25209 -0.454564 0.854296 0.802996 -0.0632763 0.592616 0.940296 0.0312939 0.338917 -0.611682 0.359538 0.704683 -0.744657 0.184994 0.641298 -0.308648 0.214149 0.926756 -0.221595 -0.042353 0.974218 -0.796837 0.0879968 0.597752 0.920364 -0.136855 0.366335 0.956786 -0.278912 0.082268 0.943484 -0.138861 0.300925 -0.118219 -0.110139 0.986861 -0.248888 -0.242991 0.937555 -0.184039 -0.205752 0.961143 -0.283927 -0.271148 0.919709 -0.0281818 0.0182825 0.999436 -0.351482 0.044311 0.935145 -0.199206 0.131615 0.971079 -0.0343856 0.0226584 0.999152 -0.0431602 0.18821 0.98118 -0.0320712 -0.135785 0.990219 -0.08957 -0.183775 0.978879 -0.0445097 -0.346877 0.936854 -0.194601 -0.252531 0.947818 -0.0448838 -0.258889 0.964864 0.927221 -0.0988908 0.361223 0.747884 -0.0687729 0.660257 0.931587 0.0183192 0.363058 0.206678 -0.111979 0.97198 0.0650914 0.0519423 0.996527 0.366895 0.164853 0.915539 -8.56976e-5 0.0241141 0.999709 0.283792 0.0799584 0.955546 0.229548 0.093697 0.968777 -0.063735 0.00382117 0.99796 -0.539104 -0.364923 0.759078 -0.126296 -0.106634 0.986245 -0.423707 -0.293268 0.85701 0.0578349 0.0287955 0.997911 -0.046749 -0.0307301 0.998434 -0.0888061 -0.137073 0.986572 -0.00792342 -0.13773 0.990438 -0.286605 0.662066 0.692479 -0.112954 0.542838 0.832207 -0.222837 -0.24872 0.942593 0.0775852 0.479116 0.874316 -0.0761695 -0.0458252 0.996041 0.692475 0.210358 0.690092 0.147337 0.179501 0.972662 0.405956 -0.170606 0.897827 0.450025 -0.230466 0.862765 0.00852614 -0.0353338 0.999339 0.262379 -0.0805592 0.961596 -0.0561773 -0.00823074 0.998387 -0.0192808 -0.000528491 0.999814 -0.0634914 0.0170661 0.997836 -0.0909557 0.00614309 0.995836 0.491164 -0.189923 0.85011 0.714168 -0.250551 0.653597 0.84878 0.0516064 0.526221 0.0145433 -0.178761 0.983785 0.397374 -0.431945 0.80964 -0.723585 0.535475 0.435536 -0.802129 -0.118022 0.585371 0.964614 -0.256673 0.0603227 -0.941574 0.273036 0.197204 -0.675411 0.429992 0.599105 -0.139863 0.113791 0.983611 0.480862 0.0700742 0.873991 0.0632622 0.0262332 0.997652 -0.0139514 0.00228111 0.9999 0.580037 0.119815 0.80573 -0.0270973 0.00945766 0.999588 0.224908 0.0213749 0.974146 -0.00473412 0.0176172 0.999834 -0.0257337 0.00437729 0.999659 -0.0685509 -0.00741159 0.99762 0.201193 -0.183922 0.96213 -0.0269486 0.0169603 0.999493 0.0123401 -0.232342 0.972556 -0.0055607 -0.3106 0.950524 -0.0100311 0.00723686 0.999924 -0.0346465 0.0149266 0.999288 0.9586 -0.0162395 0.284292 -0.970125 -0.015383 0.242119 0.986208 -0.0526025 0.156926 -0.102791 -0.627235 0.772017 0.672493 -0.440476 0.594755 -0.00980533 -0.0823473 0.996555 -0.039119 -0.0255078 0.998909 -0.0505339 -0.0136193 0.998629 0.739851 -0.191379 0.644976 0.718925 -0.209355 0.66281 -0.0581911 -0.0173228 0.998155 -0.0825182 -0.0307524 0.996115 -0.0686422 0.0311154 0.997156 -0.0345845 0.0203166 0.999195 -0.0584521 0.00918128 0.998248 -0.923517 0.375351 0.0789195 -0.0282624 -0.1048 0.994092 -0.0421244 -0.249139 0.967551 0.70311 0.0032004 0.711074 0.969164 -0.244797 0.0282109 0.970145 -0.234804 0.0607174 -0.986687 0.017521 -0.161685 -0.822117 0.56318 -0.0833791 0.603238 -0.229717 0.763763 0.667216 0.672972 0.319267 0.419666 0.226565 0.878948 -0.0273006 0.965773 0.257947 0.854744 0.0598719 0.515585 0.77259 0.115398 0.62433 0.754617 0.225071 0.616358 0.750839 0.397613 0.527394 0.444355 0.895732 0.0145751 0.956616 0.208791 -0.203206 0.0781333 -0.794551 0.602149 -0.0529893 -0.00375279 0.998588 -0.0490676 -0.160702 0.985783 -0.0587381 -0.0114185 0.998208 0.266956 -0.0128889 0.963623 0.890891 -0.152542 0.427837 -0.028051 0.000655142 0.999606 -0.0417264 -0.0221731 0.998883 -0.0502479 -0.00319098 0.998732 -0.0445914 0.0151859 0.99889 -0.0326762 0.00775532 0.999436 0.93419 0.115742 0.337479 0.203325 -0.00142948 0.97911 -0.976944 -0.0657612 0.203116 -0.955473 -0.295033 -0.00508383 0.957418 -0.284055 0.0516118 0.961924 -0.174729 0.210172 -0.594048 0.802875 -0.0499928 -0.277758 0.954972 0.104303 0.801466 -0.298727 0.518088 0.90043 -0.300268 0.314747 -0.199002 0.914251 0.352906 0.925382 0.140142 0.352178 -0.478147 -0.733881 0.482487 -0.0260305 0.0223478 0.999411 0.00733713 0.00813006 0.99994 -0.0358273 -0.00911488 0.999316 -0.0606452 0.00935277 0.998116 0.00801636 -0.00728349 0.999941 -0.0405259 0.00481353 0.999167 -0.0500614 -0.18606 0.981262 0.637854 0.764032 0.0969333 0.948461 0.0640601 0.31035 -0.784069 -0.554419 0.279026 0.741384 -0.339162 0.579067 -0.0548677 0.0162977 0.998361 -0.0941904 0.0229894 0.995289 -0.0443829 -0.0116664 0.998946 0.364986 0.0153573 0.930887 0.212575 -0.000647717 0.977144 0.274238 0.0308387 0.961167 -0.0604628 0.0192937 0.997984 -0.0843804 0.0467628 0.995336 -0.0570734 0.0310789 0.997886 0.746394 -0.256974 0.61389 -0.842522 0.326203 0.428658 -0.721113 0.498141 0.48151 0.675571 0.708179 -0.205147 0.919889 0.203755 0.335094 0.489408 -0.528748 0.693473 0.802971 -0.195023 0.563209 -0.0767483 0.0156413 0.996928 0.385661 0.015398 0.922512 0.887156 0.111913 0.447694 0.911944 -0.26267 0.315219 0.954384 -0.265295 0.137005 0.837967 -0.302692 0.45408 0.949665 0.0951674 0.298462 -0.0632065 -0.00391583 0.997993 -0.0505216 0.00585392 0.998706 -0.0394114 0.00976568 0.999175 0.934009 -0.206896 0.291239 0.938281 -0.240327 0.24874 0.976239 -0.199051 0.0856456 0.939596 0.163689 0.300607 0.863478 -0.132778 0.486596 0.668747 -0.381978 0.637863 0.882566 -0.159685 0.442242 0.770349 -0.166949 0.615379 0.938412 -0.103476 0.329661 0.932886 -0.275332 0.232197 0.966932 -0.177261 0.183358 -0.954592 0.190253 0.229257 0.851164 0.429064 0.302362 0.772359 0.607824 -0.184424 -0.197083 0.97975 0.035339 0.495537 -0.159962 0.85373 0.793848 0.0326013 0.607242 -0.56178 -0.532738 0.632925 -0.0903972 -0.503494 0.859257 -0.727314 -0.213798 0.652155 -0.937432 -0.113352 0.329199 -0.47084 0.876623 -0.0992098 0.0697959 0.996868 0.0371846 0.952895 -0.0212954 0.302553 -0.454814 -0.128674 0.881242 0.91175 0.174612 0.371783 0.754005 -0.103206 0.648711 -0.816905 0.0684797 0.572693 0.823435 -0.0264512 0.566794 -0.65481 -0.350571 0.66957 0.967334 -0.214174 0.135624 0.562143 -0.168306 0.809734 0.745655 0.0509961 0.664378 -0.643423 0.335438 0.688105 0.825619 0.111903 0.55302 0.289505 0.0301923 0.9567 -0.557816 -0.0419005 0.828906 -0.262952 -0.0502149 0.963501 0.399752 -0.103043 0.910813 -0.514814 -0.10166 0.851253 -0.877243 -0.296001 0.377927 0.930978 -0.277771 0.236904 0.62158 -0.225283 0.750257 0.458133 0.881905 0.111162 0.941704 0.131505 0.309679 0.717413 0.292615 0.632214 -0.596683 -0.0562112 0.800506 0.405306 -0.338286 0.849288 0.649054 -0.00124247 0.760741 0.207409 -0.242306 0.947771 -0.412811 0.26236 0.872213 0.828586 -0.153368 0.538446 0.54396 -0.157602 0.824178 -0.120025 0.973215 0.196078 0.19482 0.975737 0.0999097 0.62088 -0.193321 0.759694 0.598304 0.0211776 0.80099 -0.772442 0.38475 0.505273 0.118328 -0.114476 0.986354 0.597698 -0.149462 0.787667 0.638855 -0.279999 0.716564 0.0120642 0.949779 0.312689 0.610468 0.78627 0.0954396 0.441952 -0.226167 0.868059 -0.522903 -0.0298976 0.851868 0.439844 -0.0555803 0.896353 -0.414354 0.222962 0.882382 -0.397008 -0.252641 0.882359 0.387991 -0.256879 0.885142 0.805903 -0.281173 0.521021 0.8901 -0.132512 0.436076 -0.471587 0.01187 0.88174 -0.594277 0.483619 0.64261 -0.39557 0.583652 0.709137 -0.675952 -0.364124 0.640705 -0.493912 -0.134373 0.859067 0.827163 -0.25487 0.500842 0.84825 -0.263604 0.459331 0.811411 0.09046 0.577433 -0.298952 -0.0810866 0.950817 0.620201 -0.162264 0.767477 0.504397 0.0263511 0.86307 0.316369 -0.0747413 0.945687 0.330934 0.00828873 0.943618 0.52684 -0.158077 0.835135 0.171989 -0.259249 0.950374 0.646677 -0.249034 0.720965 0.549119 0.0443962 0.834564 0.446704 -0.266062 0.854205 -0.456135 -0.0873103 0.885617 -0.122182 -0.128549 0.984148 -0.387314 0.0874376 0.917792 -0.318911 -0.546132 0.77462 -0.407855 -0.229088 0.88384 -0.354691 -0.203675 0.91253 0.749078 0.161395 0.642522 0.634494 0.0877916 0.767926 0.35771 -0.505916 0.784915 0.529996 0.331543 0.780502 0.528709 -0.190987 0.827038 0.790492 -0.171876 0.587861 -0.35928 -0.140771 0.922552 -0.349985 -0.0669934 0.934357 0.0712837 -0.336614 0.938941 -0.0377909 -0.446554 0.893958 0.462511 -0.135073 0.876264 0.236943 0.872607 0.427101 0.0170217 0.717274 0.696583 -0.199153 -0.0979897 0.975057 0.52761 0.10666 0.842764 -0.336698 -0.0305391 0.941117 0.106116 -0.170671 0.979597 0.686388 -0.252623 0.681948 0.676064 0.00235918 0.736839 -0.422495 0.0511665 0.90492 0.253614 -0.44143 0.860709 0.447248 -0.238995 0.861888 0.043776 -0.229854 0.97224 0.480886 -0.166111 0.860904 0.592276 -0.310488 0.743509 -0.51637 0.0832607 0.852308 0.625088 -0.0447586 0.77927 -0.236778 0.528261 0.815399 -0.384459 0.00362063 0.923135 0.028186 -0.10368 0.994211 0.495018 0.0063349 0.86886 0.575052 0.133827 0.807097 -0.344247 -0.170051 0.923351 0.0405391 -0.354076 0.934338 0.349349 0.049328 0.935693 0.451478 0.127479 0.883129 -0.617485 0.11681 0.777861 -0.47792 -0.119447 0.870244 0.664328 0.057425 0.745232 -0.19252 0.371193 0.908379 0.397214 -0.147206 0.905843 0.215879 0.48765 0.845928 -0.446704 -0.0600275 0.892666 -0.237649 -0.0417643 0.970453 0.620672 -0.214113 0.75427 0.102575 0.150476 0.983278 -0.495329 0.0989942 0.863046 0.00274046 0.0191591 0.999813 0.526708 -0.150533 0.836612 0.614957 -0.139942 0.776044 -0.375163 -0.00607818 0.926939 0.0105988 -0.379134 0.925281 0.0951663 -0.465661 0.879831 0.389227 -0.381646 0.838361 -0.486069 0.105242 0.86756 0.562505 -0.0383612 0.825903 -0.122719 -0.204698 0.971102 0.130236 -0.213385 0.968249 0.178688 -0.200259 0.963311 -0.35732 -0.142968 0.922975 0.35383 0.100041 0.929944 -0.432182 -0.00199952 0.901784 0.499223 0.188116 0.845807 0.409788 0.0162963 0.912035 -0.234765 -0.571476 0.786321 0.428756 -0.149672 0.890936 0.439444 0.013879 0.898163 0.470992 0.128914 0.872667 0.479923 -0.107813 0.870661 0.446884 -0.0691501 0.891915 0.0405372 -0.313382 0.948761 0.00809516 -0.0224876 0.999714 0.0724967 0.192289 0.978657 0.111791 -0.0624249 0.991769 -0.0322958 -0.168614 0.985153 -0.115309 -0.143276 0.982942 0.209635 -0.174494 0.962084 0.348683 0.153574 0.924573 0.143355 0.107999 0.983761 0.167369 -0.0410071 0.985041 -0.263368 -0.0131917 0.964605 0.268294 0.110561 0.956972 -0.0286154 0.116377 0.992793 -0.0446139 -0.0309591 0.998524 -0.292811 0.143418 0.945353 0.178624 0.145803 0.973054 0.175218 0.088623 0.980533 -0.19435 0.1119 0.974529 -0.0356619 0.0716808 0.99679 -0.0263379 0.108781 0.993717 0.0638488 -0.177723 0.982007 -0.0396044 -0.183671 0.98219 0.180783 -0.0556961 0.981945 0.278215 0.0216108 0.960276 -0.311158 -0.0817555 0.946835 0.00341861 -0.103084 0.994667 0.241443 -0.117138 0.963319 -0.112917 -0.00447206 0.993594 -0.182858 -0.0160245 0.983009 0.122489 -0.0803786 0.98921 -0.0552267 -0.0554182 0.996935 0.170969 0.0189637 0.985094 0.168094 -0.0346934 0.98516 -0.0151968 -0.0897027 -0.995853 -0.024351 -0.0621311 -0.997771 0.0204541 -0.0656604 -0.997632 0.0286205 -0.0150092 -0.999478 0.119777 -0.0236612 -0.992519 0.00709584 -0.0545831 -0.998484 0.0856907 0.0771743 -0.993328 0.013163 0.0364155 -0.99925 0.0459886 -0.0247535 -0.998635 0.0425443 0.0887841 -0.995142 -0.039352 0.0406538 -0.998398 -0.00631024 0.00886333 -0.999941 -0.0425461 -0.387292 -0.920975 0.0536092 0.00109775 -0.998561 0.0337651 -0.0623413 -0.997484 -0.0346375 0.0520922 -0.998041 0.156308 -0.931196 -0.329305 -0.0531986 -0.0480381 -0.997428 0.0632899 0.198937 -0.977966 -0.0531419 0.0288387 -0.99817 0.0788577 0.178181 -0.980833 0.102528 -0.214089 -0.971418 0.87591 -0.36302 -0.317803 0.448302 -0.799425 -0.399931 0.168152 -0.978409 0.120166 -0.0403744 -0.941397 0.334875 -0.0278597 -0.930288 -0.365769 -0.0022927 0.187383 -0.982284 0.0820765 -0.0143087 -0.996523 0.0119418 -0.930057 -0.36722 -0.0238271 -0.929669 -0.367624 0.452584 0.0995004 -0.886153 0.715651 0.119282 -0.688197 -0.00194002 0.166423 -0.986052 -0.113898 -0.0569818 -0.991857 0.0558307 -0.108332 -0.992546 -0.0884706 -0.341101 -0.935854 0.075138 0.00631922 -0.997153 0.0537408 -0.531413 -0.845406 -0.0326592 -0.0327409 -0.99893 0.00567857 0.0385357 -0.999241 0.0497553 0.0730797 -0.996084 0.0215079 0.00947595 -0.999724 0.0108088 -0.000516371 -0.999941 -0.0689782 0.0754828 -0.994758 0.00142165 0.0718816 -0.997412 -0.0898042 0.0226314 -0.995702 0.304635 0.088785 -0.948322 0.00646108 -0.0910521 -0.995825 0.0299012 -0.160581 -0.98657 0.049527 -0.0993804 -0.993816 0.0700457 -0.177287 -0.981663 -0.0480828 -0.115549 -0.992137 0.0680117 -0.0386917 -0.996934 0.109739 0.000706209 -0.99396 0.0173576 -0.0244445 -0.999551 0.0722752 -0.12838 -0.989088 0.0534652 -0.0527207 -0.997177 0.114601 0.0355185 -0.992776 0.0895491 0.0435257 -0.995031 0.0423457 0.052177 -0.99774 0.024456 0.122402 -0.992179 0.083969 0.179221 -0.980219 -0.00075383 -0.604142 -0.796876 -0.106828 -0.964577 0.241203 0.0826528 -0.907951 -0.410846 0.0687885 -0.0717734 -0.995046 0.121151 -0.883373 -0.452741 -0.072969 -0.240263 -0.967961 -0.0234738 0.10482 -0.994214 0.0132761 0.191195 -0.981462 0.161334 0.210672 -0.964152 0.119154 -0.104385 -0.987373 -0.00109564 -0.0129702 -0.999915 0.021003 -0.268304 -0.963105 -0.0541181 -0.197435 -0.978821 0.0479604 0.0733074 -0.996156 -0.0315908 0.0746255 -0.996711 0.0310621 0.0781175 -0.99646 0.00866595 0.00783838 -0.999932 0.0685949 0.0191374 -0.997461 0.094665 -0.387156 -0.917142 -0.181583 -0.974889 -0.128918 0.219015 0.0774583 -0.972642 0.607931 0.00451691 -0.793977 -0.0788036 0.112272 -0.990548 -0.0353127 0.0428213 -0.998459 0.0731369 0.162018 -0.984074 -0.0777553 0.0655216 -0.994817 -0.0777421 0.136883 -0.987532 -0.0865802 0.0742046 -0.993478 -0.0199456 0.0582961 -0.9981 -0.0316445 -0.0516408 -0.998164 0.00150274 -0.0746231 -0.997211 0.0191234 -0.095322 -0.995263 -0.0295893 -0.0497111 -0.998325 -0.00759518 0.105517 -0.994389 0.000649859 0.130992 -0.991383 0.47887 0.301199 -0.824599 0.0559488 -0.0985584 -0.993557 0.150197 -0.180824 -0.971979 -0.0347898 0.0856725 -0.995716 0.160943 -0.0122519 -0.986888 -0.267243 -0.170366 -0.94845 0.029553 -0.167326 -0.985459 0.0755152 -0.124819 -0.989302 0.0189892 0.0686528 -0.99746 0.0441043 0.123241 -0.991396 0.0865127 0.117247 -0.989327 0.0836507 0.0991495 -0.99155 0.0603073 -0.0704404 -0.995691 0.10132 0.0153539 -0.994735 0.0310945 0.110663 -0.993371 0.0121388 0.0893082 -0.99593 -0.0101888 0.0495803 -0.998718 0.0298481 0.0319913 -0.999042 0.00501382 0.0420614 -0.999102 0.0793472 -0.00187867 -0.996845 0.0298444 0.0738553 -0.996822 0.0862853 -0.0102825 -0.996217 0.0686318 -0.0530661 -0.99623 0.0315541 -0.0414595 -0.998642 -0.0171001 0.00921583 -0.999811 0.0735252 -0.0638122 -0.99525 -0.0825854 -0.884942 -0.45832 -0.0365252 -0.691464 -0.721487 0.185232 -0.94505 0.269388 -0.179852 0.109682 -0.97756 -0.0233555 0.0646185 -0.997637 -0.00583141 0.0409905 -0.999143 -0.0358424 0.0954153 -0.994792 -0.0199186 0.0792969 -0.996652 0.0122334 0.0803785 -0.996689 -0.0409426 0.0616796 -0.997256 0.0208364 0.104176 -0.994341 0.166809 -0.0161161 -0.985858 0.27799 0.172501 -0.944968 0.0175967 -0.0841644 -0.996297 -0.0889415 -0.932533 0.34996 0.511698 0.0124371 -0.859076 0.0251725 -0.92055 0.389813 -0.0716083 -0.879027 0.471364 -0.84725 -0.414226 -0.332542 0.517384 -0.233342 -0.823325 -0.291727 -0.0600329 -0.954616 0.329502 0.149073 -0.932312 0.175483 0.0156603 -0.984358 0.084784 -0.111206 -0.990174 0.420298 -0.0364743 -0.906653 0.822577 -0.0409523 -0.567177 -0.0554561 0.0660298 -0.996275 -0.00911681 -0.00710906 -0.999933 0.0653555 -0.212668 -0.974936 -0.0214993 0.0528607 -0.99837 -0.00579966 -0.0169442 -0.99984 0.0136968 0.0986615 -0.995027 0.0398601 0.116917 -0.992342 -0.0238827 -0.00836664 -0.99968 -0.0113103 0.111118 -0.993743 -0.102087 0.016542 -0.994638 0.0946511 0.0173781 -0.995359 -0.0396335 -0.0048858 -0.999202 -0.0711323 -0.0833651 -0.993977 0.0380103 0.00695316 -0.999253 0.069617 -0.0204389 -0.997364 0.0149173 -0.0622242 -0.997951 0.0272549 0.00203411 -0.999626 0.032327 0.075568 -0.996616 0.0335099 0.00700685 -0.999414 0.0116951 -0.0562153 -0.99835 0.0823216 -0.0355536 -0.995971 0.0457491 -0.0302422 -0.998495 0.0887198 0.0319422 -0.995544 0.109214 0.00161931 -0.994017 0.104417 0.0509398 -0.993228 0.107728 0.00178102 -0.994179 0.0545841 0.0398188 -0.997715 0.0423853 0.124219 -0.991349 0.0526837 -0.033253 -0.998057 -0.00927948 -0.0132573 -0.999869 -0.0365198 -0.0193241 -0.999146 -0.00308317 0.0239903 -0.999707 0.0243837 -0.944305 0.328168 0.024276 0.0228496 -0.999444 -0.0323937 -0.00225885 -0.999473 -0.0856715 -0.857779 0.506829 0.0116677 0.0184767 -0.999761 -0.0114813 0.0540012 -0.998475 -0.00263659 -0.0600048 -0.998195 0.0992466 -0.0592251 -0.993299 0.0664755 -0.00068986 -0.997788 -0.00142497 0.0232577 -0.999729 0.0446163 -0.0630688 -0.997011 0.0497588 -0.00904918 -0.99872 0.0353539 0.120976 -0.992026 0.124174 0.155084 -0.980066 0.00599368 -0.0348196 -0.999376 -0.0721486 -0.0214894 -0.997162 0.0288361 0.0222026 -0.999338 0.236021 0.0762642 -0.968751 0.0986333 -0.0695114 -0.992693 0.298832 -0.0791917 -0.951014 0.0170487 0.0190648 -0.999673 -0.00733446 0.0813919 -0.996655 0.0661779 -0.0119948 -0.997736 0.100897 0.0985826 -0.990001 0.018531 -0.0446023 -0.998833 -0.0273755 0.0877788 -0.995764 0.0741616 0.00319681 -0.997241 0.0354492 0.025854 -0.999037 -0.0138241 0.000345178 -0.999904 -0.0653472 0.00800578 -0.997831 -0.0295528 -0.073221 -0.996878 -0.0361227 -0.052111 -0.997988 0.00672394 -0.0863898 -0.996239 0.00778664 -0.982016 -0.188639 0.999172 -0.0406553 0.00174739 -0.00115503 0.160288 -0.98707 0.0694245 0.118213 -0.990558 0.001274 0.0677759 -0.9977 0.0647232 0.104897 -0.992375 0.029088 0.0513949 -0.998255 0.149311 0.906548 -0.394812 0.0300381 -0.0724075 -0.996923 0.0333118 -0.0260398 -0.999106 0.0728841 -0.0422568 -0.996445 -0.0274728 -0.13912 -0.989894 0.0927146 0.00829955 -0.995658 -0.0623036 0.030346 -0.997596 -0.224017 -0.78891 0.572222 0.864428 0.121447 -0.487868 -0.686072 0.632433 0.35963 0.454808 0.0430419 -0.889549 0.428866 0.0179335 -0.90319 -0.105857 -0.942997 0.315518 0.938995 0.0221395 -0.343217 0.888964 0.0434796 -0.455909 0.257079 0.105375 -0.960628 -0.101609 0.0426271 -0.993911 -0.00804747 -0.00158286 -0.999966 -0.0217432 -0.0424632 -0.998861 -0.0109739 -0.0252192 -0.999622 0.175715 -0.070402 -0.98192 0.00307624 0.0469984 -0.99889 0.101223 0.0143559 -0.99476 0.0455535 0.0320272 -0.998448 0.0529245 -0.0235018 -0.998322 0.0172202 0.0759937 -0.99696 -0.0241494 -0.00160209 -0.999707 -0.0477136 -0.0687926 -0.996489 0.0603099 0.0152886 -0.998063 -0.0183921 -0.0876886 -0.995978 0.0701298 -0.0958878 -0.992919 -0.0454635 -0.152327 -0.987284 0.0187878 0.0159036 -0.999697 0.00117816 -0.166919 -0.98597 -0.124319 -0.0113548 -0.992177 0.144683 -0.0480773 -0.988309 -0.0714369 -0.98648 0.147496 -0.0736759 -0.992775 0.0947095 0.0384718 -0.991091 0.127508 0.983306 0.0260646 -0.180083 0.413938 0.0252808 -0.909954 -0.0875329 0.0875798 -0.992304 0.0883029 -0.983115 0.160271 0.00452309 0.00846637 -0.999954 -0.0765801 -0.97942 0.186739 0.00238048 0.0248464 -0.999688 0.0373645 0.0651187 -0.997178 -0.00577101 -0.0045598 -0.999973 0.0838837 0.03229 -0.995952 0.222392 0.109605 -0.968777 -0.0381642 -0.00332841 -0.999266 0.0513922 -0.0226288 -0.998422 0.0816079 -0.0013826 -0.996664 -0.0444932 -0.0126172 -0.99893 -0.013024 0.0323627 -0.999391 0.0715658 0.0639031 -0.995387 0.031272 0.0316938 -0.999008 -0.0290047 0.169936 -0.985028 0.225126 0.158565 -0.96134 0.573961 0.0730694 -0.815616 0.872584 -0.0233884 -0.487904 0.069059 0.0384629 -0.996871 -0.00594046 -0.0417174 -0.999112 -0.0585857 -0.0572537 -0.996639 0.0383426 -0.0441611 -0.998288 -0.0413055 0.174222 -0.98384 0.0265956 -0.0199483 -0.999447 0.161035 -0.131934 -0.978091 -0.0188976 0.0167573 -0.999681 0.239999 -0.0164665 -0.970634 0.167345 -0.0536014 -0.98444 -0.0233157 -0.0542918 -0.998253 0.0706638 -0.115265 -0.990818 0.0550322 0.136001 -0.989179 0.235404 0.109775 -0.965678 0.420073 -0.0364193 -0.906759 0.114227 0.248121 -0.961971 0.516384 0.0298657 -0.855836 0.180467 0.0914812 -0.979318 0.28041 0.0776982 -0.956731 -0.119051 0.285548 0.950941 0.135146 0.32682 -0.935374 0.175055 -0.0528268 -0.98314 0.985321 0.105241 -0.134416 0.933936 0.0154458 -0.357106 0.770106 0.637816 -0.0112819 -0.0429765 -0.99095 0.127163 0.0379512 0.122788 -0.991707 0.464201 0.248964 -0.85002 0.0125213 -0.054428 -0.998439 0.207358 0.110739 -0.971977 0.403875 0.0877075 -0.9106 -0.0122395 -0.0586659 -0.998203 0.085763 -0.0232796 -0.996044 0.243415 -0.0981368 -0.964945 0.235583 -0.159586 -0.958662 0.688766 -0.175241 -0.703485 0.579257 0.121656 -0.806016 0.384455 -0.0650611 -0.920848 0.0646267 0.193008 -0.979067 -0.0537342 -0.0155459 -0.998434 -0.0175555 -0.0338609 -0.999272 0.126612 -0.0697489 -0.989497 0.165109 0.0345786 -0.985669 0.9713 0.233746 -0.0440379 0.307236 -0.125768 -0.943286 0.193407 -0.0470955 -0.979988 0.153626 0.0367747 -0.987444 0.703159 0.0556008 -0.708856 0.780245 0.131426 -0.611511 0.710275 -0.0186341 -0.703678 -0.130606 -0.988574 0.0752598 0.504429 -0.0201286 -0.863219 0.784881 -0.113827 -0.609102 -0.159988 -0.975002 0.154191 0.973164 0.116937 0.198187 -0.0578747 0.3588 -0.931619 -0.684121 0.580757 -0.441249 0.98265 -0.0337298 0.182379 0.626816 -0.0935271 -0.773534 0.609427 -0.0724519 -0.789525 0.879124 0.393048 -0.269547 0.979055 -0.127799 -0.158488 0.882182 -0.142542 -0.448818 -0.0783667 -0.996363 0.0334456 0.00851073 -0.999786 -0.0188389 0.0108526 -0.999413 -0.0324809 0.0245199 -0.960731 0.276397 0.99596 -0.0200498 0.0875317 -0.0074891 0.381612 -0.924292 0.622715 -0.0248001 -0.782055 0.670782 0.224557 -0.706842 0.933334 -0.057683 -0.354344 0.848345 0.0319402 -0.52848 0.776337 -0.0985836 -0.622561 0.702739 -0.233771 -0.671944 0.0316238 -0.996204 0.0811068 -0.126164 -0.990462 -0.0553877 -0.0881177 -0.947885 0.306186 0.32732 -0.901526 0.28304 0.923634 -0.358973 -0.13431 0.998963 -0.000795351 0.0455182 0.94329 0.0726097 0.323933 0.961274 -0.00782187 0.275484 0.988526 0.0348259 0.146984 0.990659 0.0894217 0.102953 0.183879 0.0611898 -0.981042 0.0971756 -0.995056 0.020485 0.302576 -0.863067 0.40443 0.987987 -0.00467587 0.154467 0.834945 0.0248408 -0.549772 0.926696 0.10331 -0.361334 0.757909 0.237614 -0.607547 0.686293 0.186447 -0.703022 0.484628 0.13817 -0.863739 -0.0159701 -0.979915 0.198773 -0.0226807 -0.954461 0.297473 0.890222 -0.0182126 -0.455163 0.851824 -0.141475 -0.504361 -0.0179867 -0.839179 0.543558 0.882149 0.107198 0.458609 0.879203 -0.0155936 -0.476192 0.0747114 -0.995667 0.0553649 0.0118344 -0.999904 -0.00719145 0.0336915 -0.998532 -0.0424072 -0.193648 -0.945552 0.261596 0.647073 -0.752033 -0.125474 0.822527 0.0323765 -0.567804 0.978706 0.0254947 0.203678 0.905066 0.123725 -0.406876 0.329396 -0.820838 0.466608 0.997469 0.0684299 0.0192892 0.676729 -0.0943568 0.730161 0.884326 0.0351808 0.465542 0.829781 0.0777605 -0.552646 0.747951 0.128247 -0.651247 0.989309 -0.0410699 0.139935 -0.0193758 -0.575554 0.817535 0.289918 -0.926017 0.241744 0.974454 0.162979 0.15452 0.757067 -0.0460683 0.651711 0.875528 0.0643007 -0.478871 0.913802 -0.151839 -0.37671 0.994525 -0.0872279 0.0575397 0.996067 -0.0339224 0.0818552 -0.0273908 -0.942351 0.333504 -0.0835304 -0.990748 0.106963 0.0135128 -0.959166 0.282521 -0.103605 -0.804364 0.585034 -0.0923189 -0.923485 0.37236 -0.0903327 -0.994305 0.0565526 0.000706686 -0.985619 0.168981 0.287828 -0.925178 0.247389 0.622126 0.0422943 0.781774 0.809618 -0.0107292 0.586859 0.820608 -0.0225423 0.571047 -0.0725328 -0.991205 0.110687 0.997617 -0.0689626 0.00202272 -0.154255 -0.912953 0.377786 0.959292 -0.061226 0.275698 0.0918205 -0.965633 0.243149 0.996974 0.0448604 -0.0634889 0.100852 -0.927303 0.36047 -0.178315 -0.904854 0.386578 0.986204 -0.165526 0.00156439 -0.231282 -0.967575 0.101522 0.891178 -0.434367 0.130869 0.467297 0.307898 0.828753 0.9495 0.0123485 0.313523 0.0772688 -0.160704 0.983974 0.663475 -0.0620326 0.745623 -0.0763624 -0.932549 0.352876 0.979484 -0.0115251 0.201192 -0.210158 0.0176661 0.977508 0.0747916 -0.0623134 0.99525 0.0764983 0.480627 0.873582 -0.614675 -0.0839587 0.784299 0.152699 -0.831845 0.533589 0.920846 -0.174126 0.348888 0.354044 0.07915 0.931873 0.00705875 0.0845924 0.996391 0.696413 0.0908761 0.711864 -0.194121 0.151463 0.969214 0.276826 -0.0906661 0.956633 -0.749541 -0.0307235 0.661245 -0.178914 -0.13872 0.974036 0.65535 0.0915122 0.749761 0.512955 -0.257069 0.819019 0.62557 -0.0326746 0.779484 0.671075 -0.0687267 0.738197 0.783116 -0.0361272 0.620825 -0.0696967 -0.852365 0.518282 -0.111843 -0.798749 0.591178 -0.104533 0.548413 0.829648 0.0907558 0.0998079 0.990859 0.275441 0.673682 0.685773 0.0587221 0.381421 0.922534 0.00638836 0.0912347 0.995809 0.270895 0.0663098 0.960322 0.506031 0.381158 0.773726 0.0129328 0.591373 0.806295 0.831361 -0.011795 0.555607 -0.462314 0.457387 0.759647 -0.661477 0.126407 0.739236 0.0772451 -0.2179 0.97291 -0.0447182 -0.0491715 0.997789 0.533852 -0.0215775 0.845303 -0.00421473 0.00783326 0.99996 0.343843 -0.02653 0.938652 0.137592 0.00574828 0.990472 0.0178901 -0.00928022 0.999797 0.130609 -0.0910093 0.987248 0.521997 -0.177056 0.834368 0.0970993 -0.0681706 0.992937 -0.114241 -0.0464085 0.992369 -0.0297695 -0.000789226 0.999556 -0.291997 0.0204123 0.956201 -0.0459319 -0.221639 0.974046 -0.335802 0.00446735 0.941922 -0.116256 0.00404446 0.993211 -0.700722 -0.002339 0.713431 -0.0683113 -0.76113 0.644992 -0.0419703 -0.951902 0.303515 0.468907 0.00462115 0.883235 0.0772344 0.283312 0.955913 0.38233 0.641542 0.665017 0.233227 -0.105339 0.9667 0.0494421 0.793729 0.606258 0.114519 -0.233104 0.965685 0.413541 -0.144929 0.898877 -0.0934436 -0.427975 0.898947 -0.833968 0.396744 0.383526 0.28698 -0.338435 0.896161 0.173894 0.894976 0.410826 -0.686362 -0.0281139 0.726717 0.677309 -0.100506 0.728801 -0.269954 -0.19129 0.943681 -0.718154 -0.139794 0.681699 0.5278 0.352891 0.77259 0.185135 -0.402802 0.896368 0.355588 0.0481463 0.933402 -0.470658 -0.149819 0.869503 -0.170232 -0.588573 0.790318 0.509182 -0.0594281 0.858605 -0.254944 -0.027651 0.96656 0.235148 0.10257 0.966532 0.713248 0.0648058 0.697909 0.421094 -0.559327 0.714026 -0.38389 -0.0618902 0.921302 0.457715 -0.0907374 0.884457 0.348795 0.779936 0.519655 0.761286 -0.0659217 0.645057 -0.71176 -0.221717 0.666513 0.738787 -0.111328 0.66468 0.868772 -0.106552 0.483614 0.882593 -0.0704235 0.464834 -0.0175794 0.698992 0.714913 -0.0184166 0.359959 0.932786 0.0981393 0.543146 0.833883 -0.0468997 0.150929 0.987431 -0.0425936 0.0154811 0.998973 -0.0557492 0.0447899 0.99744 0.00937699 0.181912 0.98327 -0.239065 -0.00810687 0.97097 -0.231857 0.0211192 0.972521 0.0949446 -0.876379 0.472171 0.188555 -0.926775 0.324861 0.452358 0.499984 0.738504 0.140268 0.719828 0.679832 -0.765095 0.237488 0.598523 0.809794 -0.0357559 0.585624 0.880278 -0.0295379 0.473538 0.637054 -0.235776 0.733874 -0.223088 -0.293281 0.929633 -0.651701 -0.0354051 0.757649 0.901586 -0.0263074 0.4318 0.800177 0.055957 0.597148 0.522173 -0.181807 0.833236 0.321011 -0.607874 0.726251 -0.327841 -0.0497014 0.943425 -0.832016 -0.0330272 0.553768 0.0622888 -0.779012 0.623908 0.0756623 0.563896 0.822373 -0.724361 0.192442 0.662017 0.685162 0.16441 0.709593 0.543781 -0.178215 0.820086 -0.16282 -0.386174 0.907942 0.716737 0.471038 -0.51421 -0.042159 0.546411 -0.836456 -0.381556 -0.137266 0.914097 -0.0207388 0.986678 0.161359 0.659142 -0.0913577 0.746449 0.701596 -0.150838 0.696427 -0.88858 -0.177128 0.423144 -0.341592 -0.503197 0.793794 0.732716 -0.656707 0.178505 0.918496 0.0781229 0.387637 0.644085 0.137243 0.752542 0.614252 0.118141 0.780216 -0.0481472 -0.893144 0.447186 0.060134 0.832712 0.550431 0.0677595 0.561872 0.824444 0.881552 -0.173769 0.438943 -0.569005 -0.0850327 0.817926 0.354071 -0.463081 0.812521 0.884875 -0.209094 0.416265 -0.861634 -0.0249273 0.506918 -0.795379 -0.0327537 0.605227 0.0848657 -0.868677 0.488055 0.452579 -0.738846 0.499279 0.534832 0.691991 0.484874 0.860441 0.276733 0.427855 0.103927 0.642092 0.759551 0.584909 0.57986 0.567137 0.28547 -0.279432 0.916747 0.0128522 -0.445834 0.895023 0.526851 -0.151343 0.836375 0.135059 0.961312 0.240082 0.178202 0.580395 0.794598 0.548078 0.745437 0.379387 -0.741117 0.0135457 0.671239 -0.709377 0.0901722 0.699037 0.930092 0.245608 -0.27314 0.254752 -0.563546 0.785823 0.57733 -0.637601 0.510053 0.863802 -0.287021 0.414083 -0.375965 -0.417943 0.827027 0.38514 0.339086 0.858305 0.971345 0.132356 0.197409 0.207696 0.0559117 0.976594 0.70208 -0.0032494 0.712091 0.0216642 -0.861179 0.50784 0.0304075 -0.645236 0.763378 0.11347 -0.930623 0.347944 0.580553 0.461117 0.671065 0.478962 0.442046 0.758413 -0.415495 0.417337 0.808204 -0.831577 -0.0586863 0.552301 0.090707 -0.760881 0.64252 0.0173987 -0.676619 0.736127 0.0961355 0.635033 0.76648 0.400919 -0.186443 0.896941 0.712917 -0.113172 0.692056 -0.0307913 0.997661 -0.0610306 -0.0135957 -0.973235 0.22941 -0.410651 -0.81047 0.417736 0.562507 -0.436709 0.702048 0.344789 0.937041 0.0554449 0.147197 -0.364697 0.919418 -0.68984 -0.558674 0.460439 0.828324 0.52875 0.185209 0.0100045 0.611492 0.791187 0.567673 0.670801 0.477256 0.843916 0.12781 0.521029 0.857825 -0.26947 0.437633 0.100656 -0.498919 0.860783 0.618287 -0.0198199 0.785703 -0.828269 -0.0600461 0.557103 -0.00828598 -0.515345 0.856943 0.606053 -0.13704 0.78353 -0.737596 -0.151356 0.65806 0.783865 -0.139692 0.605014 0.318448 0.947531 0.0278642 0.408041 0.912059 -0.0406216 0.807629 0.226351 0.544519 0.569754 -0.263539 0.778414 0.360945 -0.805312 0.47031 -0.297561 -0.0291333 0.954258 0.753672 0.157607 0.638074 -0.0730126 -0.264121 0.961722 0.571808 0.029061 0.819873 0.396367 -0.0580123 0.916258 0.0821353 -0.358442 0.929932 -0.125836 -0.512582 0.849367 0.081241 0.690375 0.718875 0.102692 0.565918 0.818041 -0.41621 0.318506 0.851659 -0.141997 0.130313 0.981252 0.898873 -0.0609859 0.433945 -0.631921 -0.144412 0.76146 -0.441224 -0.184295 0.878269 -0.603836 -0.124413 0.787339 0.0240548 -0.729216 0.683861 -0.333836 0.368971 0.867418 0.37422 0.381026 0.845446 0.311715 0.384466 0.868919 0.115628 0.0392604 0.992516 0.223868 -0.18621 0.956666 0.22083 -0.350476 0.910165 0.307387 -0.205927 0.929036 0.74674 -0.17487 0.641717 -0.446724 -0.358839 0.819556 -0.245224 0.948459 -0.200724 -0.871675 0.0163941 0.489809 -0.889582 0.105288 0.444476 0.826182 -0.0593981 0.560263 0.75785 0.325752 0.565287 -0.130566 -0.710577 0.6914 -0.670683 -0.191951 0.716477 0.840719 -0.433845 0.323991 0.78014 -0.0877891 0.619414 0.642035 0.182144 0.744724 0.695603 0.690113 -0.199702 0.00803459 -0.823606 0.567105 0.121949 -0.656703 0.744224 0.18992 0.188455 0.963543 0.223519 0.0796398 0.971441 0.767897 -0.375279 0.519134 -0.885745 -0.0392401 0.462511 0.0999988 -0.261092 0.96012 0.842286 -0.231932 0.486582 -0.117068 0.951912 -0.283122 0.108767 0.992604 -0.0539149 0.314316 0.939674 -0.134976 0.332352 0.940018 0.0768625 0.810723 0.140541 0.568311 0.773762 0.0898647 0.62707 0.892332 0.177345 0.415082 0.0114669 0.144187 0.989484 -0.112578 -0.266773 0.957162 -0.678359 -0.277192 0.680437 0.125467 -0.323605 0.937837 0.0928289 -0.524966 0.846046 0.270675 0.690975 0.67029 -0.0330911 -0.0433031 0.998514 -0.159806 -0.363903 0.917626 -0.134094 0.201401 0.970287 0.831551 -0.0831394 0.549191 0.890343 -0.217515 0.39997 0.870049 -0.421773 0.25519 0.0282759 -0.348308 0.936953 0.00996388 -0.337876 0.941138 0.0563339 -0.185751 0.980981 0.0267191 -0.204724 0.978455 0.29504 0.32295 0.899252 0.0257193 0.302413 0.95283 -0.0799925 -0.313309 0.946276 0.777127 -0.049972 0.627356 0.779348 -0.0805526 0.621392 -0.834098 0.174949 0.523138 0.818922 0.224618 0.528123 0.0196768 -0.43298 0.901189 -0.657315 -0.430761 0.618371 0.386339 -0.315203 0.866827 0.485451 -0.287156 0.82576 0.478531 -0.200148 0.854955 0.0403486 -0.441246 0.896479 0.822083 -0.0187707 0.569058 0.651641 0.180701 0.73669 0.0625959 -0.166835 0.983996 0.29438 0.159611 0.942266 -0.154755 0.00481547 0.987941 -0.0544183 -0.109382 0.992509 -0.247308 -0.23963 0.938838 0.869764 -0.478965 -0.118754 -0.7385 -0.0616901 0.671425 0.0386396 -0.197024 0.979637 0.0644099 -0.226664 0.971841 -0.0421832 0.0819334 0.995745 0.187274 -0.148389 0.971035 0.0841375 0.0527816 0.995055 0.212343 -0.276034 0.937398 -0.783216 -0.155378 0.602022 0.44084 -0.212866 0.87198 0.288017 -0.406692 0.866976 -0.680157 0.626618 0.380441 0.732147 -0.649518 0.205152 0.708508 0.206533 0.674804 0.549465 0.157007 0.820632 -0.107205 -0.433725 0.894645 0.0395698 -0.233269 0.971607 0.0515143 0.00047736 0.998672 0.0644555 -0.0772217 0.994928 0.0071397 0.114775 0.993366 0.0607343 0.0258437 0.997819 0.125276 -0.300466 0.94553 0.0879189 0.103385 0.990748 0.0314746 -0.0756713 0.996636 0.169135 -0.0110397 0.985531 -0.134774 -0.249271 0.95901 -0.468973 -0.248282 0.847597 -0.029628 -0.0690959 0.99717 -0.123216 0.163161 0.978875 0.342118 0.236841 0.90932 0.240364 -0.329686 0.91298 0.377186 -0.218854 0.899908 0.495662 -0.166523 0.852402 0.0184948 0.999378 0.0300323 0.180379 0.973395 -0.141301 0.978883 0.153268 -0.135264 -0.633285 -0.280652 0.721238 0.0690067 -0.239845 0.968356 0.0878575 0.153748 0.984196 0.364955 -0.20071 0.909133 0.138721 -0.221631 0.965213 0.464098 -0.172059 0.868912 0.659279 -0.0588241 0.749594 -0.0122996 0.985007 -0.172078 0.78152 0.236079 0.577488 -0.222488 -0.171744 0.959689 0.00499633 0.0561523 0.99841 -0.0581725 -0.219906 0.973785 0.0106224 -0.18816 0.982081 0.765887 0.171483 0.619686 0.192292 0.209069 0.958809 0.770739 -0.112063 0.627219 -0.272976 -0.310289 0.910607 -0.589419 -0.123951 0.798262 0.942299 -0.312394 -0.120342 -0.10739 -0.144506 0.983659 0.676885 -0.0929791 0.730193 0.0603958 -0.250246 0.966297 -0.741424 -0.0247131 0.670581 -0.649358 0.165566 0.742242 0.0758833 -0.124125 0.989361 0.0390012 0.132176 0.990459 0.62673 -0.0181062 0.779026 0.0452429 -0.331723 0.942291 0.741332 -0.129609 0.658505 -0.262431 -0.278569 0.923867 -0.721596 0.0339691 0.691481 0.569534 -0.13511 0.810787 0.1978 -0.247346 0.948523 0.617265 -0.429064 0.659461 -0.29145 -0.337067 0.895233 -0.446534 -0.26878 0.853443 -0.452189 -0.144584 0.880125 0.144664 -0.163642 0.975855 0.470497 -0.0616372 0.880246 0.494258 0.154842 0.855414 -0.258923 -0.268028 0.927966 -0.0460424 -0.327276 0.943806 0.614741 -0.17747 0.768504 0.330119 -0.00926524 0.943894 0.413122 -0.0800017 0.907155 0.694051 -0.0564522 0.717709 0.572188 -0.0904894 0.815115 0.70379 -0.220027 0.675476 -0.276409 -0.197763 0.940472 -0.270588 -0.126525 0.954345 0.205055 -0.432713 0.877902 -0.0922411 -0.358672 0.928895 -0.460887 0.798373 0.387536 -0.456912 0.772317 0.441314 -0.128827 -0.311939 0.941328 0.0434349 -0.173899 0.983805 0.226747 0.956525 -0.183426 0.442791 0.770746 0.458135 0.406774 -0.103207 0.90768 0.420062 -0.102338 0.901707 -0.875879 0.065849 0.478016 0.39848 -0.0454136 0.916052 0.463846 -0.112435 0.878752 0.664285 -0.73908 0.111742 -0.194225 -0.213318 0.957482 -0.204434 -0.18671 0.960909 0.113768 -0.113265 0.98703 -0.0367087 -0.178121 0.983324 0.11638 -0.204954 0.971828 0.057103 -0.200319 0.978065 -0.0127889 -0.222312 0.974892 -0.495208 0.0712895 0.865845 -0.798566 0.286946 0.529107 0.420647 0.187086 0.887724 0.820484 -0.559318 -0.118187 0.928685 0.052142 0.367186 0.886359 0.189046 0.422646 -0.483455 -0.0559642 0.873578 -0.524766 -0.0256299 0.850861 -0.71774 0.394719 0.573626 0.543982 0.343055 0.765766 -0.306713 -0.316495 0.89764 -0.269427 0.201891 0.941621 0.387854 -0.0726541 0.918853 -0.378772 0.102148 0.919836 -0.740055 -0.362793 0.566304 0.252752 -0.107466 0.961544 0.282403 0.141454 0.94881 0.262952 0.0384454 0.964043 0.169355 -0.51952 0.837507 0.238614 -0.225042 0.94468 0.930649 -0.307234 0.198745 0.180876 -0.0616277 0.981573 -0.0360075 -0.122257 0.991845 -0.198896 -0.135633 0.97059 0.00979672 -0.469019 0.883133 0.196769 -0.100008 0.975336 0.763314 0.246047 0.597338 -0.289113 -0.00603308 0.957276 0.234353 -0.112687 0.965599 0.334768 0.0298163 0.941829 0.259611 0.0702141 0.963157 0.216117 -0.953241 0.211247 0.896787 -0.410434 0.165281 0.0537827 -0.31145 0.948739 0.0446869 -0.226759 0.972925 0.183866 -0.0630876 0.980925 0.0203912 -0.106281 0.994127 -0.1544 -0.0498484 0.98675 -0.0039303 -0.136546 0.990626 0.01822 -0.0514949 0.998507 0.11224 -0.0459413 0.992619 -0.390054 -0.221425 0.893772 0.170014 -0.0431322 0.984497 0.210974 0.0441031 0.976496 -0.13466 0.160066 0.977878 0.152659 -0.851792 0.501144 0.718133 -0.69472 0.0406224 -0.0351077 -0.229621 0.972647 0.0270138 -0.138499 0.989994 0.495416 0.772118 0.397991 0.109006 0.114829 0.987386 -0.135404 -0.606797 0.783239 0.776887 0.14941 0.611656 -0.246397 0.0997204 0.964025 -0.0896117 0.00142126 0.995976 0.0021333 -0.0576682 0.998334 0.0956985 -0.0345677 0.99481 -0.0497814 0.119182 0.991624 -0.150021 0.840547 0.520552 0.171049 0.827687 0.534487 0.833577 0.46825 0.293073 0.578662 0.561747 0.591261 -0.605326 -0.740318 0.29242 -0.748832 0.0667574 0.659389 -0.874322 0.181783 0.450017 0.359656 -0.82191 0.441715 0.687096 0.001693 0.726565 -0.579104 0.563199 0.589445 0.0701314 0.0129097 0.997454 -0.795924 0.524567 0.302215 -0.741543 -0.257626 0.619469 0.119404 -0.941099 0.316346 0.636245 -0.214363 0.741108 0.735901 -0.167092 0.656148 0.908413 -0.0822251 0.409909 -0.155053 0.729229 0.666471 -0.593998 -0.432447 0.678348 -0.133297 -0.900236 0.414496 0.179579 0.727369 0.662334 -0.777291 0.549464 0.306444 -0.611105 -0.160635 0.775079 0.261015 -0.255491 0.930911 0.954489 -0.218343 0.203167 -0.908334 -0.104608 0.404953 0.0811726 -0.477822 0.874698 0.236327 -0.225173 0.945223 -0.102454 -0.333093 0.937311 -0.176164 -0.360273 0.916062 -0.820949 0.225121 0.524751 0.692364 -0.665424 0.279004 0.852383 -0.46177 0.245379 0.888699 0.209306 0.407928 -0.153087 -0.865707 0.476567 0.137162 -0.889533 0.435796 -0.203998 0.869963 0.448943 0.439302 0.808647 0.391285 0.618724 0.514663 0.593551 -0.663078 -0.629434 0.405143 -0.477438 0.674289 0.563371 0.224783 0.843703 0.487481 0.854149 0.271296 0.443653 0.75479 -0.300269 0.583207 0.0943907 -0.925477 0.366854 0.65401 0.406562 0.637948 -0.443961 -0.867197 0.225541 -0.764762 0.409038 0.497822 -0.764287 -0.511213 0.393098 0.566517 -0.764147 0.308444 0.54998 0.712511 0.435717 -0.329085 0.855668 0.39942 -0.8971 -0.13891 0.419423 0.156817 0.822191 0.547185 0.805525 0.0665136 0.588817 -0.399051 -0.744778 0.53485 -0.656135 -0.233626 0.71757 -0.924176 0.178178 0.337863 -0.617684 0.667634 0.415609 0.594837 0.489492 0.637626 -0.0801245 0.854344 0.513494 0.227081 0.492057 0.840425 0.211377 -0.605656 0.767138 -0.141515 -0.154593 0.977791 0.257847 -0.186299 0.948055 -0.472208 0.351623 0.808319 -0.0291033 0.660149 -0.75057 -0.00373175 0.0530673 -0.998584 0.0265976 0.370421 -0.928483 0.0133219 0.347061 -0.937748 -0.0650593 0.117532 -0.990936 -0.0637693 0.571545 -0.818089 -0.0583403 -0.0539843 -0.996836 -0.0419858 -0.0307478 -0.998645 0.0843651 0.751284 -0.654565 0.101871 0.985888 -0.132843 -0.057871 0.957468 -0.282675 0.00247378 0.993963 -0.10969 -0.0445704 -0.0902735 -0.994919 -0.0801048 -0.0497378 -0.995545 -0.0328736 -0.0619359 -0.997539 -0.00756555 -0.0413892 -0.999114 -0.0286679 0.0138796 -0.999493 -0.0285762 0.0593025 -0.997831 0.0502609 -0.1297 -0.990279 0.00322797 -0.0653434 -0.997858 -0.0216048 -0.0439946 -0.998798 -0.014523 -0.0397405 -0.999104 -0.0310845 0.0238678 -0.999232 -0.061322 0.0376393 -0.997408 -0.0572064 -0.0130631 -0.998277 -0.0599312 -0.0290043 -0.997781 -0.0566447 -0.026048 -0.998055 -0.00605524 -0.0303339 -0.999522 -0.031569 -0.0102543 -0.999449 -0.00447402 -0.131878 -0.991256 0.124148 0.663501 -0.737803 -0.0240447 0.768785 -0.639055 -0.0336296 0.144866 -0.98888 -0.0512097 0.951835 -0.302305 -0.0901185 -0.0944568 -0.991442 -0.0694472 0.564313 -0.822635 -0.0234476 0.844131 -0.535624 -0.0290601 0.9907 -0.132928 0.0235208 -0.23888 -0.970764 0.0331163 0.323508 -0.945646 -0.0667369 0.214442 -0.974454 -0.0288328 0.903278 -0.428086 0.0547008 0.963695 -0.261343 -0.0211646 0.034825 -0.999169 -0.00680382 0.0193228 -0.99979 -0.0260937 0.0601787 -0.997846 -0.127199 0.0442223 -0.990891 -0.325899 0.605766 -0.725836 -0.0411157 0.842076 -0.53779 -0.0189805 -0.0176546 -0.999664 -0.0298789 0.0515801 -0.998222 -0.0554841 0.0247995 -0.998152 -0.0150548 0.00442658 -0.999877 -0.0162202 -0.109436 -0.993861 -0.0157884 -0.0346775 -0.999274 0.0201941 0.999796 -0.000303723 0.0134262 0.999818 0.0135284 -0.02754 0.0181925 -0.999455 -0.0575507 0.0496267 -0.997108 -0.0308624 0.0262152 -0.99918 -0.0203981 -0.113551 -0.993323 -0.0908036 -0.0349347 -0.995256 -0.049548 -0.0196107 -0.998579 -0.0513987 -0.136455 -0.989312 0.0774158 0.996973 -0.00720122 -0.130788 -0.013182 -0.991323 -0.0734892 0.00916319 -0.997254 -0.112974 0.0322027 -0.993076 -0.687503 0.0558981 -0.724027 -0.0694955 0.0107109 -0.997525 -0.438373 -0.0231964 -0.898494 -0.0611642 0.02744 -0.99775 -0.0267372 0.0346933 -0.99904 -0.0724559 0.0425 -0.996466 -0.139362 -0.0689451 -0.987839 -0.0534252 0.0232489 -0.998301 -0.324228 -0.188398 -0.927029 0.0532914 0.990232 0.128841 -0.763856 -0.0731659 -0.641226 -0.210993 0.0899586 -0.973339 -0.374496 0.0610643 -0.925216 -0.108157 0.0454107 -0.993096 -0.113383 -0.0112101 -0.993488 -0.353773 0.05044 -0.93397 -0.163818 0.0149609 -0.986377 -0.115612 0.00673582 -0.993272 -0.044473 -0.0961981 -0.994368 -0.273376 -0.0972436 -0.956979 -0.0459465 -0.0627747 -0.99697 -0.797816 -0.0542782 -0.600453 -0.384131 0.283699 -0.878612 0.0307601 -0.00701622 -0.999502 -0.942523 0.0168006 -0.333719 -0.211269 0.255752 -0.943375 -0.120573 0.00464246 -0.992694 0.0067356 -0.0273205 -0.999604 -0.044599 -0.0964816 -0.994335 -0.121897 0.0264659 -0.99219 -0.133495 0.0808677 -0.987745 -0.00606161 0.998809 0.0484138 0.000775811 0.999166 0.0408178 -0.0370906 0.993949 0.103387 -0.95642 0.20078 -0.21201 -0.85416 0.167884 -0.492165 -0.991237 -0.030059 -0.128632 -0.919068 0.0900241 -0.38368 -0.959099 0.0218945 -0.282222 -0.862351 0.0778499 -0.500289 -0.89918 -0.0371946 -0.435996 -0.0451763 0.0469924 -0.997873 -0.920826 -0.0812532 -0.381415 0.0718288 0.997219 0.0198839 0.0225895 0.998831 0.0427301 -0.0770978 0.995571 -0.0538012 0.0306552 0.993003 0.114044 -0.978935 0.163181 -0.12271 -0.999524 -0.025854 0.016826 -0.271259 0.961413 -0.0458686 0.0271785 0.999202 0.0292759 -0.000747775 0.996737 0.0807122 -0.991195 0.0979824 -0.0890652 -0.99621 0.0791405 -0.0360801 -0.998973 0.010299 0.0441271 -0.996743 0.066403 -0.0457664 -0.998116 0.0273356 0.0549374 -0.999161 0.0179126 -0.0368341 -0.996483 -0.0837292 -0.00331654 -0.188754 0.98033 0.057656 0.00380029 0.999853 0.0166984 -0.0283533 0.995454 0.0909303 -0.97869 0.0749173 0.191189 -0.987421 0.140748 -0.0720457 -0.985063 -0.0579795 -0.162138 -0.98266 0.102873 0.154264 -0.986982 0.0912128 0.132462 0.0446343 0.987965 0.148097 -0.986117 0.0979392 -0.134095 -0.986923 -0.00378899 0.161149 -0.982127 0.185164 0.033781 -0.999189 0.0256586 -0.0310274 -0.878455 0.470916 0.0809606 -0.0407022 0.989574 0.138157 -0.997205 -0.0693636 0.0277809 -0.999033 0.0437255 0.00457037 -0.998329 -0.0162059 -0.0554646 -0.0345172 0.991811 0.122963 0.00286647 0.997119 0.0757983 -0.0714597 0.996384 0.0459619 0.0413767 0.997147 0.0631402 0.00659992 0.992427 0.122661 0.0630909 0.980093 0.188248 0.0020472 0.999998 0.000603086 -0.986522 0.0229585 0.162009 -0.996754 0.00770361 -0.0801437 -0.996882 0.0326381 0.0718461 -0.976707 0.0137111 -0.21414 -0.99187 -0.00729335 -0.127045 -0.931135 0.351695 -0.0964247 0.110268 0.988235 0.105985 0.0328334 0.998026 0.0535382 -0.00638099 0.995927 -0.0899415 -0.998082 -0.0554567 0.0275272 -0.93602 0.323443 0.138749 -0.346088 0.935402 0.072431 0.107267 0.992788 0.0535296 -0.984963 0.062251 0.161159 -0.912979 -0.123417 -0.388894 0.016881 0.992072 0.124531 0.118201 0.977808 0.172973 -0.997027 0.0524864 -0.0564126 -0.932552 0.24751 -0.262843 -0.941593 0.210756 -0.262649 -0.162485 0.909104 -0.383572 -0.0532326 0.980865 -0.187272 -0.799735 0.111695 -0.589871 -0.979239 -0.0376399 -0.199182 -0.958639 0.00979506 -0.284455 -0.93727 0.0134787 -0.348343 -0.869981 -0.152113 -0.469037 0.104675 0.987933 0.11416 -0.0565594 0.989478 0.133171 0.0295549 0.996316 0.0805052 0.00110371 0.995581 0.0938962 -0.0442528 0.996156 -0.0756014 -0.903079 0.162633 -0.397491 -0.988113 0.0214307 -0.152231 -0.943555 0.190726 -0.270792 -0.529001 0.846798 0.0555971 -0.138941 0.989927 0.0272045 0.0749666 0.974902 -0.209634 -0.0809176 0.943845 -0.320327 -0.9566 -0.0219489 -0.290577 -0.91208 -0.111592 -0.394534 -0.920003 0.0453035 -0.389284 -0.709385 -0.12581 -0.693502 -0.813892 0.105755 -0.57131 -0.930298 -0.0351034 -0.365121 0.0462086 0.994573 0.0932204 0.0743542 0.983313 0.166031 -0.104564 0.992563 0.0623311 -0.782681 -0.257644 -0.566595 -0.130269 0.867837 -0.479467 -0.039187 0.937228 0.346508 -0.0284372 0.996594 -0.0774124 -0.00541681 0.993537 0.113377 -0.994677 -0.0135799 -0.102147 -0.998604 0.0293166 0.0439343 0.0882138 0.939586 0.330751 0.0400158 0.751181 0.658882 -0.942056 0.139667 -0.304998 -0.990542 -0.00200497 0.137195 -0.994709 -0.027324 -0.0990312 -0.974701 0.117129 -0.190367 -0.996206 0.00496921 0.0868898 -0.854199 0.492401 0.166987 0.106117 0.992673 0.0577924 -0.090377 0.991385 0.0948003 -0.943062 -0.0373274 -0.330516 -0.974862 -0.0309117 -0.220655 -0.952344 0.00362357 -0.305003 -0.996682 0.0294626 0.0758811 -0.0615692 0.966967 0.247354 0.0667804 0.718205 0.69262 0.00507289 0.967629 0.252327 -0.0111559 0.901483 0.43267 0.00230215 0.923355 0.383941 0.0973654 0.794642 0.59922 0.0445558 0.477383 0.877565 -0.00595017 0.540851 0.841098 -0.001427 0.386637 0.922231 0.0064146 -0.00896081 0.999939 -0.0541283 -0.0474138 0.997408 -0.565494 -0.326366 0.757431 0.0315168 -0.0291186 0.999079 0.0358927 -0.005149 0.999342 0.0136172 -0.0319125 0.999398 -0.480439 -0.271561 0.833926 -0.0358996 -0.0524943 0.997976 -0.3592 -0.264576 0.894972 -0.560626 -0.393142 0.728792 -0.919332 0.018061 0.393069 -0.822555 0.0445961 0.566935 -0.574334 -0.0247753 0.818246 -0.912557 0.060906 0.404388 -0.785651 0.158125 0.598121 -0.0239103 0.663807 0.747522 0.0977661 0.00832391 0.995175 0.0846632 0.0856685 0.99272 0.462768 0.136805 0.875859 -0.105245 -0.0111621 0.994384 -0.00604207 -0.135708 0.99073 0.0662668 0.0218062 0.997564 0.0331653 -0.00733482 0.999423 0.0616228 0.486589 0.871455 0.0392867 0.259341 0.964986 -9.66016e-5 0.299736 0.954022 0.00804469 0.0612636 0.998089 -0.866502 0.0494666 0.496717 -0.832151 -0.0380087 0.553245 0.0646174 -0.0209763 0.99769 -0.778505 -0.318088 0.541065 -0.0410099 -0.0419588 0.998277 -0.449769 -0.2351 0.861647 -0.0181809 0.0159117 0.999708 0.0158354 -0.0200215 0.999674 -0.163889 -0.0299559 0.986024 -0.00530445 0.130376 0.99145 -0.146213 0.268788 0.952037 0.0736693 -0.0300322 0.99683 0.134382 -0.0412516 0.990071 0.278964 0.406971 0.869801 -0.135809 -0.00954646 0.990689 0.0540982 0.00644198 0.998515 0.0310893 0.0250083 0.999204 -0.0319057 0.16978 0.984966 0.0578596 -0.00946475 0.99828 0.0458413 -0.015221 0.998833 0.0466515 0.0641928 0.996846 0.0475996 0.631468 0.77394 0.00411448 0.819263 0.573403 0.0347525 -0.0310606 0.998913 0.0616913 0.234635 0.970124 0.0623485 -0.0502102 0.996791 0.0253473 0.00382168 0.999671 0.0808264 -0.105085 0.991173 -0.00730785 -0.0393591 0.999198 -0.304026 -0.063179 0.950567 0.0916528 0.00415993 0.995782 0.0498866 0.00289048 0.998751 0.0350328 0.00563853 0.99937 0.06834 -0.0311621 0.997175 0.0651503 -0.0156361 0.997753 0.0466179 -0.00379214 0.998906 0.0703385 -0.0042451 0.997514 0.0645134 -0.0217104 0.997681 0.0739333 0.000287754 0.997263 0.0508118 -0.00666742 0.998686 0.0573826 -0.0336639 0.997785 0.0544201 -0.0339588 0.997941 0.0361028 -0.0652497 0.997216 -0.719046 -0.288663 0.632177 -0.591261 -0.426502 0.684476 -0.583519 -0.286461 0.759898 -0.21646 0.149325 0.964804 -0.0984251 0.0919417 0.990888 0.584999 0.0849319 0.806575 0.548656 0.0294584 0.835529 -0.598232 -0.0228998 0.800996 -0.778568 -0.150919 0.609144 -0.464987 0.0326561 0.884715 -0.40529 0.507523 0.760369 0.0583632 0.123878 0.99058 0.0954275 0.0211886 0.995211 -0.023234 0.000190673 0.99973 0.0258515 -0.0359663 0.999019 0.0495416 -0.0324077 0.998246 0.478676 0.04486 0.876845 0.0970884 0.398044 0.912214 0.0741721 -0.0372932 0.996548 0.0588145 -0.0339693 0.997691 0.0563987 -0.0226564 0.998151 0.0465653 -0.022063 0.998672 0.0653763 0.027469 0.997483 -0.0120975 0.290222 0.956883 0.0266451 0.217701 0.975652 -0.539527 -0.114957 0.834084 -0.504807 -0.206888 0.838074 -0.501487 -0.0939108 0.860053 -0.36723 0.00697521 0.930104 -0.160246 0.292508 0.942741 -0.753223 0.0458793 0.656163 -0.337218 0.0268975 0.941042 -0.715644 -0.0696117 0.694987 0.0986033 0.464246 0.880201 0.0230716 -0.045287 0.998708 0.0231221 0.0283794 0.99933 0.0462167 -0.0400352 0.998129 0.0472613 -0.0459026 0.997827 0.0507119 -0.0172331 0.998565 0.0502806 -0.0188097 0.998558 0.039847 -0.00102169 0.999205 0.0202731 0.0874869 0.995959 0.0487432 -0.0636194 0.996783 0.0804647 -0.0294602 0.996322 0.0698193 -0.00636187 0.997539 0.0517709 0.0386263 0.997912 0.067252 -0.0304367 0.997272 0.0764871 -0.0229045 0.996807 0.0553791 -0.0561672 0.996884 0.0310205 -0.0221951 0.999272 0.0564327 0.0117874 0.998337 0.0348058 -0.0036596 0.999387 0.040716 0.00153586 0.99917 0.0632738 0.020296 0.99779 0.0848719 0.0264835 0.99604 -0.000590387 0.00702477 0.999975 -0.274804 -0.0200569 0.961291 -0.118133 0.155502 0.980746 -0.0703945 0.192189 0.97883 0.411884 0.184236 0.892417 -0.401589 0.0151131 0.915695 -0.228294 -0.0569265 0.971927 -0.123112 -0.0216491 0.992157 -0.437791 0.030771 0.89855 0.0269265 -0.00491711 0.999625 0.0341226 0.0301801 0.998962 0.0566003 -0.00841632 0.998361 0.0236011 -0.00585321 0.999704 0.0499116 -0.00061695 0.998753 0.0288313 0.00333199 0.999579 0.0383803 0.0164816 0.999127 -0.395491 0.0376114 0.917699 -0.111354 0.0395216 0.992995 0.0342649 -0.0283986 0.999009 0.05454 0.00587409 0.998494 0.012062 -0.010385 0.999873 0.102015 0.0169973 0.994638 0.0730019 -0.0114364 0.997266 0.0318427 0.0841624 0.995943 0.0568491 0.0251931 0.998065 0.102437 -0.018828 0.994561 0.0478136 -0.00172188 0.998855 0.0145932 0.00360137 0.999887 0.0346234 -0.0247496 0.999094 0.0683676 -0.0219082 0.99742 -0.0986923 0.00088788 0.995118 0.0243305 0.0185341 0.999532 0.00661711 -0.004567 0.999968 0.472472 0.321579 0.820584 -0.046859 0.069652 0.99647 0.169744 -0.0148614 0.985376 0.048182 0.0123465 -0.998762 -0.00526069 -0.0965879 -0.995311 0.0425119 0.105558 -0.993504 0.116035 0.807051 -0.578968 0.0517484 0.146568 -0.987846 -0.184261 0.838452 -0.512881 -0.0477994 0.284906 -0.957363 -0.0450889 0.0855464 -0.995313 0.137383 0.807971 -0.572982 0.238831 0.939442 -0.245783 0.110795 0.763618 -0.636091 0.0127038 0.479567 -0.877413 0.0414564 -0.0663283 -0.996936 0.216045 0.163635 -0.962574 0.0492135 -0.0538918 -0.997333 0.0439028 -0.0110712 -0.998974 -0.0383318 -0.0202226 -0.99906 -0.0136401 0.0846587 -0.996317 0.0157538 0.0588622 -0.998142 0.0122446 0.00801914 -0.999893 -0.0157763 -0.0560838 -0.998301 0.0396762 0.0529467 -0.997809 0.0244691 -0.0159306 -0.999574 -0.0700308 0.0350812 -0.996928 -0.100507 0.535914 -0.838269 -0.0526126 -0.0714686 -0.996054 -0.00303676 0.294104 -0.955769 0.0772463 0.913429 -0.3996 0.0708168 0.934154 -0.349773 0.0378578 0.658705 -0.751448 0.123473 -0.0520114 -0.990984 -0.0179503 -0.00134637 -0.999838 -0.0649755 -0.0478286 -0.99674 -0.00692453 0.0220044 -0.999734 -0.0121203 -0.0315509 -0.999429 0.075053 0.0580411 -0.995489 0.156728 0.002399 -0.987639 0.269622 0.0917838 -0.958582 0.0637529 0.0592774 -0.996204 0.0942973 0.0529553 -0.994135 0.0534922 -0.0300701 -0.998115 0.101182 -0.00423236 -0.994859 0.272817 -0.0356985 -0.961403 -0.020636 0.960997 -0.275788 0.0528908 0.913329 -0.403773 0.516483 0.611207 -0.599725 -0.0107816 0.0367434 -0.999267 0.0917305 -0.0841865 -0.992219 0.0378185 0.998695 0.0343306 0.15807 0.119 -0.980231 0.148618 0.0927854 -0.984532 0.254844 0.0238739 -0.966687 0.247396 0.0809565 -0.965526 0.565418 0.07366 -0.821509 0.0425351 0.998256 0.0409362 0.10783 0.089233 -0.990157 0.313738 0.0982864 -0.944409 0.0812461 0.992365 -0.0927995 0.383713 0.720166 -0.578036 0.0851187 0.0552858 -0.994836 0.142665 0.0896221 -0.985705 0.302833 0.0662305 -0.95074 0.230218 0.056623 -0.97149 0.244299 0.382987 -0.890864 0.137055 0.0514606 -0.989226 0.165351 0.957487 -0.236384 0.0374671 0.0600784 -0.99749 0.0598819 0.0330833 -0.997657 0.0823448 0.112347 -0.990251 0.0112603 0.0622223 -0.997999 0.115082 0.0405008 -0.99253 0.0486572 0.998783 0.00803104 -0.0240766 0.115675 -0.992995 0.0446191 0.00270226 -0.999 0.0282045 0.00336794 -0.999597 -0.04239 0.0363298 -0.99844 0.0334727 0.0909693 -0.995291 0.0874688 0.0495223 -0.994936 -0.00451352 0.423117 -0.906064 0.11511 0.0213183 -0.993124 0.161405 0.719629 -0.675339 -0.0193575 -0.0551849 -0.998289 0.0708535 0.674815 -0.734577 0.00817735 0.188316 -0.982074 0.0281157 -0.0738417 -0.996874 0.0213263 0.998517 0.050089 0.00407143 0.999388 0.0347313 0.0992704 0.99452 -0.0327825 -0.0112852 0.0801636 -0.996718 0.015395 0.861545 -0.507449 0.0138243 0.0395373 -0.999123 0.0886558 -0.00592331 -0.996045 -0.334689 0.635547 -0.695746 -0.0249743 -0.126328 -0.991674 -0.0429467 0.322242 -0.945683 0.0808976 -0.135474 -0.987473 0.0599478 -0.247621 -0.967001 -0.411486 0.736434 -0.536977 0.0576373 0.878052 -0.475081 -0.375055 -0.258711 -0.89017 0.0691133 -0.0600529 -0.9958 -0.0577382 -0.0797159 -0.995144 -0.0969625 0.639348 -0.762779 0.0258184 -0.056971 -0.998042 -0.0533793 0.556971 -0.828815 0.0204577 0.0622719 -0.99785 -0.0467082 0.0649511 -0.996795 0.0704648 0.0390401 -0.99675 0.0351432 0.0462473 -0.998312 0.0120949 0.060884 -0.998072 0.0345118 0.041095 -0.998559 0.051339 -0.00986318 -0.998633 0.0621192 0.989147 -0.133153 -0.0538125 0.12923 -0.990153 0.064587 0.0771818 -0.994923 -0.219935 0.0961133 -0.970768 0.11704 -0.205447 -0.971645 0.0300413 0.898006 -0.438957 -0.229554 -0.192975 -0.953974 0.0962974 0.993519 -0.0603941 -0.101243 0.994827 0.00826955 0.0922165 0.991734 -0.089223 0.0551901 0.995885 0.0718854 -0.00580978 0.999958 0.00711634 0.0866292 0.996023 0.0208126 0.0705745 0.996224 -0.050561 0.146661 0.953904 -0.261834 -0.262987 0.927526 -0.265581 -0.378806 0.921033 -0.0905839 -0.0386648 0.993789 0.104346 -0.0639572 0.997302 0.0360205 -0.00885415 0.996797 -0.079484 0.0668857 0.988672 0.134363 -0.155553 0.965264 -0.209926 0.113601 0.967986 -0.223826 0.0864262 0.996235 -0.00686054 -0.137704 0.969029 -0.204988 -0.0161202 0.989848 0.14121 0.231156 0.409092 0.882729 -0.601286 0.21499 0.769567 0.192973 0.00252851 0.981201 0.130574 0.981857 0.137501 0.079712 0.954777 -0.286437 0.0745418 0.984075 -0.16137 -0.0414191 0.914752 -0.401886 0.0159539 0.999873 0.00017408 0.0806995 0.956597 -0.280019 -0.800814 -0.219916 0.557076 0.615672 0.283804 0.735121 -0.367322 -0.301637 0.879823 0.603694 -0.0130933 0.797108 0.109112 0.992581 -0.0536396 -0.415886 0.909135 -0.0226364 0.0560687 0.998415 -0.00483125 0.2849 -0.261087 0.922315 0.0642625 0.966037 -0.250287 0.127506 0.720703 -0.681417 0.102028 0.952265 -0.287718 -0.0369703 0.940811 -0.336909 -0.543536 -0.216454 0.810998 -0.230063 0.682933 0.693306 0.432273 0.662625 0.611612 -0.862503 -0.2584 0.435106 -0.900379 -0.294139 0.320625 0.0476312 0.991591 0.120326 0.470919 0.872576 -0.129795 -0.0409338 0.904397 -0.424725 0.000804963 0.972577 -0.232581 0.0864531 0.728335 -0.679746 -0.0821867 0.992295 -0.0927192 0.492568 0.777383 0.391219 0.717651 -0.0380985 0.69536 0.186936 0.980507 0.0605065 0.0143606 0.75359 -0.657188 0.169026 0.801098 -0.574171 0.0908148 0.813937 -0.573812 0.53004 0.565907 0.631511 -0.620015 -0.13231 0.773354 0.774825 -0.393999 0.494379 0.196108 -0.373541 0.906647 -0.0519131 0.993864 -0.0976716 -0.0767876 0.986397 -0.145342 0.0806471 0.916541 -0.391725 -0.76176 0.634315 -0.131778 -0.392782 0.918269 -0.0500418 0.613194 0.717994 0.32936 0.892753 0.320098 0.317063 -0.616716 0.0877429 0.782281 -0.842557 -0.13033 0.522601 0.97032 -0.187034 0.15329 -0.48051 -0.024071 0.876659 0.206151 0.817498 0.537772 0.0464131 0.979276 -0.197143 0.0292754 0.986627 -0.160347 -0.141752 0.46899 0.871754 0.0953569 0.99468 -0.0389635 0.00306866 0.862288 -0.50641 -0.0773328 0.545916 -0.834264 0.0260392 0.941274 -0.336639 0.135868 0.990138 -0.0341668 0.655497 0.574954 0.489644 0.807862 -0.539034 0.238329 -0.399396 -0.247865 0.882635 -0.0949901 0.824317 -0.558103 0.0948457 0.995159 0.0257617 -0.0263408 0.947988 0.317215 -0.206553 0.977419 -0.044588 0.988479 -0.151172 -0.00756926 -0.424909 0.0354302 0.904543 0.753827 -0.487123 0.440972 -0.355634 -0.0279886 0.934206 0.354235 -0.557562 0.750761 -0.0227259 0.473919 -0.880275 -0.071118 0.365784 -0.927979 0.0282525 0.99216 -0.12174 0.0447849 0.75978 -0.648636 0.0921772 0.76477 -0.637676 0.0454721 0.747836 -0.662325 0.0929955 0.669054 -0.737372 0.13285 0.943708 -0.302931 0.0330449 0.861818 0.50614 0.0156616 0.915696 0.401567 -0.41851 0.310222 0.853588 -0.118694 -0.00120906 0.99293 0.975091 -0.0784543 -0.207467 -0.28221 -0.057593 0.957622 -0.149523 -0.016688 0.988617 -0.322916 -0.190597 0.927037 0.167554 0.985793 0.0117429 0.0642214 0.748523 0.659991 0.987765 0.150688 -0.0401601 0.890515 -0.398461 -0.219573 -0.291729 0.102572 0.950985 -0.0426378 0.125846 0.991133 0.0775023 0.188506 0.979009 -0.121475 -0.0302745 0.992133 -0.0459622 -0.0495177 0.997715 0.752724 -0.534852 0.383849 0.160196 0.987072 -0.00518357 -0.0480646 0.539114 0.84086 -0.0461609 0.898336 0.436878 0.0192226 0.947703 0.318574 0.0967236 0.659967 -0.745042 -0.303173 0.568366 -0.764883 -0.0949673 0.0528445 0.994077 -0.0282906 0.0929521 0.995269 -0.0278913 -0.0611601 0.997738 -0.0704628 0.0166483 0.997375 -0.0883476 -0.0255242 0.995763 0.0249413 0.372385 0.927743 0.513651 0.120322 0.849521 0.32301 0.873246 0.364837 0.481529 0.0302538 0.875908 -0.0996074 -0.0303841 0.994563 -0.0778041 0.626182 0.775785 0.991303 0.108688 -0.0741966 0.767459 0.458198 0.448398 0.343131 0.838774 0.422752 -0.158876 0.434825 0.886389 -0.204647 0.542875 0.814498 -0.23575 0.304585 0.922849 -0.32695 0.189212 0.925906 -0.634263 -0.0643298 0.770436 -0.0931991 -0.0177305 0.99549 -0.514355 -0.0720334 0.854547 -0.12876 -0.165314 0.9778 -0.316799 0.122403 0.940562 -0.596365 0.277754 0.753128 -0.0579107 0.05222 0.996955 -0.598194 0.355628 0.718117 -0.359923 -0.0623391 0.930897 -0.242155 0.21459 0.946209 -0.886054 0.0775115 0.457056 0.675031 0.616264 0.405649 0.0762004 0.589715 0.804009 -0.270479 0.678504 0.682988 0.0148541 0.289369 0.957102 -0.0781252 -0.0259526 0.996606 0.0573971 0.230961 0.971269 0.824002 -0.480601 0.300073 0.238328 -0.427442 0.872063 -0.0243388 -0.0571165 0.998071 -0.0747704 -0.0395723 0.996415 -0.225287 0.169727 0.959395 -0.0612424 0.0221752 0.997877 -0.312746 -0.0122296 0.949758 -0.20201 0.0702497 0.976861 0.00430975 0.968353 0.249549 -0.0288025 0.949682 0.311889 -0.0139849 0.904968 -0.425251 -0.0199389 0.863846 0.503361 -0.543461 -0.382612 0.747166 -0.729962 -0.341286 0.592182 -0.108306 -0.0524653 0.992732 0.784467 0.619479 0.0292758 0.485925 0.108562 0.867232 -0.00102832 -0.0205385 0.999789 0.45814 -0.0357999 0.888159 0.0505917 -0.0343623 0.998128 -0.331306 -0.175708 0.927018 -0.276329 -0.290451 0.916123 0.222292 0.387899 0.894495 -0.0301889 0.248507 0.968159 0.315048 0.107206 0.943001 0.877164 0.41117 0.248037 0.158356 0.0476249 0.986233 0.28239 0.0684091 0.956857 0.221614 0.0946267 0.970532 -0.189088 0.335432 0.922893 0.259283 0.215285 0.941501 0.235968 0.232291 0.943589 -0.468433 0.528726 0.707827 -0.754301 0.212808 0.621082 0.525257 -0.28451 0.801972 0.0471907 -0.0338964 0.998311 0.407884 -0.19899 0.891086 0.235671 -0.113574 0.965174 -0.43669 -0.143717 0.888058 -0.0151618 -0.0133916 0.999795 0.11199 -0.163298 0.9802 0.471628 0.301482 0.828659 -0.178188 0.178943 0.967589 0.11145 0.0346919 0.993164 0.922497 -0.184112 -0.339267 0.0531643 0.0331556 0.998035 -0.30582 -0.0476441 0.950897 0.0523692 -0.0175031 0.998474 0.106407 0.00343579 0.994317 0.0611908 -0.0128597 0.998043 0.0348804 0.0143389 0.999289 -0.735463 0.0497376 0.675737 -0.202337 0.0619581 0.977354 -0.228105 0.56162 0.795331 0.367482 0.1009 0.924541 0.196456 -0.130104 0.971843 -0.014334 -0.0514546 0.998572 -0.859812 -0.06561 0.506378 -0.265606 0.0996178 0.958921 0.201876 -0.221404 0.954058 -0.175647 -0.00707933 0.984428 0.062525 0.130809 0.989434 0.0498109 -0.0275589 0.998378 0.0396256 0.0080844 0.999182 0.0342643 -0.0369969 0.998728 -0.0224527 -0.267896 0.963186 0.0328958 0.0282461 0.99906 -0.282085 0.135079 0.949833 -0.015977 -0.00408974 0.999864 -0.00687541 0.0237568 0.999694 -0.0438977 -0.0455158 0.997999 -0.666672 0.425754 0.611787 -0.408424 0.213702 0.887424 0.282493 0.207199 0.936625 -0.830313 0.493446 0.259018 0.162716 0.0106959 0.986615 0.256662 0.306816 0.916509 0.611076 0.291902 0.735785 -0.0340986 -0.0245267 0.999117 0.0863158 0.0350393 0.995651 0.343841 0.9386 -0.0283572 0.00457792 -0.0513468 0.99867 -0.145469 -0.00958054 0.989316 -0.37811 0.269984 0.885518 -0.653439 0.138766 0.744151 0.0381122 2.0997e-5 0.999273 -0.440475 -0.246317 0.863313 0.0150402 0.346676 0.937864 0.0409564 0.236018 0.970885 -0.105273 0.0599654 0.992634 0.0123992 0.0201676 0.99972 -0.290997 0.0774679 0.953582 0.103985 0.00124952 0.994578 -0.0298776 -0.0715154 0.996992 -0.0689659 0.154404 0.985598 0.0380117 0.142767 0.989026 -0.0474819 -0.0531938 0.997455 -0.0184039 -0.0509943 0.998529 -0.035994 -0.074524 0.996569 -0.073561 0.00863275 0.997253 -0.246964 -0.191736 0.949866 -0.0579436 -0.050153 0.997059 -0.10547 0.0991933 0.989463 0.0256521 -0.0573558 0.998024 -0.926845 0.280682 0.24935 0.905691 0.403352 -0.1305 0.358635 0.789102 0.498698 0.8306 0.552084 0.0728465 -0.0530638 0.975014 -0.215714 0.941158 0.071789 0.330253 0.919158 -0.298522 0.256971 0.631746 -0.170256 0.756247 -0.771699 -0.388037 0.503893 0.432265 -0.517948 0.738158 -0.791887 -0.452108 0.410505 -0.147355 -0.803397 0.576922 0.262825 0.932245 0.248682 0.382574 0.111343 0.917191 0.346475 0.763678 0.544748 -0.745071 0.388899 0.541873 -0.633803 -0.311317 0.708079 -0.77557 -0.380053 0.504035 -0.692099 0.0369879 0.720854 -0.412295 0.103737 0.905125 0.516618 0.14633 0.843619 0.151481 -0.00468849 0.988449 0.0683527 0.573889 0.816076 -0.364131 0.225798 0.903562 -0.379799 0.145953 0.913483 -0.154878 0.132479 0.979011 -0.290467 0.20621 0.934401 0.689192 -0.653824 0.312296 -0.0165043 -0.0110924 0.999802 0.0216454 0.298949 0.954024 0.0274279 0.218924 0.975356 -0.0334077 0.143448 0.989094 -0.243746 0.0499386 0.968553 0.0280599 0.0457166 0.99856 -0.0892955 -0.00448357 0.995995 -0.048762 0.0199843 0.99861 0.656693 0.692187 0.299385 0.640263 -0.0187827 0.767926 0.656654 0.373797 0.655043 -0.0516719 0.193104 0.979817 -0.0230358 0.347827 0.937276 -0.0212444 0.718663 0.695034 -0.0820591 0.561115 0.82366 -0.0184695 -0.0381033 0.999103 0.0741222 -0.0875715 0.993397 -0.199116 0.430311 0.880446 0.0574286 0.147386 0.98741 -0.85907 -0.084187 0.504887 -0.807075 0.377071 0.454366 -0.979528 0.0442411 0.196386 -0.995447 -0.00128913 0.0953134 -0.797922 0.0561079 0.600144 0.0274607 -0.0366462 0.998951 -0.0683685 0.995896 -0.0593043 0.80292 0.366291 0.470266 0.543532 0.835812 -0.0774047 0.912209 0.399665 0.0902374 0.956146 -0.229663 0.181766 -0.865908 -0.420484 0.270917 0.560768 0.263512 0.784921 -0.450636 0.666281 0.594136 -0.0763875 0.682491 0.726892 0.646539 0.136474 0.750575 0.237664 0.169907 0.956372 0.657982 0.439763 0.611284 -0.656764 0.207705 0.724927 0.50767 -0.0593165 0.859507 -0.553783 0.0412099 0.83164 0.131425 -0.0543748 0.989834 0.361827 -0.101868 0.926663 0.154036 0.121268 0.980595 0.107078 0.0407865 0.993414 -0.00114894 -0.0545258 0.998512 0.0799484 -0.0624543 0.994841 0.511169 0.616816 0.598536 0.5474 -0.533859 0.644475 0.975061 -0.206913 -0.0802647 0.551184 -0.797659 0.244819 0.868676 0.459068 0.186169 -0.0734031 0.0863459 0.993557 0.0565307 0.0777148 0.995372 -0.0532482 -0.00322596 0.998576 0.00732323 0.140842 0.990005 0.0488407 0.0516616 0.99747 0.116655 0.106726 0.987422 0.0271171 -0.0736378 0.996916 -0.778588 0.519464 0.352078 -0.757461 -0.345275 0.55411 -0.875923 -0.39431 0.277992 -0.848703 0.518438 0.104525 -0.0508445 -0.034706 0.998103 -0.0470287 -0.0302783 0.998435 -0.0522302 -0.0380807 0.997909 -0.806602 0.520974 0.279248 -0.0434613 0.054508 0.997567 -0.0278165 0.324786 0.945378 0.0424423 0.961859 0.270233 -0.0647303 0.0200785 0.997701 -0.0324364 -0.0453335 0.998445 -0.0622284 -0.0323877 0.997536 -0.0524104 -0.0320496 0.998111 -0.0486078 -0.0354782 0.998188 -0.0521701 -0.0655338 0.996486 -0.0458534 -0.0787191 0.995842 -0.0395305 -0.0347046 0.998616 -0.02742 -0.0700709 0.997165 -0.0521041 -0.062543 0.996681 -0.0536457 -0.0540315 0.997097 -0.932012 0.336302 -0.135106 0.94458 0.29003 0.15379 -0.848646 -0.38037 0.367586 0.0795541 -0.996093 0.0383483 0.0373148 0.554448 0.831381 0.677786 0.228083 0.698988 0.396804 0.472101 0.787189 0.754264 0.578141 0.31119 0.836884 0.223931 0.499479 -0.738059 0.605658 0.297401 0.682601 -0.237521 0.691115 0.0660345 0.190885 0.979389 0.120908 0.230113 0.965624 0.035464 -0.0122776 0.999296 0.277301 -0.343023 0.897463 -0.565559 0.272785 0.778287 0.00121847 0.0273397 0.999626 -0.0822239 0.0279384 0.996222 -0.756048 0.0760395 0.650084 0.326357 -0.149756 0.933308 0.0595949 -0.0012124 0.998222 0.37279 -0.180395 0.910212 -0.0995431 -0.0811211 0.991721 0.240251 0.556579 0.795298 0.84441 -0.511616 -0.15881 0.591526 0.74472 0.309015 0.293367 -0.278286 0.9146 -0.698882 -0.138358 0.701728 -0.094262 -0.00690452 0.995524 0.983403 -0.140849 0.114367 0.545529 -0.768946 0.333348 -0.27864 -0.214457 0.936145 -0.606214 0.398485 0.688269 -0.70648 0.274311 0.65241 -0.652768 0.264634 0.709833 -0.607245 0.270455 0.747066 -0.359183 0.279647 0.890385 0.209719 0.073028 0.975031 -0.494195 0.711184 0.499989 0.670627 0.349078 0.654526 0.839093 0.0616992 0.540477 0.878837 0.0722076 0.471626 -0.0393199 0.0425054 0.998322 -0.0500441 0.0756788 0.995876 -0.0797445 0.338073 0.937735 -0.837701 -0.490954 0.23921 -0.632285 0.292012 0.717596 -0.831308 0.427171 0.355601 -0.92279 0.375004 -0.088492 -0.980929 -0.124553 0.149212 -0.720072 0.562853 0.405823 0.995266 -0.0486421 0.0841343 0.956448 -0.262695 -0.127274 0.721806 -0.683257 -0.110253 0.00808013 0.935156 0.354143 -0.668075 0.547063 0.504378 -0.599473 0.336019 0.726446 0.602814 -0.204227 0.771302 0.330523 -0.00662093 0.943775 -0.0603775 0.150975 0.986692 0.674426 -0.402987 0.618668 -0.876907 0.26456 0.4013 -0.834921 0.403703 0.374073 -0.873614 -0.405902 0.268408 0.48846 0.269777 0.829836 0.711622 -0.363426 0.601261 -0.266429 0.577683 0.771556 0.689735 -0.402162 0.602105 -0.862043 -0.344651 0.371616 -0.258891 -0.868503 0.422704 -0.743432 0.552361 0.377102 0.971238 -0.238111 -0.000341047 0.894928 -0.432964 0.107919 0.916057 0.401038 0.00303111 0.678106 -0.0203252 0.734683 -0.0629042 -0.0178503 0.99786 -0.561138 0.776679 0.286171 -0.9239 0.380696 -0.0384471 -0.917437 0.325481 -0.228849 -0.0328237 -0.0662227 0.997265 -0.987707 -0.156318 0.000111776 0.969607 -0.217536 -0.111983 -0.524605 -0.674212 0.519834 0.169611 0.51787 0.838476 0.873387 0.48033 -0.0804843 -0.236216 0.904074 0.356163 0.867022 0.409575 0.283763 -0.215789 0.115915 0.969535 0.216906 -0.49714 0.840121 0.249332 0.104768 0.962734 0.957706 -0.284576 -0.0426053 0.994428 0.029729 -0.101136 0.476647 0.408003 0.778679 0.335597 0.805226 0.488861 0.292738 0.894526 0.337828 -0.984101 -0.091963 0.15195 -0.954856 -0.264124 0.135976 -0.471834 -0.0370106 0.88091 -0.738908 -0.068466 0.670319 -0.969213 0.22235 -0.105771 -0.793992 0.607112 -0.031496 -0.904258 0.426292 -0.0243491 -0.0496979 0.958288 0.281451 0.913646 0.405834 0.023443 0.773666 0.63333 0.0182947 0.85546 0.0512279 0.515329 0.598687 -0.485776 0.636864 -0.911316 0.386447 0.141991 -0.0312932 0.106806 0.993787 -0.86918 0.413393 0.271351 0.123476 0.889329 0.440281 0.23021 -0.801117 0.552463 0.604025 -0.665455 0.438546 0.945588 -0.312239 0.0914841 0.369069 -0.863334 0.344154 0.579678 0.812107 0.0667508 0.910639 0.393924 -0.124741 0.20606 0.837507 0.506085 0.434095 0.526199 0.731215 0.498007 0.409582 0.764351 -0.522871 0.801587 0.289938 -0.900464 -0.011045 0.434791 -0.765543 0.0516247 0.641311 0.84501 -0.509688 -0.161788 -0.774296 -0.377249 0.508084 0.552119 0.830128 -0.0777918 -0.532098 0.751113 0.39077 -0.270009 0.495922 0.825322 0.570122 -0.0126725 0.821462 0.436972 0.0653769 0.897096 0.0920482 0.0712632 0.993201 -0.189155 0.418675 0.888218 0.812417 -0.458432 0.360303 -0.290883 -0.52423 0.800356 -0.965437 0.237726 0.106848 0.882912 0.46631 -0.0549622 -0.988255 0.0681875 0.136754 -0.743328 -0.248541 0.62104 0.777399 0.144157 0.612266 0.895001 0.420717 0.148224 0.81259 0.216254 0.541232 0.710065 -0.388756 0.587091 -0.894667 0.361679 0.262221 0.636456 -0.39992 0.659536 -0.877654 0.404924 0.256439 -0.725105 0.55897 0.402214 -0.318619 0.740296 0.591984 -0.68234 -0.412336 0.603648 0.22777 0.312164 0.92232 0.157605 -0.647445 0.745638 -0.236118 -0.708963 0.664544 -0.355027 -0.283287 0.890901 -0.492191 -0.571324 0.656763 -0.883148 -0.1374 0.448521 -0.96633 0.234945 -0.104913 -0.895973 0.437662 -0.0753959 -0.905674 0.362169 0.220426 -0.703929 0.393299 0.591439 -0.4211 0.791491 0.442964 0.901519 0.271646 0.336856 0.954313 -0.280819 0.102119 -0.200257 0.413084 0.888402 0.0221069 0.96694 0.254045 0.910574 0.138172 0.389569 0.712704 0.594161 0.372862 0.65057 -0.199887 0.732669 0.0562077 0.501112 0.863555 0.432656 0.899719 0.0575708 -0.297323 0.0151223 0.954657 0.0366346 0.245545 0.968693 -0.761245 0.325928 0.560604 0.248605 -0.94706 0.203156 -0.930753 -0.339968 -0.134609 -0.845678 0.377203 0.377554 -0.758512 -0.381391 0.528394 0.640576 -0.345421 0.685818 0.235098 0.39052 0.890069 -0.116086 0.307131 0.944561 0.614734 -0.511317 0.600547 -0.0925718 -0.094636 0.991198 -0.454129 0.113458 0.883682 -0.167269 0.0593014 0.984126 0.0308091 -0.0842856 0.995965 0.122433 0.541914 0.831468 -0.292031 -0.516646 0.804857 -0.814319 0.0448279 0.578684 -0.397785 -0.830434 0.39006 -0.89811 0.436639 -0.0523894 -0.368962 -0.206793 0.906148 0.720081 -0.656748 0.223979 0.465424 -0.0102087 0.885029 -0.101987 0.979229 0.175243 0.378996 0.875179 0.300707 0.289441 0.695689 0.65745 0.0588814 -0.79483 0.603969 0.618233 -0.643871 0.450796 0.986936 -0.041395 0.155706 0.496997 -0.647007 0.578253 -0.47058 -0.146254 0.870152 -0.965654 0.202961 0.162229 -0.450559 -0.276463 0.848861 0.450894 -0.321184 0.832788 -0.974228 -0.215763 0.0657669 -0.920406 -0.386735 -0.0573475 -0.423689 0.61629 0.663832 -0.454985 0.63691 0.622362 0.237408 0.591662 0.770437 -0.600964 0.115442 0.790895 0.122887 -0.808797 0.575106 -0.161168 0.452039 0.877317 -0.25202 -0.268711 0.929667 -0.18758 -0.0551268 0.980701 -0.0810353 -0.277934 0.957176 0.152212 0.235022 0.959998 0.550079 -0.141135 0.8231 0.872215 0.243003 -0.424488 0.703342 0.193812 0.683921 0.0928484 0.119123 0.988529 0.124656 -0.943479 0.307096 0.886519 -0.187304 0.423084 0.779578 0.376164 0.500758 0.81165 0.153177 0.563703 0.287975 0.948098 0.134836 0.509836 0.435806 0.741714 0.235044 0.109216 0.965829 -0.796063 0.41264 0.442733 -0.0233518 0.118853 0.992637 -0.838554 0.315453 0.444204 0.389475 0.748239 0.537073 -0.900054 -0.194205 0.390112 -0.202471 -0.415554 0.886747 -0.0575471 0.654234 0.7541 -0.504252 0.237341 0.830301 -0.993227 -0.115915 0.00793671 -0.567286 0.467219 0.678155 -0.00511193 0.112179 0.993675 -0.104703 0.720097 0.685928 0.872087 -0.0764268 0.483345 -0.0143341 0.148476 0.988812 0.0503942 -0.243809 0.968513 0.240246 0.932566 0.269448 0.131529 0.513139 0.848168 0.77148 -0.524621 0.359988 -0.014176 -0.861161 0.508135 0.988218 0.12501 -0.0883078 0.644513 0.760557 -0.0784552 0.691754 0.718705 0.0702744 0.441425 0.895696 -0.0535937 0.822852 0.314345 0.473394 -0.145182 0.812503 0.56459 -0.943099 -0.230496 0.239658 0.312289 -0.150694 0.937959 0.238728 0.587266 0.773387 -0.658587 -0.611052 0.43918 -0.471546 -0.192953 0.860473 -0.945836 -0.219237 0.239436 -0.845695 0.530648 -0.0566698 -0.822502 0.554217 0.127809 -0.0646886 0.971728 0.22707 0.745524 0.665139 -0.0422323 -0.0211521 -0.862396 0.505793 0.871244 -0.455295 0.183413 -0.899382 0.225102 0.374754 0.801822 0.557117 0.216105 -0.0701698 -0.233701 0.969773 0.79397 0.240185 0.558501 0.124221 -0.154046 0.980224 0.311158 -0.181141 0.932935 0.285191 -0.25126 0.924951 -0.455826 0.139438 0.879079 0.0157491 0.90165 0.432179 -0.650853 0.305502 0.695025 -0.181277 -0.5786 0.795211 -0.396458 0.503573 0.767617 -0.666125 0.529199 0.525572 -0.264296 -0.863412 0.429729 -0.0102876 0.113147 0.993525 -0.259365 -0.784273 0.563601 -0.822 -0.431293 0.371891 -0.867225 0.494032 0.062079 0.780549 0.229896 0.581284 0.881061 -0.279378 0.381681 0.836978 -0.540293 0.0868943 0.754591 0.525544 -0.392933 0.43981 -0.0670327 0.895586 0.242964 -0.0644803 0.96789 -0.799235 0.145678 0.583097 0.853854 0.473963 0.215158 -0.569618 0.175296 0.802998 0.207197 -0.336512 0.918602 -0.931508 -0.323645 -0.165971 -0.443688 0.314165 0.83931 0.146498 0.710717 0.688056 -0.787748 -0.516106 0.336285 -0.970049 0.242788 -0.00769767 -0.873723 0.483258 0.0554127 0.955637 -0.226144 0.188724 0.756804 -0.638118 0.141612 0.20664 0.790891 0.576013 0.387041 -0.796193 0.465055 0.988299 -0.074642 0.133017 0.903384 -0.367963 0.220228 0.471307 -0.830401 0.297158 0.266927 -0.932768 0.24227 -0.150914 -0.0302158 0.988085 -0.243835 -0.0447483 0.968784 -0.196809 0.895851 0.398392 -0.863922 0.148294 0.481298 0.0492834 -0.160172 0.985858 -0.371005 0.11679 0.921257 -0.745105 -0.605831 0.278902 0.0152459 -0.940695 0.33891 -0.646079 -0.507815 0.569829 -0.958084 -0.0896143 0.272112 -0.89336 0.404322 0.196043 -0.773247 0.600173 0.204648 0.885859 0.460775 0.0542214 0.481625 0.308066 0.820447 0.664203 0.693778 0.278399 0.796804 0.256301 0.547187 0.612952 0.660717 0.433293 -0.73369 0.449368 0.509673 -0.979229 -0.0196506 0.201801 -0.374687 0.372184 0.849169 -0.87722 -0.299112 0.375523 -0.955178 -0.115514 0.272565 -0.709942 0.700303 -0.0745604 -0.816277 0.515615 0.260448 0.590356 0.185168 0.785616 0.904298 0.275581 0.326037 0.777097 0.594239 0.207365 0.309489 -0.869657 0.384594 -0.648657 0.161438 0.743762 -0.876197 -0.454714 0.159731 0.249243 0.947626 -0.199707 0.779707 0.604085 0.164735 -0.0135185 -0.108956 0.993955 0.903648 -0.302557 0.303116 -0.516361 0.638386 0.570819 0.265023 0.475296 0.838961 -0.374531 0.487434 0.788755 -0.617539 -0.734168 0.282209 0.637053 -0.0330775 0.77011 0.891085 -0.323074 0.318734 0.47355 0.863125 0.175401 0.926487 0.253876 0.277792 0.727681 0.644048 0.235972 -0.57973 0.284485 0.763532 -0.653343 -0.110863 0.748901 0.566424 0.44096 0.696217 0.0648206 -0.942962 0.32653 -0.837219 0.529439 0.136963 -0.875746 0.453997 0.164183 -0.800072 0.47163 0.370741 -0.706301 0.615739 0.349293 0.676881 -0.281969 0.679946 0.685944 -0.582282 0.436381 0.154243 0.629334 0.761674 0.385273 -0.896922 0.217017 0.663916 0.703732 0.252935 -0.651092 0.073734 0.755409 -0.915489 -0.398227 0.0573993 0.77588 0.516132 0.362793 0.849423 0.245791 0.466976 -0.373242 0.0475312 0.926516 -0.834818 -0.102114 0.540973 -0.701223 -0.324898 0.634608 -0.535033 0.144124 0.832447 -0.0849673 0.531478 0.8428 -0.905127 -0.107951 0.411207 -0.809184 0.415276 0.415653 -0.759084 0.440096 0.479696 0.961616 -0.0158084 0.273945 -0.340075 0.549797 0.762937 0.800143 0.448857 0.397868 -0.141152 -0.955024 0.260778 0.624666 -0.531395 0.572199 0.93403 -0.0481966 0.353929 0.928541 -0.101651 0.357042 0.368348 0.928981 -0.0362636 -0.806584 0.0975733 0.583011 -0.594554 0.239262 0.767632 0.941749 0.109285 0.318065 0.737915 0.58377 0.338665 0.856901 0.34151 0.386125 -0.238311 0.68831 0.685155 -0.431683 0.139387 0.891191 0.896785 -0.336225 0.287628 0.81615 0.349646 0.460052 -0.771991 0.413382 0.482851 0.440217 0.0340666 0.897245 -0.608906 -0.161682 0.77659 -0.812907 -0.00414047 0.582379 0.475761 -0.116839 0.87178 0.470876 -0.524632 0.709251 -0.233943 0.848828 0.47409 0.768579 -0.491105 0.410002 -0.702172 -0.546961 0.455838 -0.685105 -0.651255 0.32634 -0.815765 0.405089 0.412832 -0.764079 0.388646 0.514916 -0.690036 0.707797 0.151242 0.706578 0.673614 0.216774 0.372514 -0.0776622 0.924771 0.404198 -0.334398 0.851353 -0.267777 0.383593 0.883828 0.0125769 0.400343 0.916279 -0.426088 -0.0108985 0.904616 0.877145 0.293302 0.380251 0.75808 0.396237 0.517988 0.343549 0.574221 0.743132 0.446852 0.50533 0.738217 0.73554 0.077451 0.67304 0.807025 0.452104 0.379885 0.909793 0.414789 -0.0150317 0.537555 0.815148 -0.215799 0.753442 0.489779 0.438681 -0.45863 -0.665924 0.58839 -0.334752 0.071733 0.939572 -0.3736 0.108008 0.92128 0.749793 0.113041 0.651945 0.691827 0.227833 0.685177 -0.854006 0.272779 0.443018 0.481874 0.658474 0.578108 0.154184 -0.762503 0.628345 0.336624 -0.551143 0.763495 -0.78614 0.273376 0.5543 0.0583049 0.130443 0.98974 0.0835744 0.0970124 0.991768 0.140491 0.0508265 0.988777 0.105749 -0.0684937 0.992031 0.0227618 -0.516319 0.856094 0.659056 -0.56505 0.49635 -0.34239 -0.413037 0.843901 -0.238182 -0.164501 0.957188 -0.827364 -0.260037 0.497845 -0.826843 0.233239 0.511791 -0.0740399 0.296553 0.952142 -0.188039 -0.865053 0.465107 -0.734653 0.0552266 0.676192 -0.639497 -0.558149 0.528691 -0.738703 0.485137 0.467933 0.76922 0.450141 0.453513 -0.176979 0.0233227 0.983938 -0.209778 0.00816355 0.977715 -0.221867 0.0608802 0.973175 0.0212259 -0.0613923 0.997888 -0.199335 -0.0234905 0.97965 0.227949 -0.11772 0.96653 -0.561528 -0.328382 0.759507 0.735348 -0.0993569 0.670367 0.318541 0.370604 0.872459 -0.688849 0.39467 0.608048 0.023216 -0.919793 0.391717 -0.0535096 -0.392414 0.918231 0.697502 -0.345829 0.62761 0.572994 -0.385008 0.723497 -0.0152205 0.0788251 0.996772 -0.750651 0.0324388 0.659903 0.067807 -0.307715 0.949059 0.919693 0.3852 0.0760614 0.673991 0.491726 0.551309 0.192645 0.427471 0.883265 0.0262612 0.334891 0.941891 -0.839352 0.3551 0.411574 -0.391448 0.11869 0.912514 0.0343992 0.267398 0.962972 0.828915 -0.0918423 0.551783 -0.653315 0.376768 0.656678 0.509505 -0.734174 0.448768 0.413058 -0.451679 0.790803 -0.000957868 -0.11023 0.993906 0.0208823 0.0572304 0.998143 0.0630891 -0.0744381 0.995228 0.104638 -0.280462 0.954145 -0.433169 -0.40934 0.802998 -0.703374 -0.260504 0.661364 0.0843828 -0.434823 0.896554 -0.652202 -0.0679447 0.754994 -0.000499242 0.464503 0.885571 -0.629561 0.366074 0.685305 -0.599698 0.450467 0.661394 -0.172437 -0.461975 0.869968 0.3119 -0.424475 0.850023 0.515848 -0.259384 0.816469 0.19425 -0.5058 0.840496 0.717269 0.423873 0.553044 -0.478659 -0.0339492 0.877344 -0.336608 0.135762 0.931807 -0.770881 0.00547571 0.636956 -0.173488 -0.512028 0.841267 -0.353738 -0.308326 0.883065 -0.651521 0.0976823 0.752315 -0.0177869 -0.850654 0.525425 -0.584601 -0.391499 0.710613 -0.303668 -0.582261 0.754161 -0.798929 0.156623 0.580674 -0.70694 0.186412 0.682266 -0.0790229 -0.296224 0.951844 0.355433 0.180899 0.917029 0.665407 -0.217266 0.714163 -0.328851 0.517148 0.790199 0.0770775 0.130687 0.988423 -0.106037 0.163743 0.980788 0.390254 0.734179 0.555593 0.161677 -0.275354 0.94765 0.361689 -0.120253 0.924511 0.0378714 -0.928858 0.368496 -0.624094 0.310704 0.716917 -0.47097 0.76618 0.437213 -0.499154 0.0127348 0.86642 0.402909 0.0628114 0.913082 0.512728 0.738449 0.437953 0.294941 0.264879 0.918068 -0.118663 -0.181753 0.976158 0.237034 0.178127 0.955032 0.353505 0.730124 0.584768 -0.399254 -0.424169 0.812821 -0.09695 0.279776 0.955158 -0.388372 -0.286957 0.875684 -0.225974 -0.741036 0.632299 0.000685761 -0.462856 0.886433 0.461059 -0.103459 0.881318 -0.116239 -0.0644505 0.991128 -0.219231 0.0964474 0.970894 0.396437 -0.302849 0.866672 -0.353271 -0.209683 0.91172 0.236366 -0.348322 0.907085 0.38956 -0.520619 0.759736 0.390624 -0.324698 0.861385 -0.448957 0.0816972 0.889811 -0.432336 0.0596964 0.899734 0.483504 0.325267 0.812665 0.54878 0.278143 0.788338 0.164459 -0.122513 0.978746 0.253226 -0.303069 0.918709 -0.0962997 -0.398118 0.912265 -0.442411 -0.287898 0.849345 -0.044723 -0.846739 0.530126 -0.518984 0.375565 0.767859 0.087244 -0.0673023 0.993911 0.077505 -0.3196 0.944377 0.0655246 0.10372 0.992446 -0.414831 0.245956 0.876026 -0.336089 -0.27489 0.900822 -0.0218089 0.31887 0.947548 -0.383641 0.155614 0.910277 -0.0156565 -0.190753 0.981513 0.0866346 -0.19028 0.9779 0.229255 0.0611775 0.971442 0.291606 -0.0281514 0.956124 0.648906 0.103315 0.753822 0.418741 0.439668 0.794574 -0.190558 -0.334418 0.922959 -0.667327 0.334052 0.665645 0.251391 0.321198 0.913036 -0.592783 0.263934 0.760886 -0.140821 0.396981 0.90696 -0.111493 0.313345 0.943072 -0.429543 0.285044 0.85688 0.0248531 -0.457741 0.888738 0.149387 -0.0326663 0.988239 -0.390867 0.0557031 0.91876 0.236077 0.00238566 0.971731 0.23423 -0.17411 0.956463 0.206092 0.257141 0.944142 -0.360042 -0.304497 0.881846 0.491439 -0.284043 0.823291 0.486239 -0.214842 0.847003 -0.077972 0.656338 0.750427 0.086909 0.34637 0.934064 -0.239702 0.150258 0.959148 0.512753 0.116266 0.850627 0.180589 -0.431209 0.883995 0.0560981 0.0539952 -0.996964 -0.117199 -0.446606 -0.887022 -0.183331 0.370422 -0.910592 0.623864 0.202172 -0.754931 0.124122 -0.252604 -0.959575 0.0732164 0.00613885 -0.997297 0.0986556 0.0706788 -0.992608 0.470856 0.19441 -0.860523 -0.170664 0.223674 -0.959606 -0.190032 -0.290161 -0.93792 -0.214948 0.905652 -0.365502 0.10044 0.0726637 -0.992286 0.0394705 0.0316558 -0.998719 0.0664962 0.0587091 -0.996058 0.0353563 0.0157731 -0.99925 0.084818 0.0216704 -0.996161 0.0373713 0.0462782 -0.998229 0.0968152 0.0216665 -0.995067 0.0397685 0.0800231 -0.995999 0.0413795 0.055548 -0.997598 0.0640639 0.0359787 -0.997297 0.101037 0.105276 -0.989297 0.0642724 0.0665294 -0.995712 0.0280994 0.0263684 -0.999257 0.0270512 -0.0119823 -0.999562 0.0934039 0.0489651 -0.994424 0.082216 0.046597 -0.995525 0.413804 0.84429 -0.3405 0.0831631 -0.0112571 -0.996472 0.115837 -0.0186408 -0.993093 0.0839829 0.029186 -0.99604 0.0399115 0.0735324 -0.996494 0.0757399 0.0084317 -0.997092 0.0891732 0.0611075 -0.99414 0.0270055 0.0808846 -0.996358 0.0861588 -0.00270015 -0.996278 0.0240707 0.0335519 -0.999147 -0.0265786 0.0295162 -0.999211 0.0501053 0.0255657 -0.998417 0.00758158 0.0427385 -0.999058 0.0399894 -0.00562652 -0.999184 -0.00402231 0.0411994 -0.999143 0.0409231 0.175109 -0.983698 0.0610775 0.00889125 -0.998093 0.0579297 -0.0866605 -0.994552 0.0461039 -0.0517613 -0.997595 0.0279015 0.189593 -0.981466 0.0270361 0.743304 -0.668407 0.0315768 0.932266 -0.360393 0.0809886 0.884379 -0.459689 -0.0451858 0.979125 -0.198173 0.0588302 0.070787 -0.995755 0.0464599 0.0632322 -0.996917 0.110894 0.00136249 -0.993831 -0.011655 -0.0527719 -0.998539 -0.0596106 0.00702313 -0.998197 0.0585342 0.670687 -0.739428 0.0257753 0.0132415 -0.99958 0.121587 0.120705 -0.985214 0.484092 -0.140039 -0.863739 0.000731066 -0.166596 -0.986025 0.037843 -0.108581 -0.993367 0.017672 0.532059 -0.846523 0.0828038 0.830063 -0.551487 0.480446 0.870516 0.106646 0.101936 -0.0376092 -0.99408 0.0913645 0.0123158 -0.995741 -0.0165707 0.037659 -0.999153 0.0687634 0.0280337 -0.997239 0.0734399 -0.0327906 -0.99676 -0.00662576 0.0255456 -0.999652 0.0650158 0.261839 -0.962919 -0.00276809 0.0836669 -0.99649 -0.0176793 -0.0687289 -0.997479 -0.0650577 0.836658 -0.543849 0.111879 0.938563 -0.32647 0.0472899 0.0748576 -0.996072 0.0585057 0.0109986 -0.998226 0.0807582 0.027877 -0.996344 0.070874 0.0685973 -0.995124 -0.0318291 -0.0728247 -0.996837 -0.0216048 0.0078734 -0.999736 0.0390464 -0.0529729 -0.997832 0.050336 -0.0313312 -0.998241 0.127621 -0.184443 -0.974522 0.207984 -0.0736321 -0.975357 -0.0219033 -0.176041 -0.984139 0.127655 -0.0897113 -0.987753 -0.0618624 -0.161846 -0.984875 0.721078 0.570782 -0.392752 0.970547 0.0505145 -0.235554 -0.0507193 0.80034 -0.597397 -0.303886 0.951975 -0.0373888 0.0420731 -0.048743 -0.997925 -0.0221891 0.0356443 -0.999118 -0.0149283 0.00402982 -0.99988 0.0821451 0.0684102 -0.99427 0.0446574 0.0474005 -0.997877 0.0349564 0.0258232 -0.999055 0.0341651 0.0114872 -0.99935 0.0562297 0.0438525 -0.997454 0.126855 -0.0118075 -0.991851 0.143839 0.0164307 -0.989465 0.35862 -0.0586033 -0.931642 0.0442426 0.992859 0.110783 0.899783 0.0141437 -0.436108 0.873304 -0.418106 -0.250053 0.8566 -0.184763 -0.481766 0.13436 -0.040502 -0.990105 0.0134053 0.992531 0.121252 0.0101727 0.992001 0.125822 0.105425 0.0523254 -0.99305 -0.061497 0.0138804 -0.998011 0.502493 -0.0659924 -0.862059 0.00307008 0.0287261 -0.999583 0.193507 0.000547417 -0.981099 0.230052 0.0584479 -0.971422 -0.0392936 -0.160717 -0.986218 0.0142867 -0.1163 -0.993111 0.00844283 0.98439 0.1758 0.92447 -0.284262 -0.254069 -0.0317619 0.989933 0.137927 0.440273 -0.036216 -0.897133 0.567435 0.0835523 -0.819168 0.0929325 0.0592112 -0.99391 0.794575 -0.0850029 -0.601186 0.0725839 0.0042605 -0.997353 0.676384 -0.0851264 -0.731613 0.0435751 0.092421 -0.994766 0.475904 -0.0333274 -0.878866 0.999617 -0.0245998 -0.0127054 0.0502447 0.0468449 -0.997638 0.0404338 0.0201655 -0.998979 0.169985 0.121618 -0.977913 -0.0103289 0.0514191 -0.998624 -0.0155606 0.00713215 -0.999853 0.917688 -0.063696 -0.392162 -0.0492421 0.0445878 -0.997791 -0.0950619 0.00119703 -0.995471 0.0403647 0.0668736 -0.996945 0.789393 -0.0151724 -0.6137 0.00595227 0.0069273 -0.999958 0.222012 -0.158173 -0.962129 -0.0677145 -0.103507 -0.992321 -0.0380218 -0.0437106 -0.99832 0.0401697 0.993479 -0.106702 0.103015 -0.000296745 -0.99468 0.0802107 -0.0549309 -0.995263 0.115083 -0.0406026 -0.992526 0.96431 0.0141334 0.2644 0.997053 -0.0478492 0.0599699 0.996962 0.0611865 -0.04819 0.836077 -0.117471 0.535888 0.900755 0.0315849 0.433178 0.0818137 0.105021 -0.991099 0.897214 -0.10774 0.428251 0.945392 -0.0961011 0.311445 0.319973 0.945073 0.0667401 0.646924 0.758035 0.0828994 0.951239 0.255963 0.172124 -0.0407362 0.994337 -0.0981599 -0.151911 0.988268 -0.0158067 0.943116 -0.331572 -0.0243378 0.041083 0.965886 0.255687 0.916692 -0.157858 0.367092 0.938615 -0.101399 0.329728 0.963573 0.00683947 0.267358 0.476856 0.87739 0.0528734 0.0802908 0.987116 0.1384 0.982734 -0.0604742 0.174861 0.0453593 0.995343 0.0850632 0.904493 0.0247506 0.425771 0.956255 0.0291768 0.291076 -0.0957989 0.995358 -0.00923754 0.868037 -0.496495 -0.00198542 -0.124364 0.982105 -0.14143 0.841234 -0.232104 0.488316 0.930268 -0.0591582 0.36208 0.934583 -0.125309 0.332945 0.928219 0.00641163 0.371979 0.996888 0.0555566 -0.0559245 0.0265649 0.998813 0.0408299 -0.0419067 0.994086 0.100184 0.810931 0.434778 -0.391611 0.993482 -0.0731246 0.0874392 0.976699 0.0789954 0.199544 -0.0581716 0.980571 -0.187343 -0.284651 0.926269 -0.246982 0.982311 -0.174134 -0.0688601 0.113588 0.990611 -0.0760724 -0.255548 0.76345 -0.593161 0.0287481 0.931381 -0.362909 -0.267097 0.904038 -0.333728 0.455079 0.811844 -0.365805 -0.0944981 0.950181 -0.297029 0.953992 -0.00530347 0.299785 0.0893226 0.995247 -0.0388056 0.924013 -0.0657889 0.376659 0.874444 -0.0906668 0.476579 0.756921 0.63621 0.149359 0.661901 0.747022 0.062 0.97913 -0.0210768 0.202138 0.905612 -0.120606 0.406598 0.907668 0.317957 0.273939 0.990564 0.0603333 0.123058 0.993352 0.0565668 0.100261 0.0406859 0.965224 -0.258238 0.943204 -0.0249219 0.331278 0.79525 -0.00664023 0.606245 0.089214 0.782198 -0.61661 0.903628 -0.0724315 0.422149 0.857648 0.0636081 0.510289 0.916013 -0.109812 0.385826 -0.0545629 0.937092 -0.344791 -0.0145382 0.975132 -0.22115 0.929592 0.0628821 0.363187 0.102159 0.991925 -0.0751514 0.110914 0.830551 -0.545786 0.952259 0.0113272 0.305082 0.162356 0.986717 0.00540447 -0.0308157 0.935769 -0.351264 0.842138 0.0417972 0.53764 0.769707 -0.0258002 0.637876 0.762873 0.510642 0.396572 0.289782 0.957017 -0.012062 0.0128379 0.964786 -0.262722 0.21736 0.975226 -0.0411035 0.882875 -0.011827 0.46946 0.362831 -0.0241808 0.931541 0.782823 -0.0260593 0.621698 0.0517875 0.848124 -0.527261 0.1406 0.712128 -0.687827 0.133423 0.869954 -0.474741 0.817533 -0.0688448 0.571751 0.759009 -0.0662607 0.6477 0.48216 -0.0921126 0.871228 0.116999 0.991234 0.0613757 -0.0451977 -0.0663925 0.996769 0.0023066 -0.0291347 0.999573 0.500931 -0.00437098 0.865476 0.00258635 0.062046 0.99807 0.137343 -0.0055884 0.990508 0.0216587 0.984099 -0.176294 0.005948 0.901624 0.43248 0.444255 -0.0725008 0.892962 0.403702 0.0392857 0.914047 0.284019 -0.0311131 0.958314 0.733636 -0.148999 0.663006 -0.0433072 0.96396 -0.2625 0.269223 0.957602 0.10255 -0.0589451 0.0111371 0.998199 -0.0433842 -0.0406759 0.99823 -0.0263944 -0.00456337 0.999641 -0.0330716 0.00228381 0.99945 0.0408865 0.987068 0.154997 0.292632 -0.0607237 0.954295 0.26165 0.864921 0.428312 0.447008 0.684697 0.575651 0.0349931 0.940625 0.337639 0.16402 0.681243 0.713446 -0.0412447 0.00658863 0.999127 -0.0447978 -0.0074828 0.998968 -0.0328715 -0.0142878 0.999358 -0.0532191 -0.0176701 0.998427 -0.0430668 -0.0221311 0.998827 -0.0341243 -0.0353603 0.998792 -0.0725414 -0.0179446 0.997204 -0.0328792 -0.0146538 0.999352 -0.0250291 -0.050849 0.998393 -0.034634 -0.0557075 0.997846 -0.0497238 -0.0508517 0.997468 0.308278 0.0315788 0.950772 -0.0380181 0.245287 0.968705 0.0332022 0.0431821 0.998515 -0.021158 -0.0214489 0.999546 -0.0403186 -0.0300237 0.998736 -0.0229428 -0.0423269 0.99884 -0.0466319 -0.0629146 0.996929 -0.0405055 -0.0903445 0.995087 -0.026444 -0.0232506 0.99938 -0.0607767 -0.0683632 0.995808 -0.070117 -0.042416 0.996637 0.347953 -0.00501863 0.937498 0.13236 0.038453 0.990456 0.340893 -0.078456 0.936822 0.637818 -0.0423958 0.769019 0.0197702 0.776569 0.629722 0.259997 0.962183 0.0812712 -0.0447997 -0.0247627 0.998689 0.0498152 0.00732779 0.998732 -0.083351 0.448668 0.889803 0.0138344 0.695612 0.718285 -0.0463061 -0.0438297 0.997965 -0.0393545 -0.0593473 0.997461 -0.0354536 -0.0579 0.997693 0.184867 -0.0385796 0.982006 0.248757 -0.0847318 0.964853 0.559913 0.0530805 0.82685 -0.037173 0.291462 0.95586 -0.0543458 0.00173361 0.998521 -0.0435576 -0.00884221 0.999012 -0.0558359 -0.0112324 0.998377 -0.0603676 0.0137894 0.998081 -0.0423818 -0.0548873 0.997593 -0.0498032 -0.0509737 0.997457 -0.0259532 -0.0638092 0.997625 -0.0570008 -0.0437728 0.997414 -0.0307874 -0.0788718 0.996409 -0.0211342 -0.0561668 0.998198 -0.0391415 -0.0527301 0.997841 -0.046128 -0.0550757 0.997416 -0.0195159 0.178647 0.98372 -0.0347318 -0.0546388 0.997902 -0.0171694 -0.0561635 0.998274 0.198671 -0.0882077 0.976089 0.0866495 0.0165669 0.996101 0.193415 0.149343 0.969684 0.170137 0.384068 0.907494 -0.0321576 -0.0518835 0.998135 -0.0191391 -0.0410383 0.998974 -0.0254997 -0.0574047 0.998025 -0.0478098 -0.0648858 0.996747 -0.0534409 -0.0710265 0.996042 0.0158432 0.281354 0.959473 0.0142581 -0.0200916 0.999696"/>
    <TextureCoordinate point="0.675571 0.639445 0.670184 0.638755 0.673447 0.637123 0.668658 0.642319 0.664014 0.640696 0.677962 0.664686 0.666104 0.673869 0.673654 0.656986 0.672135 0.677162 0.685847 0.662716 0.684242 0.670217 0.688636 0.673705 0.681123 0.681218 0.658784 0.65757 0.647647 0.654113 0.654207 0.647534 0.658057 0.663185 0.66575 0.659431 0.645434 0.663195 0.699992 0.683807 0.693348 0.67877 0.700609 0.676227 0.699786 0.630148 0.708936 0.623134 0.703409 0.632036 0.703513 0.638142 0.691104 0.635655 0.708282 0.635146 0.693402 0.638822 0.702505 0.644343 0.708333 0.639982 0.698444 0.649965 0.725234 0.640217 0.718853 0.646319 0.713045 0.634509 0.707154 0.652053 0.719775 0.653876 0.678044 0.634735 0.667074 0.650364 0.66022 0.642461 0.654013 0.645445 0.678629 0.643579 0.683068 0.633739 0.687736 0.645428 0.692329 0.655703 0.680784 0.655066 0.674646 0.651781 0.667563 0.655552 0.706606 0.660006 0.675024 0.634334 0.609156 0.648413 0.608383 0.653081 0.599723 0.647835 0.663432 0.637658 0.643166 0.646521 0.638017 0.65411 0.704678 0.634983 0.597112 0.645321 0.637896 0.648011 0.604269 0.655852 0.660961 0.67382 0.617286 0.64875 0.614388 0.657481 0.598984 0.652441 0.618494 0.661261 0.623475 0.648324 0.633665 0.659746 0.617025 0.666071 0.649391 0.675869 0.630983 0.64898 0.609155 0.664354 0.636717 0.667377 0.624434 0.668515 0.613081 0.671356 0.604944 0.670667 0.643733 0.679764 0.623805 0.680792 0.614337 0.680982 0.620798 0.69279 0.606971 0.679338 0.613773 0.690251 0.592227 0.670953 0.60006 0.688711 0.584713 0.693666 0.748871 0.641329 0.741553 0.636546 0.754488 0.63769 0.742634 0.660692 0.736847 0.644537 0.755227 0.658377 0.731156 0.649857 0.751871 0.66501 0.76466 0.65872 0.721943 0.664957 0.733249 0.676546 0.713698 0.655628 0.711158 0.672703 0.712574 0.683316 0.71899 0.678008 0.723455 0.689859 0.736257 0.684666 0.71889 0.620656 0.71362 0.614749 0.717991 0.608537 0.704615 0.613302 0.703722 0.619869 0.708208 0.698902 0.721824 0.630546 0.695234 0.696172 0.691423 0.629709 0.667599 0.690765 0.677473 0.699301 0.643564 0.754692 0.660754 0.753479 0.654052 0.772983 0.639417 0.77892 0.592999 0.653767 0.605165 0.662377 0.649616 0.644504 0.592414 0.645708 0.585667 0.64376 0.618485 0.647402 0.675059 0.757025 0.66346 0.76147 0.668976 0.767221 0.582495 0.650846 0.679225 0.764206 0.676754 0.780791 0.663623 0.777736 0.596807 0.662619 0.588515 0.663161 0.582499 0.670552 0.626707 0.687791 0.635944 0.695365 0.592535 0.694227 0.607016 0.701194 0.578806 0.661592 0.577145 0.667637 0.57581 0.679851 0.625633 0.700375 0.618243 0.706761 0.634436 0.739443 0.642801 0.742367 0.629938 0.761932 0.629807 0.773393 0.617591 0.769568 0.640333 0.789245 0.702428 0.61308 0.691309 0.623438 0.684883 0.626964 0.636183 0.645138 0.65113 0.679839 0.657778 0.682908 0.632721 0.680106 0.638519 0.689138 0.78067 0.663615 0.774299 0.656417 0.780366 0.672343 0.769302 0.681393 0.787781 0.673958 0.748063 0.677542 0.758581 0.676145 0.742645 0.689595 0.72735 0.703271 0.720654 0.704856 0.700322 0.70298 0.711845 0.708806 0.705281 0.721838 0.714989 0.727722 0.690281 0.7098 0.696182 0.724314 0.671798 0.705385 0.679134 0.717007 0.686118 0.722286 0.661285 0.698773 0.658325 0.692976 0.66905 0.698162 0.629721 0.704324 0.666586 0.71712 0.676765 0.740984 0.723406 0.718045 0.731209 0.732907 0.716552 0.74192 0.705952 0.731323 0.698556 0.750766 0.664112 0.739487 0.592719 0.642629 0.64143 0.642837 0.580155 0.64234 0.62201 0.64447 0.609653 0.645409 0.705076 0.610826 0.706444 0.610156 0.674533 0.631676 0.669129 0.632811 0.656224 0.697849 0.690712 0.756034 0.689959 0.773348 0.680761 0.791159 0.663791 0.789176 0.649864 0.784934 0.566901 0.639145 0.559015 0.645721 0.555968 0.658003 0.560156 0.664232 0.635252 0.711158 0.623005 0.719794 0.602865 0.711303 0.60738 0.714332 0.697182 0.616409 0.581622 0.702098 0.589915 0.706242 0.59165 0.725675 0.603533 0.723032 0.625549 0.731106 0.617921 0.727373 0.613345 0.738386 0.605524 0.7502 0.65567 0.63715 0.597886 0.733072 0.644177 0.693203 0.616686 0.754576 0.610399 0.75872 0.751261 0.693633 0.772876 0.690542 0.760317 0.701421 0.625106 0.786485 0.617368 0.779785 0.741732 0.70078 0.608427 0.785222 0.739737 0.716197 0.631765 0.800715 0.647137 0.795265 0.819738 0.679394 0.81608 0.695403 0.795178 0.691335 0.797165 0.678483 0.611549 0.805557 0.797506 0.699156 0.786389 0.701197 0.807803 0.713206 0.796433 0.708737 0.802422 0.723534 0.818497 0.723786 0.77145 0.710765 0.782 0.712994 0.75826 0.718719 0.765627 0.734336 0.748396 0.705543 0.733335 0.716347 0.75369 0.728684 0.743851 0.734863 0.787649 0.726473 0.788183 0.742424 0.801953 0.739087 0.778255 0.737432 0.756061 0.754878 0.652146 0.695689 0.659532 0.709169 0.653621 0.71284 0.641234 0.700586 0.669965 0.732256 0.652397 0.730721 0.643125 0.722636 0.739368 0.743429 0.697941 0.735163 0.6912 0.737487 0.725743 0.745262 0.736211 0.753663 0.723032 0.758789 0.74355 0.766573 0.710948 0.758712 0.702194 0.760382 0.819407 0.761965 0.807567 0.752195 0.794936 0.774281 0.803057 0.790603 0.581811 0.637416 0.699448 0.771349 0.57317 0.637835 0.702953 0.609351 0.577556 0.730506 0.579107 0.712633 0.589704 0.745626 0.595847 0.744949 0.574067 0.696809 0.571986 0.707905 0.571377 0.719566 0.680653 0.629367 0.66304 0.632184 0.601423 0.765394 0.592985 0.76383 0.61047 0.772993 0.596288 0.781596 0.575822 0.753363 0.583441 0.764801 0.780418 0.764268 0.650238 0.814277 0.644595 0.826336 0.766874 0.76379 0.630537 0.822632 0.602005 0.810344 0.600952 0.825962 0.75348 0.777415 0.723747 0.781147 0.732094 0.769031 0.724946 0.795313 0.611152 0.834439 0.710157 0.783965 0.70521 0.77466 0.5958 0.840236 0.708366 0.797828 0.69128 0.785872 0.694778 0.77623 0.697407 0.800722 0.713762 0.81023 0.688302 0.813447 0.671017 0.802565 0.668042 0.818786 0.656802 0.831313 0.784851 0.776614 0.617882 0.644745 0.610527 0.641266 0.604677 0.642217 0.552528 0.635741 0.559846 0.670709 0.565651 0.67762 0.561253 0.686175 0.578201 0.634079 0.692599 0.618165 0.562173 0.700546 0.560936 0.720968 0.684581 0.619341 0.679388 0.623261 0.584791 0.782954 0.590115 0.796173 0.646675 0.63533 0.627418 0.642218 0.573634 0.765841 0.575499 0.779017 0.570327 0.773632 0.584504 0.801084 0.733693 0.795185 0.730634 0.814372 0.679113 0.827274 0.5921 0.80595 0.58131 0.815309 0.76287 0.789752 0.587493 0.636152 0.547852 0.685511 0.567516 0.743534 0.560856 0.75989 0.557333 0.747897 0.57207 0.81805 0.578172 0.830129 0.69398 0.611954 0.636878 0.639608 0.548572 0.697276 0.555447 0.708812 0.554457 0.730144 0.547881 0.719455 0.565712 0.794191 0.549686 0.776147 0.570897 0.808406 0.560151 0.798941 0.61631 0.641428 0.571736 0.630701 0.696637 0.610663 0.690616 0.615166 0.624862 0.636535 0.621385 0.639163 0.599489 0.634807 0.594311 0.631839 0.701073 0.605088 0.668095 0.623908 0.674734 0.623691 0.581974 0.627028 0.613673 0.635962 0.575088 0.625114 0.686643 0.608075 0.664547 0.626833 0.645458 0.631983 0.691396 0.606519 0.699143 0.600699 0.638085 0.634152 0.681813 0.608059 0.629017 0.630603 0.603576 0.631379 0.622449 0.629161 0.672555 0.617631 0.653723 0.627106 0.61059 0.629682 0.688809 0.600684 0.675263 0.61436 0.659169 0.622215 0.646041 0.628821 0.589519 0.619646 0.666591 0.618716 0.595824 0.62037 0.579688 0.61865 0.607907 0.624571 0.652121 0.623745 0.64878 0.623354 0.642137 0.626703 0.63079 0.575432 0.631596 0.576022 0.631226 0.576415 0.618671 0.580399 0.618343 0.580891 0.618445 0.579828 0.628433 0.57733 0.627886 0.575454 0.629618 0.577 0.585599 0.616863 0.617761 0.581813 0.617833 0.582361 0.61742 0.580858 0.617129 0.581924 0.616762 0.581416 0.616793 0.580427 0.616412 0.580879 0.616185 0.580135 0.630735 0.578249 0.629148 0.578352 0.632161 0.576825 0.617366 0.582337 0.631695 0.57779 0.616139 0.580645 0.618996 0.579267 0.673939 0.609107 0.669591 0.612582 0.664599 0.614723 0.625121 0.625327 0.613454 0.621689 0.618544 0.581487 0.629921 0.579461 0.616101 0.580927 0.61749 0.582611 0.615988 0.580391 0.617931 0.582639 0.619059 0.621073 0.618741 0.582031 0.639755 0.623309 0.631476 0.579731 0.632213 0.579123 0.628016 0.578237 0.63049 0.580167 0.629193 0.579155 0.615842 0.580743 0.632537 0.577693 0.603144 0.619729 0.594692 0.616171 0.616392 0.582357 0.642336 0.621088 0.629213 0.623847 0.68201 0.59899 0.677597 0.602321 0.633276 0.575647 0.619188 0.580495 0.660659 0.613617 0.631606 0.580386 0.628014 0.577566 0.584416 0.611683 0.627834 0.579549 0.615394 0.580896 0.618503 0.583299 0.619264 0.581468 0.619507 0.580611 0.617136 0.583244 0.616256 0.582868 0.616042 0.581711 0.665139 0.61077 0.646375 0.618704 0.648549 0.600523 0.65266 0.598054 0.649787 0.601448 0.615146 0.620047 0.615616 0.581461 0.629285 0.580464 0.615553 0.580446 0.615467 0.579966 0.65484 0.615078 0.631042 0.62154 0.655728 0.59801 0.652342 0.595721 0.633386 0.578959 0.633529 0.577119 0.632818 0.574943 0.603343 0.615887 0.633824 0.574826 0.586975 0.608087 0.651216 0.603428 0.645935 0.602855 0.646458 0.594849 0.646164 0.598753 0.644185 0.600738 0.64307 0.602656 0.642148 0.601965 0.632055 0.581499 0.611418 0.618562 0.613945 0.604875 0.607976 0.604672 0.609793 0.602858 0.613147 0.603691 0.680748 0.596693 0.675735 0.598355 0.619379 0.582343 0.619076 0.583446 0.643555 0.59829 0.643694 0.605028 0.640759 0.60367 0.633296 0.580561 0.630325 0.581415 0.607441 0.601834 0.605093 0.601422 0.617411 0.603708 0.616742 0.601825 0.613773 0.60036 0.590377 0.607294 0.598619 0.596485 0.673318 0.603374 0.672194 0.595321 0.6591 0.612221 0.655354 0.612996 0.642057 0.618655 0.644721 0.596479 0.620167 0.581476 0.616649 0.583934 0.615568 0.582027 0.633652 0.57352 0.626754 0.577379 0.64938 0.591817 0.635183 0.576589 0.668904 0.604446 0.614597 0.608018 0.670942 0.590776 0.665543 0.593948 0.662277 0.592255 0.668293 0.588211 0.603175 0.613647 0.585102 0.60371 0.60722 0.597978 0.663985 0.606705 0.649337 0.61512 0.660707 0.599944 0.657205 0.60131 0.658943 0.59615 0.6559 0.595301 0.647704 0.605137 0.655484 0.591717 0.63858 0.601647 0.62002 0.579449 0.614619 0.581288 0.615073 0.580378 0.634491 0.578454 0.635753 0.575298 0.634848 0.573788 0.618724 0.618584 0.60671 0.615343 0.618279 0.607262 0.659353 0.589489 0.624148 0.603676 0.620718 0.603094 0.623303 0.601689 0.618343 0.600303 0.654104 0.609716 0.64631 0.614172 0.636968 0.618187 0.62472 0.619052 0.601972 0.602755 0.630744 0.617384 0.596422 0.599481 0.594518 0.604601 0.652556 0.606135 0.645545 0.607222 0.652555 0.58895 0.63996 0.607468 0.63823 0.606318 0.627187 0.603875 0.624672 0.602118 0.62433 0.582265 0.623821 0.582544 0.623343 0.58141 0.634412 0.581718 0.629208 0.581725 0.624469 0.583101 0.62564 0.582091 0.628324 0.581132 0.64557 0.591149 0.623488 0.578073 0.622754 0.578661 0.623332 0.577413 0.6239 0.579275 0.622601 0.577185 0.622977 0.576408 0.62304 0.580284 0.62199 0.577984 0.649145 0.607184 0.61511 0.616487 0.622737 0.576064 0.646045 0.610742 0.641991 0.608866 0.61073 0.613048 0.644079 0.592746 0.606301 0.607705 0.600862 0.605344 0.633411 0.58296 0.624004 0.583407 0.627086 0.579935 0.624382 0.581096 0.618166 0.583989 0.619881 0.58318 0.620179 0.582573 0.622739 0.582795 0.614736 0.581845 0.614547 0.582747 0.614761 0.579786 0.632522 0.583432 0.624275 0.578128 0.62388 0.576397 0.650323 0.609244 0.6425 0.59319 0.639825 0.609927 0.621852 0.579543 0.635023 0.608231 0.637074 0.60312 0.621415 0.576142 0.630497 0.609886 0.624896 0.611612 0.615909 0.614409 0.616443 0.611048 0.623625 0.606634 0.614315 0.598323 0.617782 0.59626 0.635817 0.579467 0.62272 0.583517 0.626209 0.578385 0.62198 0.581423 0.625084 0.580597 0.615222 0.583113 0.606887 0.595575 0.656163 0.588039 0.652918 0.583308 0.645936 0.588144 0.620033 0.578003 0.620524 0.579519 0.639516 0.598314 0.634524 0.603123 0.620723 0.608209 0.623942 0.598463 0.609764 0.596184 0.611582 0.59507 0.642221 0.589939 0.636763 0.581683 0.636176 0.58473 0.617033 0.584545 0.636974 0.57545 0.625779 0.582977 0.620353 0.577776 0.620908 0.579556 0.628891 0.606538 0.624412 0.608367 0.630967 0.603792 0.628808 0.602523 0.643147 0.587542 0.646142 0.583114 0.638823 0.585287 0.615794 0.584855 0.624635 0.584719 0.623769 0.584437 0.639874 0.57769 0.636746 0.576967 0.619259 0.584521 0.639203 0.575077 0.620589 0.583217 0.628331 0.581842 0.621492 0.578276 0.648918 0.581483 0.607813 0.594478 0.616236 0.594758 0.643867 0.580464 0.606573 0.590334 0.639212 0.58173 0.625533 0.580177 0.621068 0.578582 0.621394 0.580235 0.611802 0.591621 0.626601 0.599446 0.638874 0.589603 0.638245 0.587711 0.616195 0.585607 0.634711 0.584789 0.621927 0.583603 0.621302 0.582413 0.635917 0.573242 0.630286 0.583353 0.627114 0.581916 0.625467 0.578762 0.629983 0.599351 0.62476 0.577836 0.624861 0.576101 0.636726 0.592423 0.638235 0.594991 0.635425 0.586815 0.627359 0.584221 0.625982 0.584262 0.614885 0.585992 0.61416 0.585455 0.612924 0.582965 0.62131 0.583724 0.617572 0.585083 0.62085 0.57573 0.620474 0.57589 0.610383 0.589759 0.623444 0.596222 0.634187 0.599415 0.619392 0.594848 0.612004 0.587532 0.614585 0.591594 0.613792 0.588389 0.6187 0.585216 0.620017 0.584198 0.625125 0.595253 0.62034 0.592886 0.634322 0.588106 0.618674 0.592679 0.616797 0.587318 0.616057 0.589869 0.628635 0.583855 0.629269 0.58337 0.615739 0.586632 0.6129 0.586234 0.624311 0.586969 0.621688 0.585121 0.62032 0.584925 0.617837 0.590109 0.636947 0.596875 0.624433 0.593492 0.633839 0.586528 0.63341 0.585943 0.622383 0.593286 0.615231 0.588117 0.617642 0.586519 0.62369 0.587391 0.622596 0.58496 0.618893 0.590802 0.621978 0.590772 0.616386 0.588681 0.632039 0.585195 0.625822 0.586018 0.623037 0.58511 0.620951 0.585331 0.619011 0.585659 0.618524 0.588593 0.627825 0.595546 0.626556 0.593169 0.631308 0.585486 0.618433 0.587576 0.63003 0.585696 0.627979 0.58476 0.619726 0.58626 0.626582 0.590891 0.627526 0.591389 0.634909 0.595198 0.631987 0.597644 0.628458 0.597548 0.625763 0.592516 0.633002 0.591673 0.633056 0.58855 0.624223 0.591852 0.62349 0.591235 0.631112 0.588027 0.630705 0.586976 0.63179 0.587504 0.624294 0.588722 0.616458 0.587671 0.627329 0.585989 0.623081 0.588027 0.621937 0.587382 0.627828 0.589866 0.621102 0.590325 0.62007 0.590251 0.63175 0.590308 0.629419 0.586802 0.61967 0.590062 0.61687 0.587744 0.619735 0.588163 0.625817 0.587814 0.620399 0.588378 0.62527 0.591091 0.627016 0.589456 0.629752 0.591834 0.633069 0.587049 0.620908 0.588812 0.62182 0.588954 0.627359 0.58794 0.628881 0.587861 0.629138 0.595299 0.625877 0.588446 0.6302 0.588851 0.62549 0.590188 0.62983 0.589739 0.623438 0.590132 0.62943 0.590001 0.624388 0.590566 0.464203 0.700674 0.4534 0.687534 0.466122 0.689978 0.472917 0.702856 0.484166 0.692018 0.493754 0.702101 0.472986 0.673619 0.465324 0.676637 0.466796 0.664893 0.486622 0.667636 0.485692 0.673611 0.478446 0.658688 0.483818 0.650077 0.497509 0.678109 0.495517 0.657996 0.440684 0.622501 0.45398 0.623461 0.444701 0.631873 0.470911 0.620117 0.463303 0.628928 0.480476 0.632388 0.473292 0.639398 0.468355 0.643983 0.424811 0.633695 0.405043 0.62248 0.419297 0.621442 0.437457 0.637254 0.436776 0.65991 0.428893 0.653985 0.444608 0.647397 0.446816 0.656641 0.439114 0.690097 0.450031 0.673919 0.495565 0.691261 0.40653 0.652536 0.41661 0.656715 0.414967 0.666178 0.425097 0.66757 0.486852 0.716607 0.487059 0.72863 0.477625 0.727122 0.496212 0.711894 0.521636 0.732518 0.508807 0.746355 0.512605 0.723802 0.429634 0.646672 0.525619 0.722799 0.42994 0.672571 0.437854 0.669069 0.434824 0.67947 0.514573 0.756517 0.524152 0.744934 0.529112 0.751467 0.471469 0.716722 0.468933 0.732421 0.505749 0.697215 0.506583 0.705243 0.503692 0.716406 0.520477 0.709073 0.354659 0.704021 0.344788 0.71196 0.346189 0.701393 0.356537 0.716177 0.35421 0.698841 0.355509 0.692601 0.370272 0.699609 0.363255 0.68568 0.373291 0.689387 0.41245 0.717297 0.410357 0.708286 0.419171 0.724365 0.425189 0.695111 0.426168 0.715222 0.432789 0.721151 0.431068 0.728694 0.475272 0.74151 0.438654 0.722676 0.453653 0.726297 0.450548 0.735079 0.46168 0.733395 0.51352 0.76888 0.502504 0.756929 0.346371 0.647393 0.349025 0.638442 0.361448 0.64367 0.50003 0.727551 0.388901 0.652588 0.382509 0.656892 0.38181 0.64797 0.526761 0.774354 0.363867 0.621793 0.372295 0.627911 0.36636 0.634123 0.381853 0.623807 0.432393 0.702579 0.440887 0.703609 0.430556 0.689612 0.419914 0.675882 0.472513 0.798646 0.484688 0.804993 0.464126 0.805243 0.481804 0.796105 0.486495 0.743306 0.486554 0.739409 0.510628 0.786533 0.500845 0.776827 0.345608 0.719023 0.351987 0.675268 0.366803 0.671488 0.383947 0.678211 0.373321 0.671085 0.377239 0.697881 0.370067 0.712271 0.390446 0.701868 0.481136 0.7081 0.382406 0.70905 0.391001 0.686988 0.398091 0.699792 0.529366 0.733695 0.53817 0.743104 0.410583 0.731804 0.412403 0.692031 0.419928 0.73669 0.428815 0.749172 0.443737 0.743659 0.454998 0.747273 0.332909 0.655102 0.33198 0.642227 0.348071 0.656693 0.329116 0.634467 0.338215 0.634088 0.340594 0.621661 0.350034 0.624041 0.368258 0.656147 0.366171 0.662686 0.379474 0.663736 0.37354 0.649384 0.387065 0.634799 0.393603 0.670285 0.386779 0.660193 0.397878 0.681973 0.409823 0.679841 0.396387 0.654628 0.39671 0.643701 0.402179 0.661575 0.381506 0.635388 0.396347 0.621172 0.41658 0.644173 0.452817 0.698241 0.45163 0.709942 0.462522 0.715151 0.45554 0.663236 0.456672 0.654468 0.455981 0.635476 0.461248 0.647678 0.357913 0.782707 0.364017 0.77066 0.379729 0.774556 0.378787 0.788467 0.364495 0.789818 0.319034 0.718617 0.320485 0.698058 0.328796 0.709284 0.341918 0.73127 0.336911 0.745597 0.330283 0.732946 0.335642 0.713365 0.338308 0.723034 0.323991 0.725072 0.305226 0.706213 0.309003 0.690281 0.340313 0.699434 0.325356 0.694193 0.353076 0.744229 0.357052 0.729925 0.364868 0.735521 0.35831 0.754177 0.370335 0.751064 0.377195 0.759379 0.367493 0.7234 0.329471 0.687856 0.354923 0.668564 0.361068 0.709721 0.386366 0.723691 0.393924 0.758644 0.404448 0.756249 0.382181 0.743752 0.401342 0.742564 0.419282 0.761575 0.435813 0.764446 0.394387 0.732707 0.39455 0.717803 0.281617 0.685282 0.28152 0.675974 0.287756 0.672679 0.307329 0.71339 0.296109 0.707356 0.288754 0.665613 0.292588 0.663628 0.438994 0.754644 0.29828 0.654672 0.299622 0.666659 0.295103 0.654872 0.317443 0.686912 0.314207 0.677908 0.3178 0.6812 0.309995 0.6525 0.319725 0.659408 0.307078 0.669412 0.326989 0.648679 0.331238 0.66439 0.324159 0.639659 0.323882 0.668985 0.338468 0.669457 0.331944 0.679471 0.442993 0.816401 0.42711 0.794624 0.440878 0.802279 0.465241 0.795612 0.455573 0.788174 0.466439 0.786953 0.489668 0.76477 0.479364 0.781263 0.480839 0.765498 0.498605 0.732287 0.497185 0.753131 0.359098 0.804866 0.34925 0.791732 0.376777 0.796594 0.390365 0.798881 0.399463 0.791139 0.405061 0.782209 0.391057 0.777897 0.346332 0.750582 0.343232 0.664015 0.402516 0.765406 0.415701 0.787171 0.415502 0.773383 0.428901 0.775552 0.430943 0.786746 0.439955 0.792906 0.442272 0.771895 0.451888 0.758408 0.312885 0.636469 0.305584 0.63582 0.306829 0.633147 0.313048 0.627513 0.310583 0.625716 0.253788 0.717626 0.256599 0.716923 0.251903 0.723506 0.260478 0.723239 0.263109 0.711223 0.260385 0.709731 0.468634 0.767668 0.269863 0.73799 0.267424 0.729713 0.27377 0.728824 0.274658 0.73605 0.277532 0.724955 0.284156 0.742159 0.272504 0.745689 0.287497 0.734813 0.288413 0.748571 0.294335 0.738456 0.277638 0.70537 0.271373 0.710148 0.272421 0.694861 0.289389 0.725384 0.268165 0.699646 0.269846 0.68856 0.278236 0.68137 0.276974 0.688508 0.286988 0.694304 0.281954 0.696067 0.286372 0.711528 0.291634 0.700563 0.291277 0.659006 0.302221 0.645081 0.290126 0.764796 0.300238 0.773492 0.286209 0.774734 0.306734 0.765709 0.295408 0.756807 0.306958 0.750361 0.318677 0.753044 0.322269 0.747062 0.309023 0.734597 0.314235 0.728093 0.338309 0.788366 0.338535 0.777899 0.352086 0.782042 0.347508 0.757658 0.358454 0.764143 0.275402 0.766952 0.268562 0.758432 0.284212 0.758568 0.27721 0.7164 0.298511 0.732019 0.29597 0.720588 0.29825 0.694194 0.299643 0.684441 0.456882 0.769143 0.292324 0.782075 0.30595 0.78326 0.292337 0.789143 0.312146 0.785297 0.490496 0.794327 0.32227 0.78725 0.334148 0.773297 0.460923 0.756757 0.477553 0.756903 0.328867 0.796665 0.320087 0.762187 0.336692 0.759115 0.32309 0.778174 0.406521 0.804438 0.421912 0.800152 0.374267 0.73991 0.385375 0.737198 0.350129 0.684709 0.411612 0.765206 0.412516 0.749053 0.316853 0.631352 0.31705 0.642403 0.328281 0.628037 0.268984 0.726127 0.267888 0.714747 0.284428 0.663991 0.299096 0.642366 0.263239 0.74901 0.261273 0.739484 0.270792 0.749976 0.251179 0.729005 0.262781 0.728416 0.264582 0.703287 0.264692 0.725201 0.286128 0.659727 0.289648 0.653929 0.299691 0.633535 0.25292 0.711522 0.258735 0.70123 0.272858 0.677306 0.276478 0.673025 0.290974 0.649667 0.298665 0.637459 0.251202 0.705584 0.264928 0.692214 0.28387 0.653522 0.292497 0.64443 0.275739 0.668235 0.27888 0.663992 0.292897 0.637602 0.257262 0.698217 0.265745 0.677933 0.262117 0.682611 0.259304 0.692041 0.284454 0.64762 0.292386 0.630746 0.293576 0.627695 0.246953 0.700701 0.271292 0.668236 0.278771 0.654269 0.275595 0.655711 0.270922 0.66135 0.285121 0.642427 0.26389 0.668956 0.254575 0.690667 0.287133 0.634392 0.256049 0.684034 0.259825 0.677602 0.264722 0.659516 0.277904 0.645572 0.285091 0.631241 0.270048 0.652712 0.280189 0.639158 0.243823 0.698469 0.263933 0.663355 0.240573 0.705605 0.273106 0.651266 0.258122 0.670312 0.23887 0.701816 0.249593 0.685245 0.254927 0.677345 0.265494 0.653126 0.274978 0.639777 0.243201 0.693832 0.271586 0.645736 0.281531 0.628058 0.250512 0.679535 0.247071 0.681394 0.258802 0.662823 0.236287 0.697058 0.234184 0.699391 0.222162 0.671681 0.213125 0.671423 0.221251 0.661228 0.249443 0.674474 0.259346 0.65447 0.210656 0.65111 0.208008 0.656975 0.229817 0.659038 0.263447 0.649919 0.223568 0.638314 0.211209 0.63085 0.232187 0.666978 0.235285 0.679966 0.238156 0.644159 0.268896 0.64404 0.239948 0.687585 0.222887 0.690333 0.243725 0.670283 0.253464 0.662963 0.269874 0.639525 0.255724 0.636102 0.239533 0.656293 0.247752 0.651146 0.237144 0.630549 0.265178 0.641727 0.269208 0.635319 0.758438 0.917569 0.75411 0.916965 0.755683 0.915512 0.744958 0.925168 0.746128 0.924278 0.745862 0.925705 0.759977 0.91445 0.763255 0.915805 0.752706 0.922596 0.751022 0.919235 0.754455 0.919405 0.755154 0.921208 0.745268 0.924252 0.756654 0.912704 0.772226 0.897302 0.777086 0.89739 0.773248 0.900301 0.756413 0.918063 0.759242 0.923806 0.762743 0.928462 0.757775 0.92737 0.76816 0.901287 0.769681 0.900538 0.78125 0.887371 0.75899 0.921545 0.744807 0.926543 0.744175 0.927788 0.746587 0.926912 0.748828 0.922566 0.747306 0.922271 0.74934 0.919641 0.75093 0.917643 0.752918 0.914642 0.750462 0.924268 0.753003 0.924194 0.752383 0.928182 0.755005 0.927224 0.754519 0.923297 0.766908 0.919626 0.765318 0.909776 0.768728 0.926523 0.768148 0.921818 0.772697 0.922588 0.769831 0.931489 0.773707 0.91592 0.783945 0.88983 0.75529 0.911882 0.785367 0.893541 0.77839 0.899536 0.771854 0.892665 0.744154 0.9263 0.744042 0.929543 0.743834 0.92872 0.745904 0.922663 0.747907 0.920046 0.747427 0.924941 0.748278 0.926499 0.749969 0.930348 0.743081 0.933633 0.746612 0.935295 0.747444 0.932378 0.750781 0.934034 0.754918 0.933902 0.760005 0.935425 0.755909 0.938691 0.760892 0.908225 0.758738 0.9073 0.76282 0.904501 0.765559 0.90453 0.769832 0.90634 0.773738 0.906902 0.781468 0.91529 0.780046 0.909092 0.765908 0.938503 0.778845 0.931594 0.780431 0.927264 0.774703 0.935051 0.772426 0.945718 0.776636 0.942988 0.783015 0.938113 0.784708 0.918987 0.785098 0.90035 0.790981 0.889017 0.790686 0.882151 0.744135 0.943173 0.74237 0.93786 0.745658 0.938535 0.763213 0.900663 0.743726 0.927548 0.741148 0.931783 0.744437 0.923493 0.743599 0.925348 0.748484 0.940088 0.767109 0.952484 0.774472 0.953159 0.78174 0.949468 0.754068 0.942525 0.748062 0.945197 0.749855 0.951953 0.754971 0.950286 0.782779 0.944114 0.781013 0.960423 0.789877 0.961715 0.788425 0.948708 0.759177 0.94234 0.757498 0.947081 0.764061 0.944657 0.78198 0.904864 0.78889 0.906656 0.791033 0.911265 0.789852 0.921465 0.788095 0.928884 0.795896 0.927171 0.793908 0.941917 0.799028 0.942752 0.79268 0.899536 0.796082 0.922162 0.8018 0.932711 0.754194 0.956281 0.759655 0.956872 0.762779 0.950986 0.755056 0.966657 0.74102 0.942257 0.742817 0.928206 0.749062 0.917792 0.751167 0.912787 0.755165 0.908106 0.772021 0.886993 0.773985 0.962715 0.796507 0.898121 0.777047 0.968399 0.773854 0.974051 0.767034 0.96385 0.782629 0.968108 0.78961 0.970206 0.797296 0.916354 0.785689 0.980525 0.801734 0.905026 0.788384 0.975825 0.801958 0.909915 0.794829 0.961328 0.795551 0.952407 0.802342 0.951973 0.744102 0.954102 0.74563 0.948757 0.748527 0.959552 0.747172 0.964978 0.753128 0.973684 0.763166 0.971681 0.805407 0.943165 0.757044 0.976908 0.768394 0.980391 0.739232 0.946133 0.74112 0.948498 0.742469 0.926501 0.743309 0.927135 0.74134 0.929542 0.745118 0.919675 0.755999 0.901958 0.806937 0.92365 0.809852 0.904888 0.803767 0.917841 0.811402 0.913548 0.813122 0.928134 0.738208 0.954574 0.737107 0.956701 0.741673 0.958614 0.735494 0.961184 0.741263 0.965673 0.741594 0.984303 0.734742 0.979823 0.7402 0.977958 0.747597 0.975713 0.748575 0.984763 0.756524 0.988685 0.801986 0.95658 0.794968 0.968543 0.801997 0.967023 0.81216 0.941151 0.818875 0.941636 0.815871 0.948936 0.731597 0.97985 0.732081 0.973845 0.730988 0.983808 0.743405 0.924214 0.775728 0.877321 0.733867 0.968321 0.735341 0.989253 0.806387 0.963135 0.810652 0.95147 0.818851 0.955478 0.725817 0.97802 0.724634 0.986034 0.740452 0.927984 0.743719 0.920302 0.72928 0.970944 0.731138 0.964261 0.735056 0.934513 0.736496 0.940807 0.742675 0.921524 0.740773 0.924506 0.752527 0.90475 0.757913 0.892873 0.733458 0.953141 0.730839 0.958017 0.740965 0.926384 0.744577 0.917 0.751952 0.907175 0.737931 0.929551 0.747458 0.912313 0.748492 0.909897 0.742785 0.918391 0.765085 0.881803 0.723479 0.960226 0.723734 0.973637 0.752849 0.896313 0.72932 0.955031 0.720075 0.983124 0.732458 0.943022 0.728809 0.937054 0.720007 0.96819 0.715931 0.979333 0.743688 0.91467 0.745685 0.908718 0.744446 0.910798 0.738434 0.924712 0.739818 0.922271 0.732853 0.933465 0.740848 0.920522 0.75583 0.882669 0.723237 0.966341 0.734822 0.928702 0.741977 0.917544 0.752524 0.885489 0.718839 0.97433 0.73999 0.919169 0.768959 0.868475 0.762497 0.875169 0.742244 0.912692 0.72354 0.951402 0.728652 0.942544 0.710365 0.971073 0.740418 0.9149 0.743326 0.906288 0.744697 0.901896 0.749346 0.892863 0.761117 0.864227 0.736148 0.920769 0.716496 0.960481 0.707173 0.974927 0.734777 0.924875 0.740821 0.91035 0.754487 0.877246 0.738547 0.920348 0.739571 0.913659 0.740954 0.903292 0.743498 0.897083 0.7037 0.985 0.726234 0.933115 0.730676 0.914785 0.73718 0.915213 0.730563 0.909022 0.733332 0.903501 0.728293 0.927983 0.728331 0.913439 0.738121 0.899981 0.746581 0.880266 0.685417 0.932421 0.694448 0.926756 0.693307 0.932824 0.644756 0.932788 0.647697 0.943407 0.644405 0.941305 0.733222 0.923533 0.737621 0.917454 0.730852 0.916676 0.725852 0.909209 0.733493 0.899076 0.743265 0.890493 0.747398 0.885935 0.725084 0.905519 0.727269 0.899865 0.723592 0.901576 0.748582 0.873951 0.749665 0.866757 0.723347 0.942242 0.717404 0.950093 0.696382 0.930405 0.697076 0.923905 0.691926 0.915525 0.688764 0.916794 0.680182 0.924077 0.680817 0.931642 0.689376 0.93785 0.682941 0.934902 0.672697 0.937109 0.653624 0.953868 0.658233 0.948729 0.649014 0.950528 0.679647 0.915193 0.683592 0.912845 0.673556 0.917468 0.667743 0.921274 0.666864 0.916158 0.660567 0.907585 0.663776 0.906372 0.654529 0.917546 0.653184 0.893656 0.666129 0.940229 0.66234 0.941013 0.634061 0.918278 0.627515 0.921819 0.632141 0.902485 0.623414 0.908546 0.62683 0.887808 0.642992 0.89237 0.724774 0.936969 0.734887 0.917686 0.726318 0.915571 0.722126 0.91141 0.719887 0.901139 0.729432 0.896248 0.724597 0.894725 0.685409 0.938593 0.669673 0.944825 0.666053 0.948991 0.687606 0.906578 0.683832 0.906167 0.672598 0.911658 0.656603 0.891744 0.642764 0.947749 0.63873 0.939407 0.620201 0.91392 0.64321 0.873482 0.614248 0.898522 0.612313 0.891707 0.60728 0.882967 0.73105 0.919226 0.731009 0.922678 0.712593 0.918915 0.710176 0.913314 0.715971 0.912952 0.708114 0.907928 0.739236 0.895055 0.735798 0.895549 0.732784 0.893462 0.724407 0.887001 0.712717 0.957512 0.70631 0.96788 0.70361 0.928435 0.679508 0.942621 0.666098 0.89779 0.642883 0.864344 0.632543 0.854148 0.627985 0.87269 0.603444 0.893865 0.706897 0.898419 0.707379 0.904952 0.702724 0.899183 0.700577 0.904194 0.720754 0.90797 0.707325 0.918565 0.715475 0.908301 0.740335 0.879082 0.702924 0.911462 0.718761 0.944466 0.70022 0.921427 0.700396 0.937169 0.697315 0.913048 0.689983 0.941637 0.664984 0.956412 0.658278 0.962541 0.650851 0.96023 0.685478 0.900118 0.677674 0.908502 0.654135 0.869356 0.728574 0.921308 0.724154 0.93001 0.721616 0.932672 0.724149 0.917284 0.717427 0.917984 0.716981 0.923538 0.731058 0.885169 0.743684 0.865503 0.699624 0.97888 0.702994 0.932622 0.681643 0.945165 0.672602 0.952443 0.692879 0.900985 0.68119 0.897744 0.628387 0.943 0.620173 0.933729 0.606333 0.91078 0.722902 0.936994 0.724081 0.926053 0.719605 0.911446 0.710031 0.927153 0.716717 0.896643 0.712689 0.897591 0.72212 0.887621 0.702884 0.887354 0.715313 0.947648 0.70411 0.920887 0.699594 0.913094 0.677812 0.906117 0.684127 0.894231 0.725612 0.918869 0.721139 0.928566 0.735267 0.890565 0.736871 0.887848 0.715041 0.898864 0.696105 0.899965 0.720697 0.878846 0.698519 0.882805 0.711057 0.953088 0.693972 0.986701 0.695218 0.943952 0.687815 0.946239 0.650398 0.96461 0.690783 0.892369 0.670349 0.892151 0.640129 0.957064 0.716673 0.938858 0.716886 0.930704 0.718971 0.924517 0.714404 0.925798 0.706861 0.928582 0.716243 0.884335 0.708936 0.881482 0.694626 0.889183 0.702342 0.968729 0.681883 0.948815 0.676113 0.891905 0.713877 0.93333 0.734061 0.874161 0.726452 0.874154 0.70105 0.873235 0.738881 0.863742 0.705687 0.943745 0.706545 0.957798 0.692584 0.974252 0.690834 0.984464 0.706582 0.936529 0.700271 0.94525 0.701242 0.954557 0.685968 0.953585 0.68582 0.883838 0.680196 0.883766 0.606459 0.92222 0.656292 0.863709 0.64882 0.849643 0.595785 0.907941 0.712775 0.885131 0.692175 0.871121 0.694845 0.969307 0.685271 0.968046 0.674454 0.957473 0.663719 0.962846 0.644443 0.96715 0.663211 0.871212 0.592092 0.895011 0.689684 0.880649 0.695437 0.863216 0.686013 0.958332 0.674138 0.965116 0.675131 0.972572 0.664227 0.966393 0.667938 0.978313 0.663529 0.971273 0.677351 0.870982 0.62618 0.952688 0.610508 0.937588 0.671744 0.875024 0.662011 0.862072 0.677884 0.986817 0.71324 0.867383 0.724705 0.866553 0.730835 0.855619 0.706523 0.862526 0.699037 0.854188 0.673736 0.980642 0.658809 0.988013 0.630693 0.96051 0.682344 0.866128 0.673307 0.863978 0.71956 0.860829 0.724275 0.853143 0.655434 0.974366 0.651418 0.984113 0.646733 0.974781 0.597044 0.919732 0.671304 0.855402 0.584863 0.910119 0.688773 0.852464 0.694035 0.84578 0.643829 0.981187 0.712305 0.852598 0.717476 0.84082 0.687155 0.866577 0.701324 0.842453 0.609406 0.958652 0.596256 0.940194 0.578976 0.933658 0.583015 0.920416 0.6284 0.972185 0.619029 0.961709 0.612072 0.970805 0.598214 0.958799 0.588611 0.971627 0.56335 0.960722 0.571445 0.924981 0.574403 0.90366 0.555731 0.944436 0.582006 0.888091 0.542843 0.957357 0.544627 0.935315 0.57098 0.90212 0.553594 0.927337 0.533014 0.942694 0.533845 0.964313 0.515957 0.950967 0.561752 0.913144 0.518227 0.934951 0.539592 0.927353 0.555587 0.907322 0.532818 0.921249 0.542864 0.9157 0.521716 0.900623 0.512695 0.906333 0.532778 0.892979 0.524985 0.884479 0.852915 0.50458 0.856599 0.512934 0.850218 0.507558 0.857955 0.504629 0.855017 0.499713 0.848611 0.500839 0.858167 0.494929 0.862427 0.51328 0.843558 0.492338 0.846747 0.489028 0.841249 0.489029 0.838381 0.482441 0.835152 0.471727 0.830739 0.463858 0.833831 0.460652 0.820037 0.448185 0.814509 0.442942 0.816904 0.439932 0.811018 0.437036 0.812111 0.42851 0.804821 0.423994 0.835226 0.489479 0.825839 0.449627 0.821894 0.453806 0.872541 0.494751 0.871166 0.507313 0.847304 0.478528 0.854224 0.486154 0.846074 0.468843 0.835145 0.479603 0.828334 0.469487 0.865049 0.48638 0.839537 0.457765 0.82419 0.461252 0.830596 0.455525 0.835531 0.449926 0.889105 0.463169 0.873285 0.474682 0.878254 0.462881 0.900528 0.480672 0.897302 0.489298 0.887708 0.481142 0.893511 0.448261 0.873054 0.457587 0.906673 0.47499 0.909237 0.492199 0.869355 0.454382 0.863233 0.459865 0.865447 0.445991 0.87794 0.500461 0.878436 0.438561 0.875954 0.491363 0.870839 0.48503 0.858613 0.447685 0.884926 0.487319 0.847834 0.446312 0.843521 0.441746 0.853289 0.440176 0.871108 0.431412 0.865479 0.43446 0.878812 0.43301 0.818202 0.453363 0.821515 0.440329 0.837123 0.433764 0.826385 0.439157 0.821968 0.433061 0.80409 0.430557 0.81626 0.426018 0.804942 0.412213 0.812313 0.413734 0.846394 0.429701 0.827111 0.422645 0.841988 0.42457 0.856137 0.428834 0.799016 0.418539 0.799072 0.413324 0.903683 0.454338 0.908804 0.449696 0.909983 0.438979 0.916157 0.443233 0.917183 0.454664 0.898763 0.436827 0.904951 0.426649 0.891697 0.428428 0.912303 0.423862 0.887066 0.423016 0.876918 0.416875 0.887847 0.415968 0.897011 0.415892 0.911969 0.41712 0.914746 0.476836 0.912284 0.468995 0.921887 0.469324 0.854548 0.477248 0.855193 0.465714 0.846229 0.45957 0.86738 0.479436 0.869421 0.467467 0.850669 0.455588 0.806525 0.448442 0.804107 0.43578 0.819939 0.420283 0.856347 0.422246 0.861481 0.425718 0.873916 0.414591 0.861053 0.415594 0.849134 0.419237 0.848328 0.411965 0.852223 0.413274 0.828656 0.416864 0.838103 0.410393 0.833036 0.408723 0.826143 0.408415 0.817436 0.41393 0.843816 0.410035 0.846711 0.393007 0.85054 0.397785 0.836069 0.39325 0.846471 0.387373 0.809217 0.402707 0.80749 0.401421 0.796329 0.407348 0.792068 0.407793 0.788637 0.401145 0.79831 0.398499 0.784115 0.390429 0.790719 0.393966 0.781262 0.389513 0.798714 0.387591 0.794733 0.384366 0.793887 0.374863 0.819347 0.403562 0.827658 0.398571 0.838332 0.383713 0.923173 0.45346 0.92841 0.463499 0.797076 0.379336 0.932846 0.451209 0.778348 0.383973 0.777579 0.377389 0.783732 0.370262 0.925327 0.445382 0.772686 0.369465 0.774638 0.36238 0.779872 0.365984 0.764881 0.362912 0.765965 0.360168 0.922879 0.438999 0.934401 0.434247 0.803134 0.374061 0.794146 0.368805 0.91706 0.433026 0.921213 0.423218 0.908966 0.402745 0.892344 0.405547 0.918669 0.402762 0.882128 0.403881 0.86167 0.408209 0.8765 0.399798 0.860069 0.397503 0.867253 0.394929 0.873977 0.385069 0.877462 0.39365 0.853959 0.386638 0.86341 0.38478 0.857488 0.384402 0.908926 0.386096 0.783345 0.319779 0.78974 0.30723 0.804078 0.312447 0.778343 0.31021 0.802153 0.300112 0.75712 0.350522 0.755304 0.346472 0.761165 0.347455 0.889345 0.384895 0.880988 0.377933 0.875327 0.37375 0.897229 0.391393 0.89514 0.375101 0.861103 0.476478 0.796336 0.426885 0.794609 0.415929 0.803656 0.393423 0.78265 0.404113 0.813516 0.399829 0.819055 0.389913 0.815207 0.388082 0.826191 0.382759 0.830683 0.381565 0.828307 0.377116 0.808787 0.382644 0.817022 0.378145 0.81491 0.373086 0.823165 0.373136 0.836147 0.37036 0.83112 0.367167 0.767221 0.370407 0.771038 0.357444 0.760447 0.355452 0.767183 0.351223 0.852232 0.373652 0.845801 0.373567 0.805431 0.364651 0.79002 0.360541 0.800422 0.360204 0.863667 0.372351 0.787234 0.358566 0.801727 0.350312 0.805298 0.355534 0.792653 0.345931 0.780712 0.349997 0.797897 0.347558 0.782531 0.34177 0.844728 0.358732 0.751743 0.336332 0.749928 0.338382 0.747741 0.332795 0.789884 0.330109 0.811573 0.319969 0.887061 0.397195 0.746262 0.313105 0.741184 0.31316 0.746713 0.301559 0.772632 0.37874 0.881699 0.369313 0.850396 0.52592 0.823534 0.472477 0.816682 0.463614 0.813162 0.452611 0.784933 0.417138 0.777262 0.392599 0.815368 0.366152 0.82406 0.367532 0.818918 0.355009 0.828231 0.352034 0.861849 0.367874 0.81264 0.344741 0.850591 0.359919 0.868378 0.370421 0.783298 0.334915 0.844495 0.346235 0.807525 0.338501 0.799687 0.338849 0.832843 0.355983 0.839942 0.34984 0.805568 0.329413 0.85976 0.361199 0.857433 0.350088 0.837887 0.339412 0.820235 0.338089 0.816949 0.328361 0.757708 0.333814 0.763859 0.331168 0.757349 0.326082 0.744752 0.324681 0.739186 0.320024 0.773442 0.339655 0.775871 0.324644 0.764435 0.322964 0.766816 0.311317 0.768244 0.322082 0.756563 0.308674 0.737305 0.30777 0.820608 0.310423 0.826712 0.345468 0.824495 0.330646 0.82289 0.484333 0.802859 0.443118 0.798816 0.43471 0.747403 0.346266 0.743149 0.329738 0.735552 0.316122 0.732817 0.301513 0.838442 0.509396 0.757356 0.361728 0.745785 0.336998 0.724855 0.313474 0.725085 0.299719 0.839278 0.527677 0.835879 0.52037 0.834081 0.502748 0.760359 0.37618 0.739939 0.335986 0.767843 0.384725 0.74816 0.357883 0.737161 0.331149 0.809545 0.460319 0.752719 0.364336 0.814444 0.482851 0.80946 0.476045 0.774284 0.401287 0.764248 0.392607 0.735433 0.342629 0.72435 0.323184 0.820418 0.495572 0.777183 0.427895 0.725664 0.331014 0.825876 0.513363 0.821078 0.509561 0.800042 0.456629 0.784622 0.438908 0.74161 0.351067 0.717072 0.298828 0.751608 0.37268 0.793469 0.446405 0.755813 0.386214 0.753742 0.377828 0.776313 0.418891 0.771841 0.412508 0.708932 0.301162 0.767897 0.400673 0.798685 0.460359 0.7272 0.3455 0.738422 0.369364 0.743071 0.362623 0.827392 0.525799 0.758618 0.402692 0.710446 0.311327 0.830984 0.531735 0.802303 0.474873 0.789593 0.45003 0.766118 0.417494 0.73488 0.353718 0.817661 0.503449 0.713925 0.326291 0.812083 0.491789 0.795987 0.466844 0.766089 0.408787 0.749687 0.387352 0.740743 0.378828 0.821548 0.525684 0.72232 0.342625 0.811583 0.500086 0.676365 0.547754 0.684253 0.543483 0.685095 0.547683 0.681621 0.551597 0.69599 0.529976 0.693006 0.532879 0.687868 0.534095 0.690876 0.537109 0.685452 0.536233 0.686076 0.538394 0.679111 0.540768 0.671925 0.543188 0.6671 0.537003 0.685774 0.558962 0.680891 0.557442 0.680703 0.522028 0.666684 0.526365 0.66735 0.517797 0.677534 0.512992 0.824373 0.541319 0.816467 0.517493 0.813254 0.508237 0.731922 0.359018 0.715994 0.33367 0.724234 0.544058 0.722873 0.537762 0.728306 0.537102 0.717936 0.540817 0.723156 0.54892 0.717615 0.546393 0.718071 0.53389 0.720664 0.530405 0.686859 0.557046 0.688942 0.55016 0.690443 0.552757 0.783784 0.446144 0.711248 0.526979 0.712331 0.517246 0.705565 0.521977 0.700874 0.527363 0.695359 0.520923 0.693704 0.510827 0.687858 0.513335 0.676252 0.504892 0.677873 0.494673 0.682397 0.503623 0.669989 0.500439 0.691688 0.554177 0.691974 0.552368 0.676866 0.554291 0.674584 0.552026 0.68408 0.560479 0.687396 0.546372 0.672552 0.546837 0.677999 0.555383 0.672837 0.550706 0.660452 0.538475 0.662047 0.54092 0.654793 0.528705 0.65028 0.533272 0.645737 0.527913 0.639501 0.525445 0.639979 0.51552 0.634309 0.519872 0.630392 0.514063 0.624999 0.50301 0.620596 0.504881 0.618556 0.500128 0.622088 0.49676 0.717055 0.544539 0.716962 0.538546 0.803332 0.488466 0.787477 0.45511 0.771512 0.432505 0.72131 0.520923 0.72779 0.530581 0.724386 0.523307 0.717819 0.507964 0.712459 0.508673 0.716228 0.534872 0.712684 0.530078 0.710641 0.52949 0.70702 0.528989 0.701733 0.529435 0.701616 0.531272 0.725528 0.351894 0.71423 0.49933 0.702117 0.489237 0.698063 0.506553 0.689099 0.54039 0.688702 0.543557 0.611253 0.487827 0.698082 0.497914 0.714543 0.48674 0.706906 0.48088 0.696704 0.476062 0.691155 0.48891 0.683738 0.483955 0.673251 0.533984 0.657947 0.509233 0.649173 0.517763 0.685571 0.471231 0.676962 0.47657 0.657837 0.481118 0.666231 0.471871 0.644471 0.483984 0.650271 0.465718 0.656296 0.499175 0.645238 0.504838 0.64786 0.497028 0.63906 0.464109 0.628714 0.483575 0.680427 0.559165 0.610458 0.491259 0.604376 0.483762 0.608087 0.480726 0.598688 0.474736 0.607752 0.469852 0.614598 0.469317 0.592133 0.467729 0.612716 0.496917 0.811353 0.529897 0.707866 0.322417 0.704915 0.311083 0.733326 0.544517 0.715438 0.547983 0.798287 0.478825 0.79247 0.470009 0.726644 0.522288 0.720039 0.5075 0.706849 0.530719 0.705622 0.531156 0.708613 0.530589 0.717853 0.499849 0.716505 0.495338 0.668913 0.544911 0.65513 0.538092 0.647857 0.534291 0.643246 0.530745 0.633486 0.521361 0.629117 0.516856 0.62829 0.467685 0.633799 0.465009 0.68931 0.544831 0.710528 0.473535 0.712194 0.471403 0.712679 0.473266 0.710173 0.46286 0.706244 0.464757 0.596624 0.476926 0.811624 0.519266 0.714785 0.338157 0.714023 0.544143 0.646624 0.429676 0.636753 0.425031 0.647163 0.422431 0.694095 0.553053 0.632128 0.418905 0.797789 0.494322 0.783446 0.462611 0.601816 0.393931 0.612104 0.40959 0.598814 0.403917 0.717373 0.422911 0.713955 0.435518 0.712402 0.426611 0.587663 0.46697 0.748361 0.390411 0.70805 0.427164 0.553739 0.359228 0.570902 0.360264 0.562039 0.382539 0.711549 0.535148 0.702869 0.532105 0.697379 0.5346 0.717198 0.48784 0.71841 0.479329 0.714952 0.477369 0.694837 0.535902 0.673533 0.555712 0.707176 0.45434 0.70037 0.442749 0.710226 0.443253 0.691678 0.45195 0.652951 0.447937 0.660754 0.449662 0.651641 0.455705 0.639879 0.458422 0.662735 0.427817 0.664891 0.437498 0.636909 0.528759 0.618556 0.508113 0.630043 0.462699 0.63359 0.45917 0.666254 0.40541 0.646432 0.406046 0.660859 0.385478 0.676439 0.386743 0.652307 0.373999 0.623864 0.398868 0.642476 0.372315 0.630372 0.37692 0.622618 0.415866 0.614699 0.383271 0.644184 0.355825 0.602394 0.356947 0.615805 0.352781 0.583134 0.340295 0.586376 0.376406 0.585317 0.399749 0.580645 0.393437 0.6848 0.439625 0.673554 0.45859 0.670263 0.451133 0.662644 0.45712 0.692298 0.422903 0.670975 0.42077 0.673952 0.434667 0.695341 0.404807 0.619765 0.470801 0.68963 0.542663 0.712801 0.467202 0.641998 0.432978 0.628778 0.426362 0.625241 0.422801 0.574566 0.398289 0.559246 0.391104 0.609384 0.465801 0.597428 0.463921 0.56289 0.337818 0.547852 0.344582 0.739431 0.549076 0.777078 0.444756 0.778313 0.454776 0.76028 0.415585 0.756317 0.40901 0.72529 0.428962 0.722446 0.506011 0.713117 0.539439 0.705543 0.532045 0.721658 0.495758 0.724022 0.487298 0.691091 0.541519 0.691385 0.546585 0.668219 0.547908 0.666338 0.552276 0.659577 0.544458 0.714991 0.443409 0.683278 0.371742 0.699484 0.39013 0.660729 0.442813 0.656544 0.439342 0.671641 0.370135 0.645386 0.452106 0.622459 0.462677 0.618403 0.465565 0.603901 0.490761 0.691108 0.543329 0.711235 0.454141 0.642682 0.302443 0.650602 0.320147 0.643865 0.32855 0.62789 0.316712 0.602846 0.412769 0.580906 0.404858 0.818861 0.543413 0.589656 0.459628 0.583118 0.461211 0.802633 0.504542 0.733112 0.532808 0.714166 0.541465 0.692766 0.548483 0.774359 0.45316 0.7694 0.442905 0.770284 0.449048 0.763491 0.427356 0.763649 0.43782 0.758336 0.431454 0.746635 0.425483 0.738913 0.427258 0.73307 0.418768 0.732603 0.427292 0.721582 0.435936 0.746246 0.392697 0.732013 0.36654 0.69911 0.314893 0.706625 0.533338 0.700564 0.533261 0.684426 0.563662 0.605084 0.461661 0.667222 0.355384 0.632197 0.33632 0.610359 0.320872 0.749438 0.414997 0.736983 0.412856 0.739863 0.399133 0.731681 0.402368 0.714874 0.409309 0.621678 0.309264 0.585898 0.300799 0.712668 0.399339 0.712936 0.38744 0.708936 0.378529 0.698783 0.356905 0.67995 0.350316 0.662221 0.329425 0.680604 0.321469 0.630692 0.450625 0.638572 0.439998 0.657407 0.309243 0.616984 0.451792 0.619429 0.426738 0.580205 0.46618 0.807036 0.52401 0.569363 0.446833 0.565355 0.450853 0.560807 0.439205 0.566695 0.412173 0.548383 0.439794 0.561551 0.405984 0.79388 0.484842 0.778259 0.46055 0.771509 0.455864 0.757556 0.433466 0.7468 0.429174 0.728806 0.433785 0.741517 0.389909 0.735089 0.374536 0.731322 0.385271 0.735376 0.525124 0.73164 0.517183 0.707267 0.536006 0.677297 0.562755 0.672506 0.559755 0.658591 0.546884 0.633615 0.530353 0.59313 0.488012 0.720924 0.478516 0.717013 0.471303 0.708014 0.329394 0.701757 0.324958 0.571498 0.457585 0.557646 0.448327 0.813602 0.544172 0.765527 0.447863 0.768478 0.455593 0.730187 0.508654 0.708789 0.535753 0.723489 0.482108 0.717993 0.474414 0.695607 0.540122 0.693596 0.543517 0.6916 0.544873 0.72795 0.363454 0.717828 0.36839 0.719669 0.358092 0.720667 0.350368 0.624105 0.521807 0.598789 0.494066 0.630084 0.433754 0.607023 0.428523 0.59574 0.418615 0.600935 0.438595 0.58084 0.438773 0.738468 0.536964 0.691049 0.338966 0.706625 0.333491 0.646522 0.54179 0.640861 0.536934 0.609977 0.510585 0.58321 0.477336 0.787469 0.475218 0.779095 0.46728 0.765017 0.460363 0.736997 0.434625 0.726482 0.440835 0.701499 0.537341 0.699085 0.536867 0.717004 0.46685 0.716241 0.460246 0.714617 0.453983 0.717687 0.448532 0.801408 0.525863 0.588867 0.483686 0.55634 0.460937 0.551092 0.389236 0.713031 0.547456 0.694298 0.549063 0.795911 0.502986 0.780371 0.473185 0.756363 0.440542 0.750938 0.434693 0.72149 0.444961 0.729594 0.502745 0.705611 0.536518 0.694427 0.542272 0.660158 0.549487 0.727179 0.492693 0.722036 0.472984 0.694066 0.546151 0.797715 0.514297 0.695457 0.5509 0.769624 0.465304 0.7461 0.43639 0.739411 0.527135 0.799101 0.534011 0.665441 0.556414 0.65819 0.553344 0.802772 0.54009 0.718494 0.454051 0.628508 0.531704 0.56834 0.466162 0.711717 0.54346 0.788593 0.488711 0.760684 0.448705 0.732342 0.437963 0.709178 0.537666 0.745454 0.546754 0.734984 0.509733 0.795775 0.539876 0.731981 0.483988 0.727371 0.481183 0.720388 0.467346 0.694122 0.544126 0.653222 0.549168 0.632459 0.536789 0.637338 0.541778 0.710809 0.542032 0.751281 0.439793 0.741008 0.43854 0.792017 0.508956 0.731843 0.494068 0.767079 0.532657 0.766477 0.537613 0.758767 0.537846 0.718432 0.46024 0.618462 0.522446 0.752327 0.543809 0.748577 0.53275 0.754098 0.533374 0.709653 0.540791 0.697098 0.55154 0.775887 0.471663 0.787958 0.522493 0.758082 0.552718 0.739823 0.514215 0.676453 0.568428 0.64482 0.545289 0.762418 0.542788 0.761389 0.553443 0.733851 0.479494 0.728134 0.475043 0.785281 0.530889 0.782595 0.542629 0.778026 0.533565 0.697199 0.547944 0.695802 0.543579 0.772776 0.534805 0.647809 0.572385 0.633197 0.557932 0.651169 0.567999 0.594357 0.498328 0.758747 0.530102 0.711139 0.546435 0.75934 0.454773 0.754217 0.443604 0.736049 0.439486 0.709383 0.539062 0.707409 0.537096 0.735849 0.498094 0.776534 0.521855 0.779188 0.552695 0.695717 0.544867 0.697536 0.542804 0.772235 0.527089 0.763814 0.523376 0.721204 0.464749 0.720105 0.459001 0.724603 0.450791 0.756347 0.527183 0.69649 0.549504 0.789361 0.503761 0.779015 0.480296 0.757587 0.448745 0.746874 0.439329 0.665561 0.560453 0.749818 0.525574 0.741386 0.507478 0.725315 0.468719 0.724033 0.459431 0.720809 0.45515 0.604765 0.512228 0.781243 0.490027 0.785202 0.511203 0.762612 0.470004 0.758962 0.467732 0.747867 0.440536 0.732947 0.443262 0.726477 0.446112 0.707367 0.538952 0.741427 0.478431 0.739742 0.475976 0.645214 0.551913 0.710558 0.544302 0.698573 0.551141 0.778607 0.496298 0.772627 0.478754 0.759279 0.459361 0.751682 0.449276 0.748971 0.444078 0.705942 0.53827 0.735921 0.47434 0.740016 0.488503 0.698149 0.545887 0.66361 0.56276 0.674634 0.572244 0.663409 0.565534 0.656349 0.557478 0.635478 0.546469 0.628892 0.54315 0.726351 0.463202 0.625992 0.535636 0.614356 0.524712 0.578384 0.486662 0.754332 0.512661 0.565013 0.473082 0.745044 0.500795 0.755854 0.472062 0.746867 0.479138 0.750837 0.472873 0.754422 0.465401 0.744669 0.470792 0.703899 0.539408 0.653453 0.559545 0.730434 0.460136 0.726288 0.454849 0.72422 0.453234 0.620338 0.536031 0.709825 0.548508 0.709388 0.544035 0.700217 0.550259 0.741012 0.441603 0.738716 0.44342 0.70646 0.54068 0.735865 0.465949 0.56131 0.476241 0.698971 0.543744 0.654932 0.564886 0.643829 0.554059 0.633422 0.550605 0.747405 0.490473 0.66963 0.571996 0.773612 0.501312 0.764783 0.510176 0.613484 0.528156 0.760488 0.507223 0.759661 0.495554 0.584919 0.498509 0.77098 0.487303 0.753572 0.498259 0.762809 0.477457 0.756182 0.487904 0.749853 0.459421 0.74577 0.45195 0.745358 0.444783 0.709501 0.545963 0.707978 0.542278 0.698941 0.548332 0.748706 0.467595 0.742247 0.446649 0.732463 0.446903 0.702666 0.540427 0.699715 0.54218 0.701237 0.541389 0.636198 0.554275 0.623311 0.547975 0.621718 0.542195 0.709324 0.547301 0.591973 0.506549 0.742362 0.466723 0.74082 0.451428 0.733108 0.456087 0.727288 0.451226 0.70425 0.540869 0.647812 0.56034 0.597271 0.514298 0.736109 0.463066 0.706503 0.543178 0.707934 0.544964 0.708002 0.546434 0.708092 0.54782 0.607564 0.528281 0.742933 0.458265 0.745941 0.455953 0.736495 0.447471 0.708115 0.548396 0.741685 0.460042 0.613383 0.545923 0.573444 0.489293 0.707256 0.549273 0.700831 0.542846 0.731326 0.450923 0.702883 0.541789 0.586084 0.510602 0.574301 0.495786 0.70044 0.545885 0.701126 0.548102 0.738748 0.455271 0.737899 0.456621 0.736949 0.453121 0.734768 0.450251 0.591932 0.521846 0.707333 0.544313 0.594417 0.526971 0.592416 0.515572 0.705666 0.542546 0.706229 0.546893 0.703722 0.543064 0.701195 0.54494 0.571673 0.498983 0.55944 0.482534 0.70291 0.548432 0.704673 0.543005 0.706082 0.547642 0.707012 0.545974 0.584456 0.521601 0.706381 0.544403 0.702387 0.547197 0.702174 0.545922 0.702572 0.544335 0.705382 0.543874 0.704254 0.544403 0.705609 0.548473 0.703499 0.544877 0.705873 0.545132 0.706103 0.546482 0.70568 0.547196 0.70361 0.54684 0.703136 0.54637 0.704873 0.547905 0.705341 0.545044 0.704364 0.544989 0.705386 0.545456 0.704077 0.54556 0.7043 0.546472 0.705084 0.546037 0.0503686 0.77311 0.0495517 0.765699 0.0594186 0.769699 0.0377961 0.774729 0.0305633 0.790068 0.0407891 0.779754 0.035472 0.797284 0.0280851 0.764977 0.0166075 0.754514 0.016575 0.765031 0.00718203 0.756346 0.0125944 0.746444 0.021698 0.808218 0.0284822 0.811705 0.0863482 0.77327 0.0831893 0.780534 0.0789954 0.769835 0.0510066 0.793384 0.0686696 0.797167 0.0505448 0.803247 0.0857387 0.682059 0.0758384 0.69565 0.0761263 0.67919 0.0809607 0.705747 0.0673917 0.698677 0.0556859 0.697192 0.0468151 0.692983 0.052468 0.685568 0.0443769 0.703442 0.0389086 0.691112 0.056295 0.776522 0.0295072 0.684725 0.0419215 0.6739 0.0279336 0.771022 0.0253307 0.778551 0.0218162 0.683504 0.0327066 0.701847 0.0197237 0.697356 0.0306268 0.743459 0.0333879 0.751198 0.0219011 0.709082 0.011172 0.692092 0.0129887 0.678145 0.0445276 0.738307 0.0391973 0.743907 0.038876 0.731514 0.0297134 0.715311 0.0137529 0.70578 0.193294 0.665467 0.189786 0.659346 0.205979 0.652198 0.191489 0.649729 0.182547 0.659016 0.198674 0.672217 0.188327 0.674134 0.182727 0.669514 0.179402 0.654673 0.0874584 0.761739 0.0914409 0.773965 0.187196 0.681653 0.180262 0.683139 0.184148 0.687467 0.0919968 0.701706 0.0874717 0.756097 0.0991507 0.758739 0.0552052 0.756065 0.0430607 0.760393 0.0542785 0.751071 0.0173631 0.732176 0.00161781 0.738148 0.0105149 0.767976 0 0.763898 0.0520435 0.821463 0.022228 0.790673 0.0117603 0.797802 0.0338992 0.824277 0.0645673 0.685073 0.0672044 0.676455 0.0517051 0.711568 0.0318108 0.669855 0.0266166 0.67404 0.0179364 0.675817 0.0483483 0.716798 0.0348832 0.724286 0.0287287 0.73381 0.019277 0.72192 0.0109071 0.724847 0.0861614 0.692568 0.096904 0.690802 0.0730479 0.76491 0.0683688 0.770659 0.0666109 0.758983 0.0665732 0.778131 0.0779341 0.788823 0.062503 0.785115 0.0950902 0.813132 0.100023 0.800608 0.109484 0.800551 0.0841452 0.80711 0.0817785 0.814564 0.065273 0.813541 0.0760301 0.796538 0.197393 0.686844 0.186708 0.692082 0.141844 0.780808 0.160309 0.777871 0.149658 0.786628 0.170947 0.68789 0.172378 0.675664 0.173083 0.664666 0.136034 0.788277 0.129825 0.77913 0.139051 0.76461 0.140376 0.799829 0.186825 0.697439 0.197035 0.696048 0.123037 0.787199 0.133675 0.810361 0.120053 0.771175 0.122525 0.777406 0.113167 0.786455 0.107397 0.763136 0.111136 0.790535 0.18029 0.698328 0.121625 0.800655 0.122368 0.810192 0.0934191 0.635204 0.0997614 0.641574 0.0934142 0.643757 0.076719 0.63994 0.0883169 0.64992 0.0855085 0.629105 0.101175 0.782366 0.0994047 0.769734 0.0584972 0.631334 0.0473739 0.638279 0.0432553 0.633892 0.0862522 0.799848 0.154123 0.654036 0.166121 0.655788 0.152732 0.660804 0.160082 0.677228 0.149161 0.672194 0.0779376 0.652243 0.147721 0.651363 0.141723 0.667337 0.0899675 0.657841 0.135919 0.649377 0.139894 0.655427 0.0600559 0.649711 0.054334 0.643126 0.0688918 0.654368 0.124609 0.662832 0.0389779 0.643527 0.0519536 0.65317 0.0316977 0.629597 0.0317066 0.647734 0.025354 0.633902 0.0312868 0.657395 0.0416101 0.654197 0.110111 0.636665 0.114414 0.644878 0.10043 0.651247 0.133508 0.66669 0.138392 0.677897 0.131276 0.672487 0.126869 0.681586 0.0515729 0.670127 0.115604 0.676284 0.107692 0.655649 0.00349447 0.688929 0.0980948 0.667101 0.0918332 0.666213 0.0647162 0.710134 0.0646718 0.727949 0.0998128 0.681701 0.0704997 0.724967 0.0766991 0.734261 0.114483 0.681529 0.117537 0.692209 0.072126 0.752465 0.0651495 0.744507 0.104142 0.694782 0.00570412 0.704922 0.00193251 0.713654 0.18629 0.647662 0.17172 0.646987 0.147697 0.764192 0.118971 0.702255 0.105819 0.712908 0.0990517 0.707179 0.0928126 0.710781 0.0842413 0.716083 0.0894526 0.722621 0.207059 0.69078 0.0794426 0.723689 0.104144 0.744709 0.123381 0.749328 0.114041 0.754554 0.127755 0.764344 0.0997712 0.733634 0.0850394 0.730445 0.110293 0.734389 0.0957526 0.744996 0.0789955 0.748057 0.19706 0.71226 0.190148 0.718155 0.190256 0.710259 0.163047 0.788284 0.183346 0.789354 0.170246 0.792446 0.196811 0.705896 0.18607 0.707804 0.169254 0.692095 0.164101 0.693071 0.167863 0.696803 0.160503 0.687282 0.150598 0.685158 0.171086 0.702157 0.171107 0.638162 0.154967 0.641576 0.139472 0.644213 0.123777 0.638974 0.142425 0.690459 0.130416 0.693919 0.0498233 0.620117 0.0602649 0.662576 0.00707686 0.662534 0.015797 0.649547 0.0184177 0.661961 0.191124 0.726617 0.196993 0.730579 0.190196 0.738617 0.184215 0.728443 0.182328 0.739029 0.194914 0.7502 0.178271 0.748159 0.173304 0.715885 0.181102 0.718677 0.173534 0.72894 0.174805 0.737608 0.172062 0.732599 0.163726 0.729517 0.158202 0.734405 0.168211 0.748375 0.15308 0.743965 0.00203317 0.659328 0.149579 0.754054 0.0146661 0.664862 0.00550358 0.675265 0.00968018 0.670636 0.127212 0.706138 0.122395 0.712147 0.121287 0.707084 0.114063 0.715355 0.124281 0.724469 0.111106 0.724111 0.127464 0.7317 0.132661 0.73804 0.113831 0.731084 0.195136 0.799765 0.177516 0.796641 0.187561 0.808782 0.166052 0.806165 0.159532 0.805939 0.149296 0.806955 0.0936438 0.788253 0.0699213 0.631613 0.11055 0.66426 0.174596 0.761934 0.19386 0.758986 0.181787 0.775283 0.182589 0.769906 0.195379 0.774094 0.162589 0.762751 0.15676 0.766339 0.141584 0.737517 0.150172 0.73478 0.142385 0.749334 0.159106 0.703459 0.153611 0.694991 0.148463 0.7008 0.14167 0.698635 0.138482 0.696168 0.198694 0.719113 0.200599 0.725221 0.16962 0.721387 0.165783 0.723501 0.15367 0.713552 0.161417 0.720919 0.146522 0.716975 0.15571 0.724031 0.148744 0.729041 0.20482 0.763461 0.186843 0.764991 0.203338 0.772585 0.145433 0.711297 0.137215 0.714249 0.137127 0.72197 0.136866 0.708733 0.131484 0.718964 0.140295 0.727426 0.404697 0.220338 0.401569 0.227588 0.401185 0.219898 0.391874 0.211641 0.391146 0.204329 0.393911 0.209239 0.39665 0.218371 0.396069 0.214868 0.399166 0.211809 0.404727 0.213416 0.398774 0.230746 0.395477 0.229336 0.417874 0.219621 0.416441 0.224158 0.414105 0.218919 0.427443 0.231818 0.422566 0.23336 0.419816 0.230124 0.414536 0.235747 0.421295 0.236728 0.427542 0.237362 0.405803 0.231979 0.398507 0.235925 0.408197 0.238363 0.418028 0.241184 0.421665 0.246359 0.428149 0.2435 0.389795 0.216087 0.410533 0.210537 0.397496 0.223714 0.413925 0.209965 0.408711 0.219246 0.417523 0.210311 0.407592 0.226191 0.407437 0.229775 0.42524 0.22775 0.416201 0.229209 0.436696 0.232859 0.43425 0.239874 0.41222 0.244407 0.425647 0.248267 0.431584 0.247605 0.446514 0.240498 0.440409 0.24455 0.387123 0.210974 0.385514 0.208177 0.388349 0.208301 0.380347 0.210832 0.383334 0.207698 0.409885 0.20367 0.39157 0.225149 0.385518 0.219861 0.388525 0.226963 0.402289 0.241686 0.45121 0.245051 0.445901 0.250287 0.443468 0.251229 0.378936 0.209993 0.383535 0.211797 0.386906 0.21372 0.386543 0.216083 0.384272 0.217595 0.380656 0.22617 0.388518 0.230138 0.394661 0.234068 0.406271 0.250102 0.386786 0.205263 0.380623 0.204438 0.404053 0.20708 0.402153 0.201808 0.418584 0.199784 0.423183 0.222096 0.432017 0.2268 0.411156 0.250411 0.41806 0.253545 0.416055 0.259177 0.431774 0.253981 0.425265 0.25666 0.420237 0.258784 0.427383 0.262041 0.422255 0.261765 0.438509 0.258549 0.385182 0.212454 0.378578 0.212931 0.381003 0.212425 0.374557 0.214567 0.369289 0.214899 0.37035 0.212684 0.376757 0.22141 0.379301 0.221786 0.377822 0.225459 0.363757 0.215842 0.367416 0.219594 0.378155 0.228154 0.388514 0.234409 0.390458 0.239058 0.396291 0.240582 0.372261 0.194062 0.368988 0.19856 0.370082 0.194891 0.398402 0.247466 0.410368 0.258271 0.400825 0.260451 0.407411 0.264916 0.408474 0.274033 0.415028 0.265291 0.36715 0.195293 0.366862 0.192856 0.364294 0.198311 0.366218 0.199461 0.363581 0.201735 0.362181 0.198542 0.360932 0.19555 0.359134 0.198724 0.360801 0.203173 0.364154 0.206117 0.382386 0.215707 0.380022 0.216642 0.384419 0.21507 0.372643 0.217476 0.373058 0.223053 0.366176 0.223577 0.361597 0.22434 0.370653 0.227215 0.364238 0.227424 0.374465 0.23056 0.38397 0.234659 0.3936 0.250315 0.399939 0.251782 0.401853 0.264393 0.397814 0.265111 0.397604 0.269358 0.401627 0.274211 0.401693 0.278491 0.389693 0.278101 0.410331 0.276701 0.410449 0.281994 0.400849 0.282299 0.402767 0.290403 0.358374 0.188678 0.362392 0.186582 0.36185 0.190964 0.364076 0.193768 0.363288 0.188865 0.365194 0.188865 0.368496 0.19008 0.361569 0.192891 0.358069 0.190205 0.358652 0.192741 0.368471 0.19169 0.357139 0.196048 0.355862 0.198084 0.361596 0.208705 0.357711 0.212904 0.3585 0.218446 0.377366 0.206927 0.373404 0.205953 0.372426 0.208749 0.352812 0.214204 0.348801 0.217896 0.423005 0.265924 0.423584 0.279379 0.424616 0.268368 0.438267 0.2677 0.373605 0.19769 0.378859 0.199899 0.375798 0.203297 0.374651 0.200149 0.370778 0.20178 0.369619 0.204066 0.366365 0.20889 0.353869 0.202858 0.354618 0.206375 0.349822 0.202888 0.352855 0.210497 0.368284 0.229844 0.364119 0.233512 0.377166 0.2337 0.369557 0.233668 0.385721 0.240966 0.384991 0.246884 0.390331 0.245748 0.388731 0.251675 0.39091 0.256056 0.388186 0.274927 0.355721 0.189418 0.397017 0.289661 0.395973 0.296343 0.353078 0.19274 0.355218 0.191852 0.353103 0.19523 0.351797 0.199635 0.345732 0.199642 0.348868 0.21028 0.346783 0.215373 0.34825 0.191122 0.347654 0.195242 0.344874 0.191092 0.35012 0.193301 0.344595 0.196486 0.333878 0.210529 0.335054 0.206559 0.340875 0.211192 0.332046 0.204498 0.329593 0.208513 0.330135 0.203774 0.331017 0.211875 0.354669 0.233632 0.371718 0.236987 0.3793 0.24016 0.375203 0.23906 0.375785 0.243892 0.379307 0.246238 0.370822 0.241428 0.374747 0.250749 0.383254 0.250872 0.353249 0.189518 0.343836 0.217505 0.342676 0.222672 0.351278 0.190448 0.349351 0.189215 0.376689 0.27803 0.389372 0.286302 0.384007 0.284598 0.390514 0.298965 0.394037 0.302802 0.346406 0.188659 0.341052 0.183768 0.342504 0.183493 0.342239 0.186243 0.342055 0.19186 0.342195 0.188915 0.336629 0.191908 0.339815 0.187527 0.338628 0.191532 0.336622 0.187882 0.340139 0.195021 0.341259 0.199188 0.342656 0.202613 0.334904 0.189058 0.334383 0.192387 0.332341 0.192203 0.33249 0.194339 0.334397 0.198703 0.331267 0.194401 0.331855 0.200579 0.330659 0.197083 0.336495 0.201077 0.340428 0.204349 0.336052 0.214856 0.338285 0.218262 0.330393 0.21738 0.329651 0.200035 0.328168 0.201884 0.328343 0.205277 0.327732 0.212645 0.354469 0.227307 0.385199 0.254433 0.385545 0.26709 0.380865 0.272267 0.38303 0.298228 0.377339 0.291594 0.345195 0.186868 0.382835 0.305796 0.383493 0.317466 0.376976 0.311255 0.339365 0.185011 0.331116 0.189695 0.32894 0.218114 0.329763 0.222868 0.35788 0.238535 0.375961 0.256713 0.382218 0.261161 0.374656 0.265902 0.34808 0.228477 0.3374 0.226376 0.340493 0.23611 0.345296 0.237646 0.329336 0.228681 0.354445 0.239601 0.332622 0.240079 0.335643 0.186675 0.337748 0.182896 0.326631 0.221622 0.371523 0.279659 0.369664 0.286456 0.365613 0.298506 0.357102 0.288414 0.365017 0.300569 0.370633 0.306568 0.329408 0.194044 0.326848 0.207935 0.326505 0.210507 0.326263 0.21728 0.370592 0.253576 0.3762 0.261201 0.328368 0.232873 0.345179 0.241983 0.363662 0.23957 0.369968 0.247654 0.357058 0.290836 0.32309 0.222188 0.336306 0.18195 0.353936 0.297106 0.365994 0.310496 0.345896 0.253389 0.354709 0.247295 0.36347 0.247479 0.359327 0.251042 0.367679 0.258862 0.35885 0.275786 0.361675 0.270589 0.326934 0.193732 0.324823 0.203874 0.329719 0.244055 0.332159 0.251015 0.334877 0.249587 0.333821 0.186912 0.331738 0.187242 0.351697 0.284498 0.352326 0.28142 0.326379 0.238124 0.370684 0.31486 0.34852 0.275428 0.349004 0.280862 0.323597 0.232491 0.334153 0.257562 0.336574 0.258013 0.352435 0.251715 0.321876 0.214479 0.360575 0.256537 0.34894 0.259164 0.341568 0.26108 0.368277 0.267824 0.358453 0.26762 0.353394 0.270656 0.353995 0.263271 0.337819 0.262241 0.335507 0.261846 0.341823 0.271093 0.334961 0.184039 0.336386 0.263755 0.353737 0.288665 0.320031 0.217423 0.345514 0.277917 0.34987 0.286487 0.332996 0.187305 0.338377 0.267681 0.343872 0.274698 0.326136 0.197503 0.323216 0.210911 0.335314 0.264327 0.333268 0.25976 0.347874 0.283466 0.334132 0.266315 0.329505 0.256233 0.337458 0.180905 0.339286 0.270242 0.371779 0.320229 0.328348 0.188809 0.315219 0.238716 0.342424 0.278883 0.346867 0.281059 0.345375 0.279911 0.33753 0.273701 0.324946 0.200616 0.249254 0.275022 0.24627 0.268907 0.24866 0.267198 0.254979 0.268246 0.254166 0.271965 0.3198 0.225558 0.314352 0.243347 0.345799 0.281697 0.324935 0.19861 0.344883 0.284527 0.349436 0.291751 0.331665 0.18161 0.333011 0.179487 0.256517 0.263986 0.253127 0.276077 0.325473 0.255739 0.336142 0.177548 0.334818 0.269943 0.359622 0.305615 0.351791 0.300251 0.32159 0.206896 0.259181 0.265736 0.246187 0.278401 0.260552 0.273535 0.25697 0.277015 0.320872 0.247322 0.340542 0.28307 0.307024 0.240829 0.326828 0.261683 0.331617 0.262536 0.363539 0.313679 0.363783 0.320939 0.31759 0.217527 0.321866 0.202186 0.240582 0.262169 0.248955 0.260479 0.237653 0.269993 0.323384 0.197974 0.325376 0.259197 0.331993 0.264792 0.337352 0.276106 0.359091 0.312725 0.328982 0.183671 0.326738 0.189217 0.322891 0.200189 0.23903 0.275192 0.264436 0.267012 0.268904 0.265008 0.315124 0.224733 0.342925 0.286014 0.342233 0.28422 0.305499 0.245569 0.296603 0.24663 0.317049 0.249216 0.331199 0.270229 0.345577 0.292494 0.319754 0.209473 0.260457 0.25815 0.250294 0.282774 0.292561 0.249609 0.298892 0.25156 0.318502 0.208932 0.318075 0.211474 0.334737 0.176844 0.326344 0.186957 0.275306 0.259822 0.276884 0.253116 0.284036 0.252447 0.254583 0.284576 0.32397 0.190574 0.313849 0.220801 0.320189 0.256282 0.333493 0.272649 0.348041 0.298711 0.353119 0.30866 0.288828 0.250642 0.340485 0.287764 0.260217 0.25229 0.280524 0.261888 0.287254 0.255792 0.237292 0.282648 0.238969 0.291121 0.243898 0.29072 0.271162 0.270269 0.261428 0.282425 0.322873 0.194127 0.321284 0.197726 0.318396 0.206284 0.3063 0.228672 0.289359 0.243458 0.308197 0.25569 0.313071 0.258852 0.330204 0.265254 0.330397 0.266908 0.321493 0.198855 0.317261 0.208638 0.15177 0.0323681 0.159929 0.0170029 0.155758 0.0422503 0.198486 0.0329955 0.191961 0.00438392 0.199664 0.0200431 0.247318 0.256926 0.204014 0.0398883 0.209075 0.0716436 0.268456 0.247262 0.260614 0.24788 0.225077 0.0707013 0.278936 0.247377 0.185663 0.0455498 0.159646 0.0712878 0.222306 0.0497712 0.265706 0.279909 0.23998 0.0579264 0.245575 0.0723175 0.294141 0.238217 0.295135 0.256381 0.300972 0.262431 0.328488 0.269899 0.333514 0.277016 0.322296 0.195949 0.146769 0.0498498 0.319468 0.201753 0.163846 0.206663 0.157251 0.198035 0.16106 0.200063 0.14857 0.027668 0.153576 0.0524531 0.17499 0.244398 0.17175 0.233309 0.176052 0.23871 0.232565 0.266181 0.23648 0.25994 0.206664 0.0370328 0.251595 0.247304 0.225149 0.0426053 0.157043 0.0610738 0.15253 0.0717157 0.148511 0.0817821 0.145906 0.0995091 0.144153 0.119272 0.145206 0.106396 0.15586 0.116978 0.143915 0.137132 0.159085 0.153179 0.231688 0.296227 0.170315 0.098603 0.14649 0.149771 0.159963 0.16505 0.150415 0.172717 0.154133 0.179611 0.353296 0.318047 0.153357 0.184338 0.167616 0.195999 0.167036 0.213571 0.203406 0.0111577 0.188688 0.202886 0.205156 0.183605 0.2049 0.205215 0.198019 0.211994 0.168323 0.227609 0.173591 0.229087 0.179727 0.218735 0.191888 0.215031 0.180616 0.230487 0.330677 0.179629 0.278349 0.216663 0.254128 0.230672 0.258306 0.218707 0.195052 0.0756126 0.211758 0.0856162 0.201181 0.0966582 0.184903 0.109037 0.22503 0.101562 0.214006 0.115008 0.168427 0.125911 0.188507 0.133022 0.21529 0.134251 0.251721 0.0904349 0.266286 0.0902413 0.251547 0.11033 0.238583 0.135488 0.258923 0.128541 0.279299 0.119297 0.181911 0.152722 0.176325 0.172013 0.200954 0.158779 0.194002 0.176731 0.221099 0.157627 0.239399 0.152249 0.228091 0.169039 0.241965 0.170034 0.243958 0.183574 0.224425 0.183345 0.23307 0.193676 0.263857 0.177159 0.255243 0.189991 0.244554 0.197041 0.241283 0.223934 0.238919 0.21568 0.24986 0.214931 0.269299 0.211129 0.32015 0.201153 0.140904 0.125439 0.317704 0.198663 0.319299 0.199969 0.13723 0.139605 0.141867 0.143729 0.177473 0.247373 0.155692 0.206237 0.345676 0.302864 0.345886 0.299274 0.31831 0.193466 0.241359 0.206797 0.232213 0.244253 0.236347 0.224349 0.237214 0.234534 0.225513 0.256647 0.271868 0.237586 0.330728 0.177743 0.276793 0.268912 0.326055 0.183843 0.320966 0.188716 0.288294 0.267956 0.224428 0.29497 0.227464 0.272797 0.319225 0.197109 0.309084 0.195531 0.29143 0.195068 0.299474 0.190997 0.233577 0.301905 0.228562 0.306987 0.241805 0.298237 0.240573 0.307801 0.304793 0.200546 0.235853 0.30869 0.307482 0.206562 0.300754 0.208752 0.205898 0.0249447 0.294839 0.205616 0.298082 0.213017 0.306914 0.215056 0.297244 0.222102 0.313711 0.216937 0.312436 0.21041 0.213179 0.0351256 0.324105 0.268754 0.325517 0.272318 0.338785 0.288386 0.351679 0.312571 0.283252 0.122881 0.285026 0.108418 0.282891 0.129913 0.28002 0.146311 0.287002 0.140398 0.142935 0.154401 0.14873 0.178939 0.164342 0.217818 0.193138 0.227008 0.197316 0.219581 0.20249 0.217668 0.188599 0.227397 0.271383 0.162665 0.277859 0.159504 0.279378 0.171361 0.279861 0.189562 0.29222 0.185101 0.214108 0.197381 0.224117 0.196326 0.220029 0.199266 0.210347 0.209611 0.221521 0.205217 0.170801 0.247959 0.343976 0.300523 0.131123 0.124586 0.237389 0.202478 0.188583 0.312399 0.186277 0.307165 0.191475 0.302241 0.233167 0.214649 0.227551 0.24053 0.202149 0.315221 0.210201 0.322024 0.207044 0.324441 0.21331 0.315549 0.219977 0.277295 0.248407 0.298581 0.263144 0.285553 0.220241 0.30377 0.289817 0.180292 0.300904 0.187332 0.271058 0.273915 0.307828 0.189148 0.271806 0.28278 0.322939 0.183145 0.316457 0.189541 0.248527 0.319702 0.255332 0.330682 0.251939 0.315791 0.26059 0.333522 0.262977 0.317037 0.266757 0.333454 0.280146 0.33459 0.26903 0.32168 0.262322 0.341276 0.144663 0.06071 0.139964 0.0701604 0.296338 0.269176 0.32995 0.275932 0.285117 0.126856 0.282554 0.149163 0.139207 0.173972 0.282463 0.162078 0.281717 0.169623 0.284218 0.180182 0.177674 0.254725 0.180932 0.264207 0.192878 0.250802 0.178267 0.270151 0.185373 0.280223 0.185714 0.28973 0.285738 0.231879 0.287942 0.212145 0.272236 0.301361 0.287769 0.272798 0.256623 0.148672 0.305144 0.26911 0.31534 0.270393 0.204723 0.277475 0.206066 0.304068 0.324765 0.181122 0.212427 0.020143 0.327875 0.177808 0.221272 0.308296 0.239386 0.315701 0.291621 0.278913 0.282926 0.281678 0.284337 0.289362 0.249634 0.326521 0.253954 0.336907 0.283137 0.301529 0.274423 0.313309 0.282604 0.32593 0.297808 0.322244 0.299242 0.336793 0.214242 0.0287886 0.29906 0.278843 0.323294 0.276076 0.33948 0.292629 0.147634 0.1887 0.160065 0.229861 0.284714 0.15526 0.286085 0.167443 0.332415 0.17478 0.311831 0.18458 0.318937 0.185578 0.303189 0.183616 0.176994 0.277335 0.180639 0.294177 0.183005 0.305063 0.182736 0.311263 0.310898 0.182381 0.322351 0.18047 0.224003 0.312915 0.309262 0.289147 0.305662 0.276549 0.316397 0.286676 0.333877 0.286692 0.135296 0.0348415 0.305466 0.307128 0.314701 0.306654 0.315962 0.312202 0.308073 0.315223 0.304892 0.323983 0.13038 0.0936999 0.337224 0.29541 0.295109 0.141215 0.286321 0.147563 0.154673 0.212403 0.164825 0.239133 0.28901 0.175496 0.291915 0.178853 0.328667 0.170927 0.332681 0.170475 0.299144 0.183903 0.171649 0.269075 0.219979 0.314989 0.21056 0.234175 0.21622 0.263503 0.296491 0.294488 0.284741 0.315985 0.222834 0.217034 0.313327 0.325949 0.31583 0.276453 0.316152 0.183487 0.171513 0.285474 0.214765 0.325601 0.243125 0.322635 0.217211 0.0133257 0.323877 0.285205 0.324048 0.280122 0.326754 0.294522 0.331182 0.279587 0.34211 0.30662 0.347248 0.315644 0.325679 0.317744 0.341506 0.314228 0.344012 0.321639 0.136864 0 0.13499 0.0582811 0.292561 0.117972 0.293446 0.13034 0.320539 0.182164 0.172617 0.303163 0.228242 0.317004 0.244827 0.327736 0.332233 0.310947 0.352928 0.326946 0.125706 0.101421 0.128294 0.174257 0.146041 0.196145 0.326046 0.174788 0.166811 0.25451 0.328103 0.30292 0.324845 0.329356 0.331145 0.332857 0.12612 0.157074 0.135212 0.187728 0.152573 0.222201 0.166856 0.268101 0.322227 0.176889 0.23689 0.323793 0.126703 0.0428938 0.132074 0.0695306 0.124134 0.138076 0.143879 0.212178 0.155838 0.239268 0.291715 0.162081 0.177412 0.316224 0.318296 0.17985 0.298095 0.175671 0.237762 0.331454 0.122926 0.0843171 0.128155 0.0149319 0.219049 0.325773 0.224623 0.321398 0.300061 0.140369 0.293387 0.153165 0.293894 0.172673 0.304113 0.180272 0.15652 0.248736 0.060457 0.0493213 0.0673441 0.059249 0.0603247 0.0705561 0.159097 0.2725 0.121441 0.0667593 0.222174 0.025324 0.115005 0.123157 0.216711 0.333278 0.150802 0.228228 0.324947 0.170506 0.317907 0.177684 0.299567 0.121517 0.0518533 0.0420506 0.160516 0.299144 0.0642426 0.102789 0.0701902 0.0734804 0.0673282 0.112913 0.0627506 0.122749 0.0727665 0.126447 0.296386 0.148972 0.13687 0.197961 0.328263 0.164733 0.314246 0.178488 0.0495102 0.122922 0.0868141 0.0562558 0.120418 0.0357887 0.166483 0.30407 0.161561 0.313943 0.0803655 0.116584 0.230424 0.323105 0.109833 0.115756 0.0671361 0.138182 0.305181 0.138202 0.117972 0.144362 0.320857 0.17243 0.300455 0.173403 0.308228 0.178349 0.0559702 0.144274 0.113579 0.0885575 0.293982 0.166139 0.231363 0.329632 0.322437 0.162696 0.32154 0.166739 0.304941 0.175452 0.316096 0.178538 0.317701 0.174723 0.114386 0.0374302 0.0812113 0.0821465 0.108712 0.0688484 0.309051 0.121943 0.0755548 0.15168 0.0679001 0.155601 0.117839 0.167886 0.145051 0.235124 0.293131 0.159463 0.296731 0.168703 0.298663 0.169863 0.0406606 0.075559 0.299035 0.147304 0.0855681 0.147779 0.121643 0.187744 0.134095 0.212136 0.149337 0.255991 0.296293 0.162481 0.319199 0.167454 0.316377 0.177109 0.101676 0.119369 0.103336 0.104237 0.106692 0.147024 0.0734911 0.182669 0.111485 0.15893 0.316979 0.168615 0.314049 0.173601 0.1013 0.0641682 0.0267917 0.041829 0.0864285 0.116644 0.0947259 0.0653601 0.0957831 0.120888 0.300695 0.156512 0.30946 0.145479 0.0876881 0.162613 0.0796248 0.191179 0.148576 0.273929 0.151558 0.288027 0.324996 0.158858 0.31227 0.17557 0.0596051 0.171732 0.138446 0.229683 0.300099 0.167399 0.302506 0.163598 0.318934 0.145234 0.314379 0.149065 0.315553 0.171557 0.309874 0.175749 0.307045 0.173711 0.0216097 0.0748186 0.0936644 0.141488 0.0382964 0.123904 0.152049 0.301629 0.306141 0.149137 0.0990674 0.151853 0.0439956 0.153531 0.11718 0.187821 0.141306 0.249497 0.303874 0.159956 0.320671 0.157072 0.113084 0.187438 0.0758938 0.194454 0.0726151 0.197825 0.31847 0.162364 0.30604 0.16395 0.313014 0.169271 0.30132 0.170746 0.307085 0.156231 0.0809046 0.217639 0.0841129 0.241974 0.142075 0.262446 0.309765 0.156176 0.317219 0.154013 0.139495 0.306445 0.148785 0.312875 0.307909 0.160425 0.305067 0.16714 0.313636 0.165634 0.304457 0.170749 0.310662 0.172891 0.310196 0.174263 0.0865883 0.218994 0.0880683 0.234956 0.123128 0.20975 0.0911508 0.255845 0.0979029 0.252908 0.0945857 0.264534 0.0694148 0.213558 0.132743 0.228275 0.104067 0.268993 0.0955767 0.267596 0.316474 0.158589 0.314798 0.161398 0.308084 0.16765 0.310113 0.1693 0.0954733 0.169943 0.10072 0.170171 0.106894 0.191363 0.0910599 0.197273 0.050908 0.172037 0.139629 0.286711 0.0981203 0.237573 0.0867472 0.27465 0.130102 0.248643 0.313096 0.159604 0.119928 0.216081 0.0771582 0.246862 0.0824224 0.265184 0.0706345 0.225523 0.128722 0.24034 0.108774 0.276497 0.119035 0.275672 0.308692 0.16949 0.0840408 0.282664 0.0374317 0.162781 0.0522387 0.209806 0.099796 0.205414 0.0472658 0.215894 0.0580958 0.203956 0.136181 0.266194 0.132512 0.275849 0.117359 0.306413 0.311108 0.163111 0.311203 0.164802 0.066446 0.292617 0.0728151 0.298074 0.109702 0.258949 0.074411 0.271064 0.124871 0.252909 0.0590524 0.294115 0.0626228 0.267314 0.117649 0.25481 0.105594 0.289576 0.0952588 0.292435 0.122625 0.285184 0.127268 0.319887 0.0970531 0.218975 0.108132 0.219387 0.114069 0.219348 0.108531 0.239171 0.0516517 0.234303 0.0467018 0.271615 0.0517452 0.26114 0.0622275 0.230406 0.103435 0.315763 0.0382338 0.245367 0.0700474 0.250673 0.118037 0.238409 0 0.00274102 0.530914 0.254792 0.513564 0.266047 0.516878 0.25419 0.500893 0.275498 0.497361 0.251357 0.50544 0.229501 0.522285 0.238971 0.47868 0.240256 0.469691 0.258265 0.469191 0.245777 0.684061 0.202708 0.707242 0.204399 0.680674 0.211416 0.670919 0.188695 0.66169 0.174626 0.674394 0.17311 0.645935 0.170672 0.659018 0.168931 0.644284 0.17793 0.683735 0.17458 0.682277 0.183927 0.629767 0.155583 0.632824 0.160306 0.628956 0.158449 0.625636 0.139568 0.625358 0.139004 0.625635 0.139225 0.678345 0.16997 0.741412 0.197865 0.70814 0.189413 0.711734 0.186725 0.670203 0.16755 0.626457 0.1553 0.695542 0.190632 0.69595 0.180405 0.626642 0.140016 0.624778 0.139843 0.624465 0.139119 0.626972 0.15292 0.63491 0.153062 0.631917 0.147306 0.634912 0.14767 0.629645 0.145519 0.630498 0.143753 0.626431 0.142988 0.62475 0.140845 0.628153 0.149881 0.631746 0.151913 0.623003 0.14638 0.623369 0.142649 0.621339 0.142911 0.622776 0.144466 0.622924 0.140297 0.510434 0.281146 0.530884 0.278934 0.543722 0.234696 0.532102 0.229806 0.538188 0.222002 0.534497 0.24082 0.518217 0.222548 0.502231 0.222401 0.511232 0.209565 0.525358 0.206802 0.508406 0.195023 0.484211 0.224957 0.474662 0.272092 0.453888 0.259449 0.455893 0.249077 0.469038 0.224598 0.490716 0.191798 0.695229 0.214729 0.694315 0.22411 0.688688 0.229515 0.67229 0.198607 0.672539 0.215415 0.663527 0.165071 0.659522 0.160519 0.656068 0.159349 0.651147 0.16274 0.650395 0.155873 0.640603 0.151475 0.660709 0.191815 0.66599 0.199298 0.64474 0.16042 0.641174 0.168905 0.635825 0.172414 0.639147 0.166965 0.636991 0.164521 0.630275 0.16358 0.63447 0.178498 0.628426 0.172815 0.533831 0.298419 0.489741 0.265013 0.486401 0.291867 0.49441 0.213849 0.460841 0.221668 0.645522 0.154212 0.644471 0.151595 0.620776 0.140728 0.622199 0.138883 0.658236 0.202273 0.646715 0.185076 0.66133 0.217285 0.650675 0.197197 0.638027 0.199836 0.649189 0.210328 0.640269 0.190868 0.547832 0.261394 0.541297 0.256759 0.543876 0.245603 0.541255 0.272109 0.629989 0.189043 0.634086 0.18583 0.643806 0.16361 0.546129 0.217167 0.536264 0.21016 0.640713 0.15613 0.641698 0.163048 0.640236 0.160772 0.526034 0.200452 0.518113 0.192878 0.622885 0.181722 0.620875 0.178982 0.617579 0.176923 0.623116 0.168994 0.51205 0.181702 0.503071 0.18032 0.620467 0.163576 0.620849 0.160457 0.492657 0.203666 0.477744 0.208604 0.474678 0.200752 0.49001 0.172505 0.458068 0.205588 0.463624 0.189947 0.627477 0.257524 0.611566 0.265195 0.617526 0.256569 0.601121 0.271383 0.583577 0.264256 0.59163 0.256733 0.572993 0.252544 0.570043 0.26608 0.556656 0.2414 0.63546 0.146454 0.627598 0.141091 0.626154 0.139154 0.624743 0.15383 0.619559 0.151133 0.620151 0.14692 0.618017 0.155521 0.611516 0.150567 0.618948 0.144822 0.616843 0.147287 0.618318 0.142838 0.61898 0.140579 0.617865 0.140278 0.550522 0.279081 0.7325 0.185898 0.666572 0.230909 0.663916 0.163074 0.619327 0.138637 0.696454 0.172672 0.709276 0.180675 0.595074 0.134192 0.595434 0.133345 0.59552 0.134862 0.616157 0.139255 0.613989 0.140245 0.607895 0.138375 0.605775 0.136279 0.609027 0.135043 0.638501 0.208189 0.560044 0.226725 0.545271 0.227414 0.626041 0.20071 0.553666 0.217376 0.61347 0.169216 0.615771 0.160914 0.549459 0.175307 0.549771 0.183628 0.543587 0.19229 0.648626 0.250813 0.642656 0.238737 0.655977 0.238651 0.635397 0.248032 0.541169 0.175682 0.53613 0.189541 0.652081 0.222597 0.545577 0.162639 0.525974 0.180591 0.526482 0.16995 0.534082 0.161022 0.629668 0.237014 0.615803 0.238022 0.51571 0.164259 0.606023 0.242628 0.503685 0.16654 0.501163 0.158866 0.563096 0.277997 0.568596 0.282646 0.457925 0.190744 0.474115 0.173946 0.485938 0.162299 0.4675 0.170864 0.452148 0.178848 0.62251 0.192588 0.608844 0.199938 0.457508 0.166175 0.627977 0.214081 0.622765 0.226407 0.607483 0.228289 0.672681 0.163277 0.598759 0.231797 0.602594 0.214546 0.661329 0.157272 0.60013 0.205188 0.611494 0.182749 0.558026 0.170453 0.610554 0.195258 0.597475 0.196425 0.593119 0.210278 0.544775 0.154186 0.538262 0.152047 0.528007 0.160459 0.525494 0.147965 0.586771 0.236567 0.593333 0.228525 0.581489 0.218622 0.508461 0.158724 0.469175 0.15833 0.476695 0.155892 0.57272 0.224038 0.579212 0.207032 0.457205 0.14808 0.570137 0.239099 0.565529 0.231327 0.568834 0.216765 0.576283 0.211879 0.588964 0.195526 0.571677 0.199905 0.572727 0.208462 0.557003 0.196586 0.557543 0.185464 0.566656 0.186994 0.559144 0.179127 0.630493 0.142557 0.624984 0.13848 0.609977 0.148015 0.61476 0.142548 0.602574 0.155135 0.609636 0.144302 0.605058 0.14602 0.594424 0.133382 0.563606 0.158908 0.571778 0.163765 0.555766 0.157178 0.554761 0.289483 0.545367 0.291555 0.537032 0.1982 0.611197 0.139933 0.606081 0.141674 0.656875 0.156014 0.596049 0.132608 0.594396 0.133505 0.612501 0.137392 0.610732 0.137094 0.648398 0.150929 0.61326 0.135834 0.620837 0.138075 0.599056 0.134155 0.59993 0.136837 0.584241 0.185343 0.588958 0.175217 0.594678 0.182462 0.496799 0.150224 0.580387 0.178448 0.489428 0.145409 0.58113 0.168132 0.590021 0.169151 0.481528 0.148714 0.574288 0.188199 0.575743 0.181289 0.575283 0.174377 0.564362 0.173817 0.494733 0.111746 0.486774 0.124836 0.476188 0.116751 0.554634 0.201597 0.464461 0.138336 0.488181 0.13216 0.474597 0.140222 0.477474 0.100564 0.471413 0.108911 0.461653 0.100732 0.638752 0.146343 0.635909 0.143259 0.628497 0.139406 0.623218 0.138035 0.615755 0.137855 0.61216 0.157207 0.652927 0.150971 0.606896 0.158307 0.642262 0.148032 0.606247 0.167608 0.603847 0.150625 0.638763 0.220501 0.59919 0.160123 0.593876 0.160249 0.597893 0.169689 0.588113 0.161391 0.585687 0.150449 0.5842 0.157631 0.59696 0.148628 0.596537 0.156176 0.599705 0.142952 0.597581 0.139722 0.591708 0.144234 0.603545 0.135255 0.60039 0.13313 0.616316 0.190435 0.60871 0.188001 0.579043 0.160614 0.57521 0.159616 0.576832 0.151007 0.610846 0.174614 0.569524 0.152408 0.600441 0.176317 0.580144 0.14695 0.558871 0.145264 0.548905 0.148772 0.54893 0.142593 0.533487 0.14368 0.54093 0.131739 0.551868 0.128782 0.532246 0.131651 0.541369 0.124256 0.518479 0.153845 0.512963 0.150776 0.594152 0.133483 0.59066 0.137572 0.504028 0.141609 0.617959 0.136477 0.604792 0.133934 0.594117 0.132493 0.716382 0.171631 0.573627 0.151823 0.584257 0.141614 0.50119 0.13407 0.571964 0.14223 0.584348 0.138904 0.502708 0.121322 0.566316 0.14359 0.572042 0.138243 0.556293 0.141117 0.496881 0.100454 0.476388 0.092979 0.466803 0.0878716 0.534771 0.121301 0.525122 0.137096 0.516658 0.136829 0.52028 0.127157 0.51377 0.113518 0.529972 0.122524 0.598096 0.130639 0.580129 0.13389 0.569011 0.133948 0.562909 0.133135 0.56323 0.125762 0.555034 0.123217 0.548059 0.119852 0.65844 0.151555 0.526243 0.111597 0.511586 0.10454 0.645523 0.14706 0.622752 0.137423 0.474183 0.0806962 0.5909 0.135509 0.593649 0.134177 0.602004 0.130256 0.574858 0.127811 0.570264 0.128455 0.593446 0.130721 0.500965 0.0967155 0.488808 0.0871589 0.705657 0.161556 0.676239 0.15825 0.66514 0.152989 0.630486 0.13973 0.609535 0.133121 0.733721 0.173142 0.591061 0.13215 0.53024 0.108732 0.526699 0.104738 0.515983 0.100259 0.564065 0.121158 0.542661 0.113273 0.538359 0.112073 0.697849 0.16627 0.652587 0.147222 0.642325 0.145134 0.626045 0.137837 0.625426 0.137681 0.624406 0.136993 0.617005 0.132524 0.613941 0.132346 0.607012 0.131582 0.597101 0.127845 0.585705 0.133515 0.686782 0.16063 0.627131 0.138384 0.620439 0.136263 0.530922 0.102509 0.592856 0.12823 0.58878 0.127369 0.582221 0.125318 0.57919 0.126084 0.649824 0.144461 0.645034 0.141711 0.48625 0.0803374 0.545073 0.108108 0.628734 0.138141 0.620329 0.133817 0.512074 0.0864555 0.696245 0.156139 0.686934 0.153009 0.673717 0.147809 0.63965 0.141723 0.625762 0.137373 0.468152 0.0754497 0.520558 0.095789 0.584978 0.120266 0.577876 0.1205 0.626829 0.137687 0.623371 0.136004 0.612521 0.128731 0.592436 0.122732 0.568931 0.120762 0.558847 0.113739 0.537706 0.0944798 0.629939 0.138409 0.627226 0.13733 0.622691 0.134982 0.608401 0.127342 0.563549 0.112101 0.546303 0.101486 0.491104 0.074172 0.502561 0.0770688 0.485202 0.0663185 0.721658 0.152199 0.655959 0.142606 0.63344 0.138708 0.629843 0.137873 0.628895 0.137409 0.684613 0.148239 0.659863 0.140046 0.626186 0.136615 0.616418 0.130717 0.60413 0.125672 0.596645 0.123958 0.736565 0.158462 0.707331 0.154528 0.569285 0.111729 0.637344 0.138822 0.574631 0.11336 0.665575 0.141041 0.559998 0.106364 0.648816 0.140802 0.640379 0.138863 0.523961 0.0855784 0.629503 0.136738 0.625555 0.136446 0.621799 0.133333 0.52048 0.0819837 0.616093 0.126253 0.601224 0.123101 0.702393 0.147668 0.550246 0.0986086 0.644915 0.111785 0.64646 0.108692 0.650681 0.117027 0.641348 0.106436 0.632551 0.137148 0.625386 0.135746 0.619942 0.131843 0.622173 0.128174 0.485826 0.058777 0.632716 0.115678 0.631988 0.117029 0.630795 0.113532 0.62891 0.114164 0.629478 0.112474 0.51126 0.0710656 0.611224 0.124226 0.607744 0.125063 0.594291 0.120576 0.590698 0.118753 0.743935 0.15093 0.693 0.140367 0.643928 0.135239 0.667662 0.103457 0.6677 0.100037 0.671049 0.103717 0.663576 0.104491 0.655234 0.106945 0.651521 0.113333 0.652167 0.116628 0.660776 0.107407 0.497188 0.0656724 0.647064 0.117133 0.644148 0.113507 0.648078 0.102011 0.656113 0.101239 0.669583 0.0939177 0.664762 0.08857 0.664652 0.0849878 0.668065 0.0971499 0.651791 0.0825795 0.658847 0.0787908 0.663108 0.079985 0.651919 0.0719152 0.653877 0.0983814 0.658912 0.0942606 0.65062 0.0914402 0.640688 0.102339 0.647928 0.0848716 0.645043 0.073729 0.6428 0.0763742 0.636824 0.135474 0.630558 0.13607 0.62454 0.12374 0.624581 0.128184 0.626083 0.12776 0.621845 0.123767 0.62356 0.131794 0.616899 0.121969 0.620268 0.121431 0.615055 0.124612 0.61247 0.114831 0.611808 0.113887 0.612558 0.114732 0.628137 0.117576 0.630114 0.110106 0.626203 0.106076 0.625154 0.108026 0.672866 0.100936 0.643571 0.10018 0.640386 0.0997153 0.639141 0.100759 0.637868 0.0973839 0.639981 0.0980707 0.636224 0.0484974 0.639203 0.0442462 0.642194 0.0510186 0.647412 0.0622741 0.639335 0.0598233 0.642935 0.0572761 0.672743 0.103561 0.633256 0.112898 0.623551 0.105352 0.600381 0.117989 0.584793 0.112658 0.576244 0.108143 0.664361 0.0287216 0.66122 0.0298307 0.664389 0.0259332 0.65701 0.0257949 0.657559 0.0297027 0.653325 0.032749 0.644734 0.0320344 0.645189 0.0265679 0.636237 0.0337781 0.641589 0.0369198 0.635657 0.017722 0.632049 0.0378529 0.625096 0.0211853 0.656289 0.138461 0.651176 0.138841 0.655182 0.112391 0.664434 0.107925 0.641967 0.115898 0.66712 0.0836581 0.67464 0.0953646 0.660852 0.0761 0.646981 0.0965424 0.647448 0.0889867 0.56191 0.100489 0.534429 0.0829667 0.655721 0.0698309 0.651503 0.0629562 0.642157 0.0687239 0.640687 0.0710445 0.628309 0.135631 0.633541 0.119428 0.631446 0.119579 0.626302 0.123201 0.620023 0.117165 0.613832 0.118395 0.651435 0.0205869 0.643521 0.0128211 0.612519 0.114446 0.612612 0.114569 0.612641 0.115729 0.66389 0.0307526 0.623324 0.11906 0.632331 0.109446 0.635494 0.100286 0.610596 0.113192 0.647783 0.060576 0.644874 0.0496429 0.526214 0.0738985 0.515191 0.0610627 0.736555 0.142785 0.711555 0.147525 0.669525 0.107588 0.652082 0.123128 0.666939 0.0791385 0.637773 0.110353 0.642838 0.0980223 0.660281 0.0712067 0.634509 0.0595044 0.633711 0.0502813 0.627426 0.135844 0.626263 0.135922 0.627332 0.127642 0.624543 0.134821 0.625087 0.132909 0.624296 0.133946 0.617239 0.116039 0.611934 0.121912 0.60489 0.118297 0.670342 0.0256356 0.656478 0.0330623 0.647833 0.0379889 0.6451 0.0465724 0.627851 0.0360312 0.622492 0.023639 0.617115 0.0141081 0.615536 0.00435941 0.612389 0.113579 0.609781 0.111225 0.652637 0.0620494 0.65627 0.0662974 0.611746 0.118968 0.637286 0.117901 0.54326 0.0870477 0.499699 0.0550268 0.50382 0.0439886 0.679298 0.140497 0.490354 0.0377069 0.649168 0.134415 0.640546 0.136132 0.476137 0.0388655 0.65758 0.116458 0.655282 0.121417 0.646636 0.123106 0.639458 0.078058 0.633303 0.135464 0.629218 0.135264 0.626885 0.130755 0.608649 0.12029 0.596004 0.113535 0.669334 0.0298758 0.659719 0.032855 0.651066 0.057332 0.648744 0.0575573 0.649297 0.0549086 0.647545 0.0432195 0.637813 0.0920848 0.635844 0.0964923 0.613368 0.112619 0.634139 0.121227 0.677121 0.103622 0.67698 0.0995062 0.66547 0.0707766 0.64355 0.0958788 0.653127 0.0567884 0.632204 0.0677707 0.638314 0.133627 0.625522 0.119501 0.622605 0.110164 0.586765 0.107967 0.652989 0.0375158 0.64983 0.040807 0.523876 0.0641099 0.616102 0.112826 0.651949 0.0603493 0.621683 0.103305 0.62384 0.103417 0.506655 0.034986 0.618498 0.0982046 0.623969 0.10155 0.625651 0.134647 0.654381 0.132634 0.641105 0.133727 0.662843 0.113598 0.668077 0.113893 0.643411 0.121988 0.639155 0.1161 0.672586 0.0831678 0.635893 0.105325 0.641364 0.0913145 0.639457 0.0856556 0.633146 0.134457 0.631134 0.122731 0.628767 0.123506 0.629584 0.129064 0.628341 0.1209 0.622444 0.114618 0.626389 0.135126 0.633023 0.105612 0.630024 0.106477 0.60763 0.113781 0.674136 0.0321817 0.672067 0.0306112 0.671808 0.0288423 0.621397 0.0406477 0.617613 0.0268467 0.570037 0.0995957 0.535271 0.0603223 0.701996 0.138127 0.617679 0.10498 0.652782 0.0533159 0.622374 0.0982844 0.625164 0.134085 0.649842 0.0463352 0.720014 0.136325 0.735806 0.133976 0.662919 0.136983 0.655618 0.125858 0.661077 0.119505 0.649618 0.052671 0.626753 0.0517716 0.608511 0.117965 0.612213 0.110095 0.666828 0.0322987 0.661112 0.0386707 0.657134 0.0387932 0.653323 0.0447615 0.545323 0.0833257 0.54784 0.0725719 0.51241 0.0428412 0.625998 0.133263 0.633425 0.0905666 0.632943 0.0975324 0.619176 0.110794 0.668277 0.136456 0.676815 0.109157 0.648808 0.129119 0.643112 0.132925 0.641109 0.123063 0.679883 0.0926947 0.671355 0.0755244 0.663133 0.0654179 0.63389 0.132839 0.631318 0.13406 0.628366 0.13372 0.627326 0.134396 0.638077 0.123376 0.632313 0.127155 0.604226 0.110546 0.575239 0.100765 0.5808 0.10392 0.608435 0.0196733 0.543613 0.0793176 0.710101 0.130978 0.617126 0.0973726 0.615966 0.0930242 0.626797 0.0984294 0.629464 0.101231 0.682446 0.137105 0.556764 0.0883476 0.687386 0.102227 0.662734 0.130042 0.658707 0.122866 0.64497 0.12729 0.641092 0.128324 0.631163 0.0991912 0.660899 0.0606484 0.624589 0.0603744 0.636944 0.130833 0.635226 0.131087 0.637234 0.127092 0.631308 0.130739 0.62834 0.131695 0.625023 0.0933909 0.616013 0.102127 0.611107 0.104916 0.606881 0.1076 0.672301 0.0336391 0.65449 0.0596631 0.606792 0.0103723 0.529581 0.0458226 0.529903 0.0337539 0.694996 0.135372 0.675056 0.133225 0.668629 0.125616 0.680507 0.119562 0.677587 0.125207 0.668982 0.121635 0.678429 0.115104 0.668891 0.117215 0.664233 0.121282 0.65905 0.125931 0.63357 0.0850031 0.629822 0.0931617 0.632754 0.129032 0.635321 0.127101 0.630943 0.128759 0.615988 0.108254 0.596231 0.106261 0.589998 0.102975 0.67021 0.0340769 0.655717 0.0419261 0.654499 0.0555851 0.613995 0.0956759 0.694854 0.116947 0.683916 0.12377 0.620616 0.0891165 0.599836 0.0997988 0.605542 0.10116 0.571997 0.091806 0.677038 0.0332205 0.663965 0.0378791 0.727155 0.129312 0.652442 0.0463674 0.719986 0.107103 0.732015 0.104065 0.716291 0.116614 0.713574 0.112555 0.743486 0.0922501 0.695413 0.131735 0.533898 0.0532441 0.675789 0.112591 0.675687 0.0792621 0.629547 0.0861056 0.625669 0.0695859 0.655938 0.0561839 0.610656 0.0888581 0.611992 0.0870229 0.598071 0.102506 0.674394 0.0354568 0.620781 0.0508341 0.599562 0.0119928 0.603093 0.0214021 0.734469 0.110939 0.705308 0.115389 0.704149 0.120726 0.56072 0.0787127 0.696069 0.107065 0.65443 0.0487193 0.628803 0.0796504 0.612647 0.0393679 0.612813 0.0818022 0.606662 0.0831198 0.669525 0.0664636 0.62628 0.0820253 0.624997 0.0857375 0.611035 0.0983761 0.589687 0.0932234 0.579085 0.0917897 0.739698 0.119712 0.547081 0.0603523 0.712079 0.106603 0.706266 0.106064 0.527589 0.0294031 0.523754 0.0221956 0.690018 0.106581 0.690432 0.0995593 0.684143 0.0935018 0.682451 0.0844896 0.671548 0.0713389 0.622903 0.0732734 0.606909 0.0949529 0.60471 0.0775455 0.598162 0.0809792 0.669591 0.036931 0.667266 0.0397777 0.713341 0.100282 0.678694 0.0362338 0.676167 0.0398449 0.737042 0.0895994 0.591803 0.0868661 0.660137 0.0412752 0.657353 0.0444543 0.689776 0.0939976 0.573597 0.084411 0.680373 0.0400205 0.679179 0.0432113 0.686145 0.0849349 0.676899 0.0710195 0.667429 0.0637473 0.621852 0.076678 0.620431 0.0818405 0.598678 0.0904662 0.721937 0.0846361 0.700791 0.0974524 0.712404 0.084502 0.708368 0.0856403 0.703158 0.0903447 0.603756 0.0353686 0.674455 0.0394101 0.545036 0.0530962 0.664295 0.0620837 0.658375 0.0539382 0.656829 0.0506668 0.617417 0.0612377 0.610548 0.0465306 0.593027 0.0189542 0.670933 0.0391445 0.656462 0.0454068 0.569411 0.00922588 0.579439 0.00600797 0.585805 0.0206707 0.580939 0 0.567993 0.077464 0.685893 0.0506791 0.682648 0.0497271 0.686041 0.0460688 0.682566 0.0452189 0.684013 0.0409192 0.68373 0.0739231 0.550728 0.0402925 0.544519 0.0250762 0.546377 0.0168994 0.677677 0.0632757 0.659876 0.0559217 0.612475 0.0778246 0.614442 0.0707093 0.614962 0.0658285 0.601435 0.0755214 0.584489 0.0876374 0.657787 0.0471538 0.602309 0.045858 0.565699 0.00307023 0.579446 0.0796543 0.560479 0.0676349 0.556964 0.0567441 0.538343 0.0160608 0.669853 0.0627083 0.663782 0.0580527 0.608113 0.070435 0.591756 0.07839 0.692249 0.0860612 0.698152 0.0780879 0.69142 0.0489284 0.601424 0.0518367 0.70435 0.0744613 0.69763 0.0723834 0.687123 0.069314 0.683192 0.0552167 0.574244 0.0694265 0.562011 0.0480366 0.557601 0.0152333 0.573437 0.0235173 0.676265 0.0608614 0.666973 0.0597243 0.608313 0.0658362 0.595852 0.0700242 0.661134 0.0430298 0.56239 0.0362643 0.560219 0.00537631 0.711702 0.0625116 0.680739 0.0582285 0.689862 0.0573801 0.659493 0.0515453 0.591658 0.0326076 0.5907 0.044612 0.588373 0.0538256 0.576781 0.0581606 0.723232 0.0737256 0.71655 0.067205 0.573576 0.0320397 0.70851 0.0567137 0.6657 0.0408128 0.663421 0.0421029 0.661163 0.0476171 0.661915 0.0449399 0.550112 0.00485117 0.5425 0.00745799 0.67996 0.0554294 0.676805 0.0458639 0.673974 0.0416722 0.668605 0.0587892 0.660894 0.0545753 0.668591 0.0410193 0.571948 0.0467379 0.671103 0.041229 0.678816 0.0497921 0.673589 0.0576584 0.666936 0.0577856 0.664349 0.0543632 0.661606 0.0513914 0.666469 0.0423512 0.677324 0.0534748 0.67634 0.055916 0.66434 0.0436615 0.670332 0.0428852 0.676162 0.0496516 0.668883 0.0556532 0.664339 0.0517235 0.673744 0.0463334 0.672662 0.0565362 0.668718 0.0573803 0.675573 0.0547028 0.673911 0.0527362 0.670962 0.0448125 0.667675 0.0539562 0.666605 0.0516736 0.663409 0.048365 0.672639 0.0526393 0.669645 0.0540861 0.667325 0.0442903 0.664176 0.0464413 0.663795 0.0475468 0.673078 0.0497928 0.669089 0.0438972 0.665696 0.0461801 0.665038 0.0491467 0.667303 0.0498062 0.669361 0.051198 0.665031 0.0477033 0.671701 0.0509672 0.670073 0.0458238 0.671024 0.0496664 0.668437 0.0518157 0.666542 0.0475862 0.667771 0.0465627 0.670987 0.0478508 0.666699 0.0466155 0.667059 0.0492693 0.670326 0.0502115 0.669856 0.0484259 0.669921 0.0470675 0.669032 0.0471679 0.667178 0.0485528 0.66773 0.0471352 0.667717 0.0481503 0.669083 0.0505876 0.668781 0.048566 0.668055 0.0490926 0.668883 0.0476625 0.473714 0.868344 0.476423 0.870198 0.461287 0.881476 0.485204 0.858851 0.443372 0.900515 0.450324 0.891662 0.453505 0.904229 0.458093 0.893161 0.454639 0.886429 0.456554 0.883084 0.485326 0.854566 0.472842 0.864256 0.471423 0.894844 0.460635 0.899885 0.474355 0.888488 0.482586 0.900339 0.492982 0.893397 0.496274 0.907169 0.481966 0.916918 0.484667 0.883917 0.491674 0.880539 0.50509 0.893644 0.500911 0.874555 0.510644 0.873047 0.51192 0.863022 0.472833 0.920249 0.47294 0.940162 0.461507 0.925747 0.464741 0.914317 0.455088 0.912146 0.446088 0.911529 0.475717 0.907568 0.431464 0.912201 0.426298 0.918711 0.425845 0.914107 0.430915 0.909739 0.435195 0.90809 0.431916 0.907603 0.440877 0.907411 0.438042 0.903639 0.441081 0.899613 0.465396 0.871914 0.421863 0.922628 0.423843 0.916259 0.419047 0.920575 0.418071 0.919725 0.42369 0.915135 0.45388 0.94407 0.455706 0.957282 0.447433 0.948529 0.442917 0.933996 0.482102 0.927641 0.415616 0.922913 0.413268 0.922776 0.415181 0.921603 0.441768 0.925377 0.452621 0.93153 0.465671 0.945823 0.453722 0.923555 0.438071 0.917679 0.430173 0.916378 0.438083 0.912924 0.447782 0.888816 0.467416 0.845581 0.432879 0.950252 0.42877 0.940782 0.434699 0.933495 0.424663 0.924532 0.429491 0.921734 0.432021 0.927667 0.419529 0.926069 0.424453 0.911228 0.429331 0.973444 0.419746 0.960464 0.427649 0.95309 0.440514 0.965352 0.417919 0.948796 0.390843 0.976563 0.395888 0.981526 0.389143 0.987428 0.396211 0.969068 0.394696 0.991481 0.410195 0.966595 0.419355 0.975138 0.41001 0.97743 0.425819 0.933045 0.415044 0.925999 0.424885 0.928585 0.413058 0.923555 0.451519 0.878779 0.385617 0.9854 0.396075 0.965016 0.401661 0.959751 0.404334 0.950505 0.409621 0.947605 0.414939 0.954154 0.406872 0.9445 0.415996 0.940985 0.421371 0.942354 0.413361 0.937872 0.409903 0.936389 0.411878 0.93144 0.410573 0.931214 0.412209 0.927203 0.414224 0.927921 0.4113 0.927754 0.412878 0.926251 0.419702 0.938158 0.414996 0.93384 0.417237 0.929579 0.420148 0.932583 0.418018 0.932282 0.419276 0.915408 0.428451 0.902107 0.456174 0.867917 0.407623 0.985501 0.4112 0.925909 0.412106 0.924071 0.3916 0.966317 0.398289 0.957606 0.399873 0.953762 0.40447 0.946354 0.407142 0.939932 0.411617 0.940708 0.408716 0.935776 0.413403 0.921599 0.416579 0.917907 0.434272 0.899885 0.441131 0.890805 0.386242 0.97533 0.410363 0.927018 0.412523 0.922331 0.41298 0.919962 0.448191 0.874768 0.385954 0.969767 0.401651 0.946342 0.408606 0.928484 0.380002 0.980864 0.380431 0.975386 0.400699 0.937435 0.4062 0.932943 0.411402 0.92164 0.421551 0.910973 0.452242 0.857701 0.395927 0.95392 0.369857 0.993785 0.388849 0.959728 0.404153 0.929356 0.408478 0.926019 0.409574 0.92462 0.434295 0.892949 0.38176 0.971511 0.36996 0.984137 0.388263 0.955318 0.397836 0.941732 0.410476 0.922296 0.413036 0.9165 0.380582 0.9675 0.39116 0.950123 0.402738 0.933916 0.419759 0.908063 0.4212 0.904957 0.454093 0.852331 0.416571 0.912108 0.428448 0.895263 0.434752 0.887227 0.44583 0.865199 0.37624 0.973057 0.361391 0.984447 0.383581 0.962578 0.395276 0.944399 0.393292 0.939366 0.408765 0.923322 0.40918 0.922095 0.411046 0.919813 0.422086 0.900258 0.439208 0.870833 0.375989 0.967163 0.384473 0.956856 0.410061 0.92094 0.427278 0.891082 0.365121 0.977867 0.397938 0.934818 0.411087 0.916485 0.429273 0.886999 0.376723 0.958257 0.405344 0.926266 0.405876 0.925271 0.44863 0.848786 0.454757 0.8413 0.390047 0.943703 0.395934 0.936025 0.398579 0.932384 0.400774 0.930726 0.40667 0.923725 0.409703 0.91855 0.411414 0.912605 0.415048 0.908588 0.417186 0.902263 0.425892 0.88274 0.380332 0.953606 0.387301 0.948651 0.407841 0.922142 0.407801 0.920525 0.430119 0.880556 0.436917 0.865222 0.442903 0.856351 0.347521 0.986054 0.357178 0.976117 0.371653 0.961138 0.403347 0.927716 0.386964 0.946235 0.38909 0.941986 0.362856 0.970023 0.408496 0.91924 0.418673 0.89161 0.445163 0.844616 0.385257 0.947209 0.443703 0.850536 0.447804 0.836924 0.41632 0.898983 0.432592 0.86693 0.382212 0.946666 0.386043 0.941826 0.434859 0.858977 0.43691 0.852028 0.379458 0.949652 0.39159 0.933898 0.398697 0.929628 0.40463 0.923696 0.401197 0.926611 0.407111 0.920803 0.409101 0.916778 0.424745 0.877483 0.344624 0.979272 0.369345 0.959215 0.355425 0.971102 0.361192 0.966758 0.373136 0.953409 0.407269 0.919117 0.406831 0.917579 0.408332 0.914477 0.41312 0.900562 0.410413 0.907588 0.418825 0.88576 0.424339 0.870548 0.439528 0.839414 0.44301 0.82892 0.208008 0.888315 0.219114 0.8711 0.228247 0.881439 0.246479 0.909118 0.23541 0.86625 0.220228 0.855151 0.236801 0.85771 0.279195 0.906439 0.263605 0.906256 0.266059 0.886724 0.252391 0.864705 0.251791 0.874707 0.265124 0.870061 0.259752 0.865463 0.360235 0.961209 0.376298 0.944339 0.382768 0.937492 0.40223 0.923364 0.405537 0.920751 0.408148 0.911464 0.304664 0.832364 0.314071 0.843288 0.301198 0.837038 0.320023 0.834235 0.313193 0.824924 0.331876 0.856264 0.327054 0.840507 0.428262 0.863768 0.430789 0.851104 0.43325 0.846434 0.435987 0.833666 0.328642 0.990982 0.337248 0.978922 0.345306 0.971925 0.285599 0.95054 0.258293 0.947755 0.281907 0.935601 0.220475 0.852251 0.282146 0.884436 0.27494 0.870759 0.325024 0.876532 0.312892 0.884383 0.303171 0.87595 0.306637 0.859184 0.307056 0.850719 0.312082 0.852675 0.316734 0.858505 0.308274 0.842518 0.320927 0.826503 0.346652 0.849572 0.34108 0.871784 0.331213 0.823039 0.359305 0.843846 0.358633 0.856684 0.326007 0.816406 0.414819 0.894896 0.423429 0.875796 0.424435 0.832712 0.443113 0.82324 0.296047 0.939025 0.211087 0.952691 0.248462 0.923854 0.270088 0.919595 0.306183 0.903363 0.302502 0.882838 0.286115 0.875613 0.312417 0.893693 0.34912 0.872278 0.347195 0.826988 0.374241 0.871376 0.376287 0.853745 0.364857 0.828749 0.390073 0.856309 0.392213 0.834103 0.38638 0.870935 0.403027 0.870806 0.404598 0.848442 0.416073 0.8634 0.413273 0.817319 0.238408 0.848442 0.248298 0.853126 0.254805 0.855035 0.29524 0.868263 0.302279 0.871405 0.280503 0.844505 0.280897 0.835546 0.352576 0.963736 0.395928 0.927385 0.399486 0.924063 0.40627 0.919703 0.320775 0.900718 0.314109 0.903201 0.316875 0.868682 0.329521 0.889521 0.337137 0.890997 0.292066 0.84424 0.301674 0.845161 0.359056 0.880753 0.365883 0.896843 0.350929 0.894221 0.407077 0.882492 0.394372 0.882189 0.409378 0.904052 0.41912 0.878941 0.259935 0.856312 0.268322 0.86044 0.274015 0.861913 0.283822 0.86498 0.295315 0.856436 0.369595 0.95049 0.37239 0.943755 0.397682 0.926078 0.406763 0.914578 0.313418 0.923874 0.321289 0.922007 0.350192 0.905078 0.356474 0.914996 0.3663 0.90715 0.372426 0.89948 0.405169 0.896953 0.415149 0.88554 0.299553 0.924278 0.31027 0.952445 0.328856 0.935749 0.327512 0.919185 0.338704 0.920587 0.346911 0.93445 0.347142 0.91853 0.329445 0.904191 0.305731 0.972462 0.388631 0.882084 0.382838 0.900949 0.393714 0.897101 0.400675 0.889555 0.392951 0.874826 0.404861 0.904992 0.321597 0.987589 0.324013 0.981557 0.345423 0.967432 0.28263 0.85652 0.292497 0.848716 0.269154 0.844331 0.358932 0.957188 0.368387 0.946707 0.37796 0.939409 0.38761 0.932567 0.372161 0.918967 0.372599 0.932136 0.363976 0.930625 0.38273 0.923117 0.380855 0.930575 0.379082 0.911214 0.38807 0.919575 0.401949 0.92239 0.404046 0.919995 0.398615 0.917495 0.393085 0.917002 0.397984 0.914319 0.395532 0.923493 0.40251 0.91506 0.405209 0.918584 0.402439 0.911731 0.319791 0.970442 0.334963 0.96663 0.346028 0.961016 0.361316 0.949136 0.362696 0.938929 0.393897 0.926742 0.383869 0.9078 0.391901 0.90892 0.26496 0.841 0.256219 0.846715 0.271712 0.84903 0.404544 0.511555 0.404779 0.520259 0.400354 0.516461 0.38392 0.536398 0.384573 0.53715 0.383146 0.538576 0.393593 0.521337 0.396484 0.520216 0.394259 0.525709 0.398148 0.516456 0.395753 0.518072 0.400724 0.513492 0.4074 0.506525 0.409835 0.507583 0.411171 0.503311 0.389783 0.532669 0.392577 0.536719 0.39045 0.537308 0.401389 0.537559 0.40543 0.540669 0.39655 0.53874 0.400412 0.53377 0.411893 0.536482 0.404154 0.532535 0.410135 0.526329 0.416823 0.535259 0.42287 0.525308 0.394306 0.532578 0.396823 0.531317 0.389403 0.529009 0.40072 0.526481 0.383009 0.537534 0.387247 0.532887 0.384869 0.534394 0.390939 0.523601 0.390337 0.526969 0.449083 0.535733 0.442442 0.54309 0.44567 0.531506 0.436167 0.533391 0.437229 0.541103 0.428689 0.536614 0.434083 0.530965 0.424907 0.530694 0.436971 0.52478 0.44397 0.526244 0.441305 0.519591 0.420784 0.520875 0.425495 0.516132 0.416101 0.517469 0.421698 0.511554 0.418017 0.504815 0.40493 0.505943 0.407618 0.503013 0.411166 0.500622 0.423582 0.540394 0.398365 0.54352 0.388542 0.54153 0.390301 0.540671 0.404405 0.527761 0.413596 0.511507 0.385815 0.526299 0.468375 0.538767 0.459795 0.537401 0.462495 0.53371 0.45603 0.528995 0.452267 0.523504 0.432002 0.510014 0.416889 0.499757 0.39105 0.51724 0.465711 0.526067 0.427408 0.504372 0.399552 0.50874 0.413976 0.493903 0.477744 0.536018 0.474297 0.525965 0.454475 0.518598 0.442526 0.512904 0.436412 0.505444 0.419351 0.496185 0.428119 0.49832 0.407491 0.494281 0.488064 0.533248 0.482376 0.52377 0.493483 0.525409 0.471317 0.518957 0.47944 0.51284 0.451435 0.509094 0.491758 0.5338 0.503063 0.528239 0.378451 0.536405 0.389108 0.52082 0.473348 0.512462 0.484744 0.496658 0.484295 0.503152 0.475386 0.504033 0.478206 0.491258 0.486932 0.489237 0.42671 0.48732 0.436359 0.493683 0.451257 0.461429 0.445806 0.469125 0.444683 0.465303 0.461618 0.459351 0.454434 0.463528 0.381229 0.533213 0.38348 0.52971 0.394189 0.51177 0.47259 0.48532 0.42121 0.484477 0.433469 0.480412 0.440331 0.483655 0.43023 0.478788 0.445036 0.477578 0.435955 0.473112 0.450023 0.473856 0.453684 0.470593 0.432074 0.474777 0.440409 0.466768 0.465146 0.46835 0.478303 0.457537 0.468527 0.461631 0.471324 0.450625 0.485407 0.454554 0.477069 0.447925 0.465182 0.507698 0.469367 0.496311 0.447466 0.497665 0.459226 0.495685 0.459264 0.486106 0.475168 0.479805 0.480591 0.469382 0.399946 0.501842 0.468471 0.478089 0.460416 0.478596 0.469735 0.471936 0.460735 0.471269 0.459154 0.454486 0.464405 0.470384 0.444786 0.455851 0.472367 0.443973 0.452459 0.447668 0.383539 0.524944 0.39324 0.509182 0.394219 0.502876 0.399958 0.498459 0.40831 0.488461 0.423686 0.47398 0.425545 0.471123 0.427914 0.466654 0.464083 0.441166 0.38361 0.514839 0.435991 0.457639 0.402266 0.493174 0.415784 0.477686 0.389385 0.510145 0.403392 0.490414 0.385922 0.512938 0.300838 0.45125 0.300679 0.45043 0.304276 0.452029 0.396312 0.498251 0.376555 0.53395 0.380075 0.523745 0.380406 0.517077 0.442916 0.449314 0.377622 0.529906 0.303911 0.450039 0.30204 0.453781 0.308093 0.451647 0.309258 0.454674 0.39203 0.499824 0.398379 0.490732 0.387176 0.507823 0.311869 0.453759 0.41799 0.469754 0.420119 0.464178 0.377125 0.531346 0.378372 0.526248 0.313138 0.451039 0.296317 0.449861 0.29618 0.452704 0.306288 0.447934 0.309154 0.449269 0.388772 0.504284 0.401729 0.4866 0.406755 0.479314 0.432788 0.451315 0.424092 0.458808 0.375545 0.536273 0.398066 0.486886 0.298956 0.457275 0.30787 0.458484 0.388384 0.495973 0.435049 0.446132 0.446089 0.43664 0.453221 0.431121 0.301197 0.457909 0.309011 0.446451 0.314658 0.457754 0.316911 0.45405 0.387983 0.499832 0.393895 0.491205 0.402182 0.480748 0.396363 0.489589 0.395423 0.487532 0.298257 0.463118 0.302596 0.460775 0.296164 0.445464 0.300286 0.44518 0.311932 0.459527 0.317038 0.449361 0.388069 0.49066 0.375109 0.534163 0.377569 0.524136 0.292264 0.448899 0.379971 0.513776 0.412093 0.46991 0.415848 0.464531 0.376281 0.529182 0.380942 0.509741 0.293201 0.454021 0.3176 0.457963 0.322797 0.450382 0.405715 0.476668 0.37775 0.51866 0.408699 0.465838 0.373934 0.535809 0.383377 0.504082 0.308823 0.46141 0.302434 0.442649 0.323116 0.456143 0.319628 0.44526 0.329645 0.454059 0.424119 0.453013 0.428296 0.451572 0.420062 0.454405 0.429634 0.446119 0.441052 0.433664 0.447879 0.42482 0.463323 0.424918 0.380617 0.505427 0.374132 0.532513 0.375093 0.527565 0.290766 0.445735 0.294523 0.439192 0.306643 0.46334 0.299003 0.441717 0.312623 0.441375 0.32635 0.448598 0.379083 0.507427 0.374975 0.52373 0.302414 0.46485 0.319357 0.460106 0.291059 0.433707 0.297733 0.432242 0.294485 0.42466 0.299873 0.423525 0.322432 0.435058 0.326782 0.456328 0.383234 0.498364 0.394372 0.481641 0.399148 0.477675 0.424191 0.444719 0.46357 0.412651 0.481852 0.411347 0.306638 0.424814 0.311192 0.418382 0.328187 0.41903 0.310406 0.405173 0.323634 0.407303 0.360677 0.459453 0.363161 0.463263 0.36101 0.461327 0.366953 0.465427 0.363916 0.456273 0.391885 0.485332 0.363087 0.463919 0.286367 0.45257 0.282753 0.450017 0.284 0.445421 0.282953 0.440962 0.286482 0.43548 0.261262 0.400834 0.276736 0.395615 0.27834 0.399263 0.285296 0.39748 0.294874 0.403174 0.318313 0.52614 0.323786 0.520512 0.323689 0.523864 0.352614 0.515785 0.355993 0.515421 0.350771 0.517757 0.355052 0.514147 0.293012 0.460855 0.376421 0.516467 0.376894 0.511091 0.290103 0.42812 0.302668 0.415758 0.306789 0.409598 0.330474 0.460583 0.3423 0.448206 0.346165 0.419623 0.338028 0.416348 0.304992 0.398631 0.299953 0.403812 0.319325 0.40166 0.332833 0.397357 0.43315 0.433646 0.448395 0.414411 0.480844 0.401747 0.460786 0.393043 0.331585 0.520417 0.33406 0.520334 0.334198 0.522676 0.359877 0.461512 0.206121 0.429697 0.199194 0.416705 0.213 0.420156 0.214715 0.432373 0.222944 0.426994 0.223656 0.420315 0.23049 0.429753 0.251119 0.408332 0.255031 0.404429 0.256419 0.411126 0.288024 0.45852 0.263722 0.407247 0.271199 0.414964 0.276835 0.411829 0.284225 0.431647 0.281991 0.420737 0.285832 0.417273 0.253366 0.402843 0.26778 0.395391 0.257255 0.374773 0.252299 0.377105 0.263496 0.366953 0.268346 0.371277 0.273994 0.366141 0.293523 0.396499 0.281005 0.350307 0.286093 0.3629 0.29223 0.578601 0.286763 0.573195 0.298551 0.572802 0.31603 0.463474 0.314639 0.541561 0.31385 0.527691 0.320939 0.53235 0.324338 0.537259 0.32579 0.528239 0.336654 0.537951 0.304548 0.525205 0.307629 0.528532 0.302418 0.53001 0.35148 0.450975 0.347558 0.446756 0.357388 0.440704 0.325283 0.518717 0.307744 0.394599 0.322177 0.390649 0.321743 0.396531 0.312707 0.389596 0.35594 0.536502 0.344409 0.53145 0.356397 0.530652 0.327942 0.381535 0.334231 0.529004 0.343731 0.520265 0.341165 0.52539 0.346907 0.522757 0.375345 0.466816 0.345099 0.518546 0.34954 0.517993 0.372011 0.470741 0.350025 0.51539 0.3782 0.47822 0.373167 0.474177 0.374384 0.47851 0.389378 0.478753 0.385085 0.485019 0.382353 0.494399 0.358182 0.522154 0.361178 0.515149 0.360641 0.51314 0.364054 0.51123 0.364638 0.513599 0.366076 0.511489 0.372489 0.534153 0.37365 0.527232 0.374463 0.520876 0.372424 0.513937 0.194338 0.415617 0.217452 0.412281 0.283582 0.408409 0.245794 0.3696 0.251486 0.355914 0.295361 0.563553 0.308832 0.569974 0.339436 0.433983 0.305365 0.541081 0.328858 0.540842 0.340142 0.406046 0.364206 0.43094 0.376907 0.421065 0.321048 0.372822 0.32493 0.3674 0.354946 0.403363 0.339967 0.386985 0.362396 0.53314 0.364982 0.52369 0.208341 0.410042 0.357124 0.512514 0.361151 0.46545 0.354419 0.456448 0.350254 0.454544 0.381432 0.501774 0.207497 0.433273 0.220031 0.43559 0.225311 0.434083 0.223405 0.416545 0.217453 0.409127 0.231008 0.433089 0.230538 0.42669 0.232444 0.432688 0.280821 0.449012 0.267424 0.417701 0.280314 0.431903 0.258869 0.397769 0.251859 0.619468 0.260653 0.614091 0.270361 0.61547 0.271664 0.611156 0.280444 0.609314 0.275412 0.390106 0.297097 0.392291 0.281475 0.611334 0.305892 0.57673 0.310908 0.574841 0.313269 0.568222 0.281356 0.578246 0.282943 0.571463 0.292051 0.560335 0.303243 0.549796 0.298653 0.55026 0.343517 0.453729 0.363245 0.449516 0.305461 0.387783 0.307003 0.383593 0.302896 0.36594 0.311371 0.361683 0.306593 0.369582 0.33274 0.387428 0.334893 0.374998 0.367425 0.472456 0.37993 0.484346 0.385038 0.489444 0.398821 0.472015 0.403511 0.465896 0.426489 0.436158 0.438692 0.418629 0.323377 0.556069 0.313004 0.556751 0.322715 0.548559 0.301209 0.537582 0.326672 0.54259 0.31364 0.524903 0.318007 0.523019 0.339642 0.518459 0.364767 0.508663 0.370964 0.510014 0.372463 0.532776 0.367847 0.529125 0.378674 0.50481 0.203524 0.430143 0.194173 0.419979 0.351254 0.458442 0.364417 0.468487 0.227487 0.435915 0.232219 0.422213 0.252928 0.412703 0.245149 0.404294 0.277959 0.445942 0.260383 0.417113 0.276483 0.424497 0.275371 0.427423 0.266684 0.390625 0.265447 0.380926 0.285167 0.39153 0.245921 0.615066 0.289172 0.3694 0.275324 0.374745 0.290977 0.383186 0.298493 0.382919 0.293427 0.368561 0.293775 0.3583 0.295873 0.468526 0.299866 0.470888 0.323196 0.463549 0.336899 0.456154 0.356763 0.461885 0.294443 0.389864 0.298922 0.361829 0.329968 0.363062 0.340086 0.372457 0.338265 0.358327 0.298483 0.355247 0.312916 0.355695 0.326596 0.546927 0.302074 0.525686 0.329459 0.515131 0.333454 0.515882 0.346282 0.515416 0.393456 0.465355 0.378161 0.46139 0.394088 0.446847 0.358901 0.511174 0.414113 0.443554 0.421277 0.439844 0.54732 0.345784 0.268018 0.341797 0.322012 0.567026 0.321728 0.563285 0.371469 0.435626 0.355729 0.38086 0.370816 0.385147 0.365889 0.367023 0.374054 0.397417 0.329958 0.548311 0.337164 0.546915 0.388466 0.401974 0.387314 0.363676 0.344531 0.544944 0.398812 0.374206 0.357395 0.543257 0.384677 0.432364 0.400801 0.410765 0.367673 0.537339 0.35325 0.512638 0.200788 0.434846 0.230488 0.417142 0.234693 0.434026 0.247241 0.407399 0.249593 0.41834 0.242678 0.415184 0.280718 0.453591 0.263488 0.422911 0.274237 0.442155 0.258705 0.380513 0.287146 0.388457 0.280747 0.377729 0.221984 0.616987 0.21365 0.598455 0.226868 0.600617 0.229402 0.611724 0.188779 0.589857 0.194996 0.578287 0.208518 0.583091 0.211336 0.568057 0.210879 0.559241 0.303648 0.585099 0.307399 0.584745 0.227853 0.587195 0.224326 0.577751 0.234157 0.571954 0.234313 0.556833 0.278401 0.57948 0.304176 0.468615 0.289139 0.46435 0.241901 0.555454 0.230162 0.552228 0.224085 0.562754 0.327363 0.463837 0.335789 0.460008 0.240149 0.552028 0.276256 0.572866 0.280446 0.566709 0.285585 0.558538 0.289811 0.553127 0.296325 0.545071 0.322282 0.355852 0.29761 0.536191 0.37025 0.479917 0.374826 0.484899 0.380121 0.489643 0.41769 0.434065 0.426915 0.421318 0.444417 0.400991 0.308176 0.520734 0.320954 0.512955 0.31645 0.519206 0.342484 0.515993 0.368596 0.508401 0.374636 0.507147 0.192479 0.425635 0.208639 0.44009 0.217941 0.440165 0.222234 0.407629 0.231594 0.436532 0.276938 0.43568 0.253033 0.397323 0.258532 0.393219 0.255466 0.384348 0.271889 0.379531 0.278762 0.384935 0.230782 0.590839 0.168638 0.604469 0.179794 0.591677 0.200992 0.564881 0.270775 0.606279 0.2964 0.586883 0.235945 0.577186 0.271803 0.5787 0.243527 0.559819 0.239584 0.549377 0.245916 0.548456 0.294011 0.54364 0.320282 0.467951 0.345729 0.458638 0.359841 0.4702 0.37368 0.489108 0.427952 0.398861 0.299494 0.524543 0.348425 0.512565 0.351653 0.510146 0.188867 0.606445 0.416885 0.386731 0.337865 0.514376 0.225442 0.441053 0.23844 0.43102 0.239134 0.406784 0.281122 0.457997 0.272906 0.446925 0.269911 0.429789 0.246814 0.38445 0.272331 0.386079 0.238754 0.597645 0.297407 0.481059 0.248066 0.608309 0.311772 0.468048 0.290177 0.599719 0.356688 0.465426 0.287612 0.587171 0.367318 0.476396 0.378578 0.49627 0.220566 0.552115 0.232409 0.549426 0.300748 0.51843 0.325114 0.513225 0.340674 0.51205 0.344693 0.509745 0.362858 0.50668 0.377571 0.499846 0.275949 0.453917 0.282574 0.462946 0.253356 0.421829 0.235228 0.594037 0.182738 0.572291 0.264916 0.385338 0.194905 0.55665 0.288754 0.471036 0.30062 0.476176 0.305261 0.471737 0.316632 0.468999 0.34241 0.461421 0.350161 0.461376 0.354898 0.464744 0.365883 0.479374 0.274927 0.586503 0.377742 0.49489 0.293923 0.533949 0.311796 0.51841 0.368122 0.504686 0.230506 0.444298 0.235309 0.421751 0.272132 0.450709 0.272294 0.438494 0.246059 0.396715 0.236632 0.388849 0.245473 0.391087 0.250252 0.389296 0.257152 0.387401 0.252102 0.393067 0.334618 0.465306 0.241651 0.603411 0.142325 0.595494 0.170691 0.585089 0.356266 0.469082 0.204747 0.552889 0.277241 0.60147 0.367887 0.481833 0.360444 0.474286 0.37058 0.485786 0.244628 0.574648 0.272324 0.570133 0.250895 0.563638 0.28697 0.546526 0.288283 0.540497 0.292805 0.525783 0.309013 0.517143 0.295808 0.491079 0.298096 0.48898 0.33426 0.512648 0.33016 0.51141 0.331368 0.508656 0.329662 0.508125 0.349891 0.508598 0.354434 0.508857 0.363709 0.50512 0.372124 0.504065 0.374469 0.502307 0.195488 0.439775 0.21626 0.446759 0.228656 0.410245 0.238786 0.403501 0.266253 0.447196 0.260666 0.426552 0.270881 0.433906 0.239786 0.392414 0.2909 0.477899 0.362166 0.475627 0.287854 0.595025 0.300883 0.592172 0.28944 0.591504 0.266091 0.57711 0.247476 0.548526 0.245518 0.543608 0.281431 0.549829 0.261247 0.603847 0.243405 0.581459 0.273725 0.589243 0.261846 0.584356 0.253284 0.549137 0.301016 0.510651 0.299617 0.515656 0.298832 0.498239 0.302497 0.503707 0.298125 0.502021 0.310195 0.503553 0.32588 0.508569 0.337255 0.510364 0.358609 0.506512 0.239216 0.424921 0.240257 0.437977 0.245578 0.421912 0.286734 0.476942 0.284609 0.467777 0.290148 0.486197 0.301984 0.49024 0.307348 0.474238 0.33046 0.469732 0.337635 0.465381 0.261724 0.598487 0.348402 0.51016 0.255559 0.599279 0.243476 0.587786 0.224888 0.539303 0.232728 0.540274 0.287413 0.53432 0.294592 0.51084 0.298312 0.507234 0.320416 0.508574 0.335839 0.508477 0.374006 0.501306 0.229076 0.405217 0.225204 0.405803 0.225326 0.400658 0.234862 0.411027 0.241497 0.424574 0.238809 0.412625 0.251728 0.42721 0.27583 0.457445 0.263626 0.43307 0.243086 0.396634 0.305348 0.479205 0.345588 0.469143 0.365305 0.481915 0.366752 0.484197 0.35944 0.478777 0.371665 0.493031 0.373182 0.493652 0.177177 0.563207 0.258675 0.591159 0.275965 0.555993 0.288197 0.483411 0.215696 0.541311 0.307776 0.51371 0.283752 0.491753 0.312935 0.5143 0.340108 0.509823 0.367339 0.500566 0.37184 0.499608 0.36938 0.497676 0.177805 0.433787 0.198505 0.4505 0.234743 0.404261 0.249106 0.435263 0.275035 0.465709 0.267923 0.438193 0.236809 0.39596 0.312911 0.477246 0.340626 0.465988 0.354243 0.468171 0.350672 0.46767 0.34819 0.465315 0.3636 0.48254 0.368676 0.490618 0.281548 0.48676 0.254023 0.54058 0.310072 0.508919 0.286628 0.49945 0.308831 0.496663 0.314974 0.505663 0.319531 0.506075 0.346971 0.509131 0.354397 0.504318 0.23345 0.400283 0.28415 0.474543 0.274995 0.461929 0.306668 0.485188 0.318321 0.474532 0.168514 0.572616 0.36349 0.484676 0.250416 0.594029 0.367291 0.487196 0.248924 0.58956 0.249751 0.58063 0.254829 0.56307 0.261869 0.574358 0.281109 0.481805 0.28055 0.543252 0.256088 0.542832 0.282574 0.520473 0.284612 0.516405 0.309034 0.491865 0.312098 0.511152 0.334825 0.50679 0.332702 0.505485 0.359736 0.503709 0.189581 0.444552 0.2137 0.452304 0.226345 0.450515 0.269905 0.455085 0.25236 0.439881 0.260692 0.436174 0.146504 0.585476 0.357046 0.473899 0.272989 0.553333 0.26023 0.54789 0.243376 0.539596 0.280968 0.538032 0.288425 0.508037 0.315978 0.498329 0.348416 0.507142 0.356928 0.50404 0.241878 0.441229 0.230328 0.45269 0.27964 0.474733 0.309854 0.479429 0.326157 0.470189 0.336665 0.469487 0.339944 0.467737 0.344012 0.466938 0.259573 0.570955 0.267214 0.552458 0.364407 0.495747 0.1928 0.543399 0.259831 0.562727 0.272279 0.547392 0.340213 0.507099 0.339179 0.506708 0.336864 0.500686 0.325609 0.501929 0.351427 0.505166 0.361529 0.501149 0.269222 0.46007 0.263087 0.446624 0.353487 0.474373 0.365477 0.490219 0.365041 0.494275 0.184247 0.547808 0.248941 0.532867 0.276129 0.526432 0.321382 0.500281 0.332051 0.502596 0.344909 0.50681 0.362148 0.498905 0.180709 0.447454 0.25397 0.446383 0.264973 0.452582 0.312031 0.481905 0.101678 0.595542 0.157758 0.563639 0.228276 0.533053 0.361207 0.483333 0.36213 0.486874 0.264246 0.547806 0.32199 0.47528 0.277277 0.513286 0.276091 0.499515 0.276165 0.492773 0.312814 0.495356 0.189647 0.458155 0.239072 0.453018 0.270562 0.464834 0.250104 0.451741 0.349833 0.471315 0.178351 0.54262 0.260284 0.537112 0.279144 0.50416 0.337355 0.504897 0.342597 0.506053 0.346226 0.505253 0.357821 0.500561 0.359854 0.4985 0.213875 0.457737 0.224235 0.456699 0.274113 0.476821 0.341128 0.471617 0.347006 0.470779 0.18835 0.533543 0.241336 0.532879 0.356545 0.478263 0.363569 0.490793 0.270542 0.533195 0.206615 0.535398 0.218379 0.527332 0.124924 0.575135 0.265412 0.496065 0.341369 0.505772 0.352926 0.502396 0.355775 0.500785 0.244544 0.44912 0.274575 0.487977 0.258757 0.45461 0.313055 0.487346 0.318574 0.481175 0.327685 0.475346 0.332576 0.47326 0.357648 0.483609 0.263442 0.53024 0.269149 0.527428 0.355606 0.475112 0.35422 0.477109 0.260493 0.459257 0.269896 0.472766 0.158716 0.550291 0.337241 0.473861 0.351666 0.474668 0.273294 0.520007 0.166153 0.443607 0.175251 0.45982 0.205272 0.526279 0.327844 0.498775 0.204676 0.46367 0.222056 0.46148 0.267828 0.468332 0.318783 0.478654 0.236846 0.525717 0.229048 0.528042 0.34791 0.502666 0.350941 0.502111 0.359215 0.494344 0.361535 0.493159 0.194303 0.466766 0.217031 0.464025 0.266435 0.491055 0.269437 0.486041 0.186766 0.523779 0.26191 0.463515 0.251757 0.454741 0.271089 0.510679 0.264138 0.502556 0.345649 0.473337 0.349333 0.473936 0.361347 0.489226 0.359298 0.487017 0.354538 0.482561 0.31669 0.490889 0.0868908 0.584813 0.125512 0.550953 0.164748 0.532917 0.244277 0.45828 0.25787 0.460273 0.264955 0.521855 0.264891 0.466246 0.316268 0.485886 0.34425 0.475258 0.357078 0.495969 0.167506 0.487965 0.150587 0.481887 0.172591 0.472641 0.185972 0.479437 0.226791 0.467769 0.234624 0.457512 0.220013 0.518028 0.207042 0.514347 0.241956 0.525958 0.25177 0.52604 0.254289 0.478015 0.340537 0.504272 0.330576 0.497461 0.333647 0.497515 0.345932 0.502191 0.34862 0.476089 0.0709234 0.569881 0 0.604648 0.102922 0.550898 0.08666 0.543819 0.126392 0.532633 0.154484 0.470261 0.15163 0.447128 0.166577 0.512597 0.184909 0.498829 0.187637 0.512355 0.209196 0.47257 0.321362 0.493525 0.326733 0.478448 0.247084 0.463016 0.265322 0.469903 0.338844 0.501355 0.220805 0.511753 0.338521 0.477819 0.335018 0.478797 0.151501 0.499827 0.246507 0.523001 0.220895 0.472029 0.357886 0.490927 0.350665 0.478315 0.256209 0.498168 0.257776 0.491944 0.266926 0.516881 0.257979 0.472736 0.254412 0.468336 0.331565 0.479145 0.352524 0.499037 0.341768 0.475901 0.343436 0.478209 0.130551 0.500311 0.127629 0.47346 0.0858524 0.503386 0.208727 0.501441 0.177278 0.505203 0.211178 0.485607 0.220924 0.503796 0.332597 0.496642 0.341793 0.503283 0.257334 0.467499 0.260535 0.469899 0.262461 0.467408 0.347646 0.499756 0.350409 0.496353 0.318554 0.488369 0.319038 0.485001 0.324358 0.481208 0.236592 0.463301 0.352341 0.482374 0.326955 0.494325 0.32946 0.494704 0.336287 0.498426 0.333511 0.494656 0.332905 0.492488 0.34264 0.501707 0.341002 0.500976 0.338816 0.497949 0.233183 0.518532 0.355617 0.495707 0.25674 0.520172 0.231905 0.48086 0.260848 0.509958 0.240648 0.459915 0.268302 0.513441 0.248033 0.488624 0.247026 0.480374 0.355733 0.489632 0.231302 0.493501 0.260591 0.466487 0.339628 0.498779 0.352868 0.495364 0.358478 0.493131 0.260627 0.51541 0.328852 0.48106 0.358493 0.492481 0.256004 0.507078 0.238002 0.4712 0.248179 0.495212 0.354498 0.488152 0.336172 0.495027 0.246627 0.468293 0.241368 0.518127 0.341234 0.495201 0.234554 0.512481 0.326771 0.484564 0.239479 0.48191 0.243997 0.472254 0.333745 0.483233 0.324195 0.490532 0.336047 0.486647 0.336826 0.481393 0.341157 0.481088 0.330896 0.491026 0.327683 0.490747 0.346206 0.477597 0.348375 0.47937 0.238083 0.491868 0.236257 0.505914 0.325473 0.487649 0.339837 0.494433 0.341644 0.499139 0.346238 0.498395 0.242445 0.511017 0.333848 0.487585 0.331388 0.487392 0.355465 0.492761 0.257081 0.515998 0.251419 0.511765 0.247072 0.517121 0.327285 0.487458 0.240437 0.463718 0.344442 0.482132 0.347065 0.483764 0.349894 0.484012 0.352746 0.48764 0.337252 0.491061 0.348437 0.494915 0.355878 0.491662 0.346123 0.495203 0.352272 0.4924 0.352666 0.490566 0.351805 0.488994 0.341637 0.491399 0.341372 0.487109 0.343446 0.498146 0.344298 0.486925 0.349556 0.486847 0.349979 0.489855 0.34389 0.494013 0.343506 0.489969 0.346084 0.489011 0.350356 0.492152 0.351859 0.487863 0.347252 0.492404 0.347776 0.491483 0.344422 0.492124 0.971405 0.0098972 0.954766 0.0212642 0.955211 0.00566644 0.89623 0.111137 0.896675 0.112706 0.895299 0.112575 0.894952 0.110416 0.874353 0.0178117 0.892302 0.019068 0.884936 0.0256768 0.894149 0.11174 0.899403 0.112895 0.898368 0.110561 0.898502 0.11407 0.867326 0.0234305 0.848515 0.021715 0.866267 0.0127856 0.853836 0.0369907 0.871255 0.034044 0.905491 0.0209554 0.90443 0.0309241 0.917522 0.0369938 0.906454 0.0394012 0.934064 0.0451687 0.943165 0.0268125 0.945793 0.041998 0.913924 0.0474903 0.912644 0.0541888 0.870006 0.00378373 0.929992 0.0152005 0.941478 0 0.922276 0.0229841 0.913644 0.0127452 0.905125 0.00114414 0.973915 0.0264574 0.978389 0.0398634 0.96547 0.0398857 0.963846 0.0491305 0.959437 0.0595692 0.941667 0.0550221 0.973923 0.0768341 0.95611 0.0726619 0.89547 0.113519 0.842695 0.0335057 0.834726 0.0276136 0.838238 0.0477792 0.889742 0.0396596 0.878878 0.0398502 0.893472 0.0500266 0.937141 0.0599161 0.921304 0.0561243 0.896304 0.06179 0.914358 0.071843 0.922666 0.0678769 0.938443 0.0688795 0.928196 0.0793985 0.90586 0.0719132 0.916517 0.0795106 0.955639 0.121369 0.956751 0.110157 0.96721 0.123969 0.951799 0.0893407 0.965124 0.0907494 0.944212 0.101367 0.931227 0.106329 0.946424 0.120074 0.935827 0.121654 0.961223 0.126467 0.946057 0.124167 0.939772 0.122789 0.856784 0.0451586 0.875461 0.0473401 0.840696 0.053562 0.904757 0.10859 0.910546 0.112967 0.905354 0.115009 0.904088 0.113683 0.88916 0.111097 0.8877 0.11064 0.88933 0.109125 0.893032 0.109793 0.89166 0.111826 0.890402 0.112428 0.894447 0.114304 0.829138 0.0362855 0.829607 0.0496009 0.832757 0.0594366 0.912937 0.0937291 0.944339 0.0835557 0.940619 0.0942646 0.926185 0.0917048 0.924749 0.118114 0.92091 0.113882 0.916465 0.109793 0.916271 0.118599 0.970679 0.134054 0.926458 0.121219 0.854713 0.0515614 0.845496 0.0575199 0.891011 0.0523581 0.842096 0.0718542 0.910097 0.107591 0.907764 0.102256 0.90122 0.106292 0.902969 0.0988077 0.895999 0.10142 0.898239 0.0974928 0.895354 0.107301 0.887665 0.107946 0.890637 0.106149 0.888535 0.112078 0.885859 0.110717 0.90957 0.116447 0.89699 0.114738 0.900346 0.0800516 0.911792 0.0859389 0.915456 0.101024 0.965903 0.10716 0.87893 0.0540444 0.858354 0.0610429 0.863843 0.065476 0.90332 0.0853409 0.905372 0.0908996 0.893942 0.0850711 0.899087 0.0920339 0.886349 0.109351 0.912385 0.12092 0.838328 0.0765513 0.826782 0.0684087 0.812876 0.054278 0.815673 0.0586766 0.827287 0.0617229 0.953522 0.138441 0.935369 0.130362 0.853396 0.0678302 0.871647 0.0936815 0.86259 0.0919868 0.86714 0.0845404 0.876622 0.101427 0.893632 0.0928591 0.891607 0.102082 0.885418 0.105568 0.905342 0.118522 0.82286 0.0652034 0.916911 0.126892 0.882382 0.10673 0.88473 0.108808 0.848521 0.074081 0.845743 0.0814539 0.857306 0.0798943 0.849405 0.0840429 0.870935 0.0788146 0.856148 0.0879415 0.860735 0.0924689 0.8818 0.0657212 0.879689 0.080006 0.886661 0.0901536 0.88209 0.0915814 0.877073 0.0888447 0.87414 0.101939 0.87818 0.0967094 0.884261 0.0978461 0.881121 0.102436 0.878736 0.104861 0.880969 0.10425 0.895148 0.0986428 0.886557 0.102402 0.888787 0.0971645 0.890824 0.114063 0.889009 0.0660635 0.886255 0.0779702 0.886518 0.0842415 0.817086 0.0664147 0.84979 0.0865608 0.883112 0.108992 0.827694 0.0758486 0.841179 0.0825808 0.887573 0.0934999 0.865752 0.0969308 0.871507 0.103401 0.89304 0.11588 0.88854 0.113361 0.886599 0.113239 0.906544 0.122505 0.896085 0.118837 0.803656 0.0463769 0.804014 0.0629647 0.923548 0.125151 0.835295 0.0828983 0.8612 0.0996722 0.878873 0.107446 0.888813 0.115028 0.90006 0.118271 0.819369 0.0726275 0.923619 0.133338 0.841424 0.0869646 0.883811 0.112077 0.905301 0.121601 0.806347 0.0662711 0.897539 0.120103 0.977495 0.147245 0.846079 0.0890489 0.849842 0.0965634 0.864696 0.103608 0.880767 0.112307 0.810967 0.0751742 0.797215 0.0596723 0.93445 0.139275 0.913189 0.12828 0.891839 0.11651 0.821756 0.0808773 0.836281 0.0898184 0.907488 0.128843 0.906461 0.124157 0.799648 0.0716197 0.889961 0.116623 0.900556 0.122454 0.899904 0.123216 0.905006 0.12427 0.891132 0.117275 0.950874 0.154219 0.84158 0.0924272 0.893542 0.118226 0.851676 0.103446 0.870872 0.111331 0.887625 0.116301 0.888401 0.116004 0.789152 0.0740018 0.821224 0.0900256 0.886522 0.11637 0.807091 0.0771142 0.840302 0.0954466 0.896526 0.123044 0.859828 0.106669 0.865701 0.111241 0.966441 0.164321 0.935898 0.149473 0.826733 0.0926683 0.833659 0.0976231 0.845575 0.100604 0.908166 0.132867 0.903714 0.129979 0.785612 0.0647694 0.817465 0.0872273 0.917244 0.135948 0.924958 0.143564 0.88219 0.115745 0.88997 0.118965 0.91331 0.13597 0.791951 0.0792393 0.951097 0.159361 0.853799 0.107462 0.887112 0.117536 0.888401 0.117951 0.899321 0.127247 0.894148 0.122037 0.880322 0.11654 0.76747 0.0720972 0.795657 0.089397 0.807368 0.0873209 0.947084 0.163038 0.936576 0.156234 0.925833 0.149292 0.916423 0.141761 0.841914 0.101873 0.874461 0.115646 0.923605 0.155307 0.846426 0.107718 0.892431 0.121871 0.78471 0.189612 0.783522 0.16604 0.793417 0.167892 0.781267 0.0838502 0.812245 0.0947537 0.799191 0.183261 0.802045 0.175264 0.819548 0.177715 0.910598 0.14069 0.911759 0.143869 0.817089 0.096764 0.828526 0.10074 0.861885 0.116118 0.869983 0.114341 0.896653 0.125486 0.893718 0.124082 0.771907 0.148521 0.765834 0.162916 0.757666 0.155195 0.793632 0.185455 0.789076 0.156002 0.796401 0.153643 0.813599 0.185054 0.80115 0.160629 0.822824 0.185189 0.837612 0.186403 0.904656 0.134798 0.839165 0.106592 0.889104 0.120033 0.887621 0.11836 0.898783 0.130021 0.891329 0.123621 0.744141 0.177273 0.752954 0.131833 0.778861 0.140572 0.764662 0.120186 0.780131 0.174534 0.800001 0.141269 0.773134 0.115176 0.826216 0.16916 0.817396 0.156529 0.817951 0.141331 0.835082 0.169847 0.831865 0.160831 0.835695 0.140873 0.861455 0.172815 0.848343 0.163916 0.862084 0.18947 0.866902 0.158785 0.803208 0.0919468 0.930794 0.175285 0.922411 0.169049 0.822084 0.104651 0.833312 0.114399 0.845255 0.146706 0.839078 0.134871 0.852963 0.130452 0.858923 0.141759 0.833892 0.127254 0.848281 0.12606 0.83845 0.121853 0.857147 0.11333 0.863947 0.11731 0.870249 0.117411 0.879293 0.117469 0.893819 0.125496 0.889944 0.121163 0.768424 0.0903224 0.790448 0.0963548 0.80831 0.0988759 0.928885 0.182039 0.920355 0.158841 0.906399 0.139676 0.849185 0.117168 0.859332 0.130662 0.858557 0.120547 0.85082 0.111959 0.87413 0.118761 0.884069 0.118343 0.898801 0.134376 0.780019 0.108089 0.796783 0.127279 0.807151 0.125033 0.812215 0.114212 0.866391 0.149922 0.877629 0.181183 0.884799 0.154848 0.920093 0.187836 0.891113 0.171831 0.890193 0.18486 0.907717 0.185426 0.880859 0.160133 0.903449 0.155211 0.912202 0.165686 0.870032 0.134599 0.878232 0.139917 0.909725 0.147339 0.869165 0.12825 0.878548 0.129873 0.877029 0.119562 0.882724 0.121056 0.886265 0.120521 0.889365 0.121811 0.877789 0.123828 0.882754 0.123502 0.884103 0.130093 0.891411 0.149139 0.889264 0.13804 0.893749 0.127846 0.886763 0.126118"/>
   </IndexedFaceSet>
  </Shape>
 </Scene>
</X3D>
